Timestamp,Redemption Count,Sales Count
2025-11-04 10:00:00,8,7
2025-11-04 10:15:00,23,19
2025-11-04 10:30:00,34,29
2025-11-04 10:45:00,11,33
2025-11-04 11:00:00,21,33
2025-11-04 11:15:00,33,25
2025-11-04 11:30:00,171,184
2025-11-04 11:45:00,33,32
2025-11-04 12:00:00,45,55
2025-11-04 12:15:00,37,36
2025-11-04 12:30:00,60,50
2025-11-04 12:45:00,24,29
2025-11-04 13:00:00,46,48
2025-11-04 13:15:00,58,40
2025-11-04 13:30:00,72,71
2025-11-04 13:45:00,27,23
2025-11-04 14:00:00,48,39
2025-11-04 14:15:00,43,42
2025-11-04 14:30:00,86,61
2025-11-04 14:45:00,31,28
2025-11-04 15:00:00,20,23
2025-11-04 15:15:00,32,32
2025-11-04 15:30:00,69,55
2025-11-04 15:45:00,36,25
2025-11-04 16:00:00,39,47
2025-11-04 16:15:00,30,21
2025-11-04 16:30:00,59,37
2025-11-04 16:45:00,19,19
2025-11-04 17:00:00,12,11
2025-11-04 17:15:00,17,13
2025-11-04 17:30:00,26,14
2025-11-04 17:45:00,3,3
2025-11-04 18:00:00,23,19
2025-11-04 18:15:00,18,21
2025-11-04 18:30:00,12,4
2025-11-04 18:45:00,5,5
2025-11-04 19:00:00,2,2
2025-11-04 19:15:00,9,12
2025-11-04 19:30:00,12,5
2025-11-04 20:00:00,4,4
2025-11-04 20:15:00,9,5
2025-11-04 20:30:00,17,22
2025-11-04 20:45:00,0,2
2025-11-04 21:00:00,1,0
2025-11-04 21:15:00,5,1
2025-11-04 21:30:00,16,7
2025-11-04 21:45:00,1,0
2025-11-04 22:00:00,7,5
2025-11-04 22:15:00,2,0
2025-11-04 22:30:00,6,2
2025-11-04 23:00:00,4,2
2025-11-04 23:30:00,1,0
2025-11-05 06:30:00,13,10
2025-11-05 06:45:00,1,0
2025-11-05 07:00:00,4,0
2025-11-05 07:15:00,3,0
2025-11-05 07:30:00,12,0
2025-11-05 07:45:00,1,0
2025-11-05 08:00:00,5,0
2025-11-05 08:15:00,38,22
2025-11-05 08:30:00,6,3
2025-11-05 08:45:00,6,2
2025-11-05 09:00:00,11,15
2025-11-05 09:15:00,2,6
2025-11-05 09:30:00,11,6
2025-11-05 09:45:00,1,0
2025-11-05 10:00:00,2,10
2025-11-05 10:15:00,8,8
2025-11-05 10:30:00,8,3
2025-11-05 10:45:00,0,1
2025-11-05 11:00:00,64,61
2025-11-05 11:15:00,10,7
2025-11-05 11:30:00,12,8
2025-11-05 11:45:00,9,6
2025-11-05 12:00:00,11,7
2025-11-05 12:15:00,10,17
2025-11-05 12:30:00,14,7
2025-11-05 12:45:00,5,5
2025-11-05 13:00:00,6,3
2025-11-05 13:15:00,9,3
2025-11-05 13:30:00,8,13
2025-11-05 13:45:00,19,18
2025-11-05 14:00:00,6,18
2025-11-05 14:15:00,14,11
2025-11-05 14:30:00,10,6
2025-11-05 14:45:00,125,124
2025-11-05 15:00:00,4,6
2025-11-05 15:15:00,11,4
2025-11-05 15:30:00,23,16
2025-11-05 15:45:00,4,3
2025-11-05 16:00:00,20,29
2025-11-05 16:15:00,28,18
2025-11-05 16:30:00,21,5
2025-11-05 16:45:00,3,4
2025-11-05 17:00:00,13,11
2025-11-05 17:15:00,7,14
2025-11-05 17:30:00,27,17
2025-11-05 17:45:00,3,0
2025-11-05 18:00:00,4,0
2025-11-05 18:15:00,4,1
2025-11-05 18:30:00,12,4
2025-11-05 18:45:00,0,1
2025-11-05 19:00:00,3,0
2025-11-05 19:15:00,3,1
2025-11-05 19:30:00,25,11
2025-11-05 19:45:00,2,1
2025-11-05 20:00:00,2,0
2025-11-05 20:15:00,3,12
2025-11-05 20:30:00,10,4
2025-11-05 21:00:00,1,0
2025-11-05 21:15:00,3,0
2025-11-05 21:30:00,14,2
2025-11-05 22:00:00,1,4
2025-11-05 22:15:00,3,0
2025-11-05 22:30:00,6,0
2025-11-05 22:45:00,1,0
2025-11-05 23:00:00,2,0
2025-11-05 23:30:00,1,1
2025-11-06 00:30:00,0,5
2025-11-06 06:30:00,15,11
2025-11-06 06:45:00,1,0
2025-11-06 07:00:00,5,1
2025-11-06 07:15:00,1,10
2025-11-06 07:30:00,18,6
2025-11-06 08:00:00,6,3
2025-11-06 08:15:00,49,19
2025-11-06 08:30:00,9,5
2025-11-06 08:45:00,14,19
2025-11-06 09:00:00,15,13
2025-11-06 09:15:00,3,3
2025-11-06 09:30:00,22,33
2025-11-06 09:45:00,8,36
2025-11-06 10:00:00,12,10
2025-11-06 10:15:00,30,30
2025-11-06 10:30:00,43,28
2025-11-06 10:45:00,8,11
2025-11-06 11:00:00,22,24
2025-11-06 11:15:00,22,23
2025-11-06 11:30:00,21,12
2025-11-06 11:45:00,20,30
2025-11-06 12:00:00,21,18
2025-11-06 12:15:00,27,24
2025-11-06 12:30:00,29,29
2025-11-06 12:45:00,7,6
2025-11-06 13:00:00,18,46
2025-11-06 13:15:00,45,36
2025-11-06 13:30:00,39,31
2025-11-06 13:45:00,29,32
2025-11-06 14:00:00,45,42
2025-11-06 14:15:00,23,21
2025-11-06 14:30:00,51,60
2025-11-06 14:45:00,141,140
2025-11-06 15:00:00,28,27
2025-11-06 15:15:00,24,21
2025-11-06 15:30:00,45,56
2025-11-06 15:45:00,33,30
2025-11-06 16:00:00,50,34
2025-11-06 16:15:00,14,18
2025-11-06 16:30:00,32,39
2025-11-06 16:45:00,10,10
2025-11-06 17:00:00,18,21
2025-11-06 17:15:00,25,17
2025-11-06 17:30:00,42,12
2025-11-06 17:45:00,7,4
2025-11-06 18:00:00,27,32
2025-11-06 18:15:00,15,10
2025-11-06 18:30:00,20,8
2025-11-06 18:45:00,2,3
2025-11-06 19:00:00,6,5
2025-11-06 19:15:00,4,10
2025-11-06 19:30:00,21,4
2025-11-06 20:00:00,11,9
2025-11-06 20:15:00,1,0
2025-11-06 20:30:00,13,8
2025-11-06 21:00:00,8,6
2025-11-06 21:15:00,6,0
2025-11-06 21:30:00,17,5
2025-11-06 21:45:00,4,4
2025-11-06 22:00:00,1,0
2025-11-06 22:30:00,9,0
2025-11-06 23:00:00,5,1
2025-11-06 23:15:00,2,0
2025-11-06 23:30:00,5,1
2025-11-07 04:30:00,0,1
2025-11-07 06:30:00,4,0
2025-11-07 06:45:00,1,0
2025-11-07 07:00:00,3,0
2025-11-07 07:15:00,4,0
2025-11-07 07:30:00,10,0
2025-11-07 08:00:00,9,5
2025-11-07 08:15:00,24,12
2025-11-07 08:30:00,19,14
2025-11-07 08:45:00,6,5
2025-11-07 09:00:00,7,4
2025-11-07 09:15:00,12,11
2025-11-07 09:30:00,13,9
2025-11-07 09:45:00,1,1
2025-11-07 10:00:00,14,23
2025-11-07 10:15:00,16,8
2025-11-07 10:30:00,26,21
2025-11-07 10:45:00,6,6
2025-11-07 11:00:00,3,0
2025-11-07 11:15:00,6,3
2025-11-07 11:30:00,18,22
2025-11-07 11:45:00,4,7
2025-11-07 12:00:00,11,9
2025-11-07 12:15:00,2,1
2025-11-07 12:30:00,11,36
2025-11-07 12:45:00,7,13
2025-11-07 13:00:00,4,7
2025-11-07 13:15:00,15,14
2025-11-07 13:30:00,27,26
2025-11-07 13:45:00,3,6
2025-11-07 14:00:00,28,37
2025-11-07 14:15:00,11,8
2025-11-07 14:30:00,24,28
2025-11-07 14:45:00,3,7
2025-11-07 15:00:00,10,21
2025-11-07 15:15:00,25,16
2025-11-07 15:30:00,18,20
2025-11-07 15:45:00,18,14
2025-11-07 16:00:00,22,15
2025-11-07 16:15:00,7,6
2025-11-07 16:30:00,45,15
2025-11-07 16:45:00,6,5
2025-11-07 17:00:00,11,10
2025-11-07 17:15:00,16,12
2025-11-07 17:30:00,26,8
2025-11-07 17:45:00,12,19
2025-11-07 18:00:00,25,32
2025-11-07 18:15:00,6,4
2025-11-07 18:30:00,17,7
2025-11-07 19:00:00,3,2
2025-11-07 19:15:00,13,9
2025-11-07 19:30:00,25,11
2025-11-07 20:00:00,6,5
2025-11-07 20:15:00,10,4
2025-11-07 20:30:00,25,12
2025-11-07 20:45:00,2,2
2025-11-07 21:00:00,1,0
2025-11-07 21:15:00,7,4
2025-11-07 21:30:00,8,18
2025-11-07 21:45:00,1,1
2025-11-07 22:00:00,3,7
2025-11-07 22:15:00,4,9
2025-11-07 22:30:00,14,3
2025-11-07 22:45:00,2,3
2025-11-07 23:00:00,9,15
2025-11-07 23:15:00,6,20
2025-11-07 23:30:00,11,1
2025-11-07 23:45:00,0,2
2025-11-08 01:15:00,0,4
2025-11-08 04:15:00,0,1
2025-11-08 06:00:00,0,2
2025-11-08 06:30:00,4,2
2025-11-08 06:45:00,2,0
2025-11-08 07:00:00,1,1
2025-11-08 07:15:00,1,1
2025-11-08 07:30:00,3,3
2025-11-08 07:45:00,1,1
2025-11-08 08:00:00,7,6
2025-11-08 08:15:00,9,15
2025-11-08 08:30:00,5,10
2025-11-08 08:45:00,15,6
2025-11-08 09:00:00,21,15
2025-11-08 09:15:00,10,21
2025-11-08 09:30:00,38,42
2025-11-08 09:45:00,3,12
2025-11-08 10:00:00,20,18
2025-11-08 10:15:00,37,37
2025-11-08 10:30:00,69,44
2025-11-08 10:45:00,8,15
2025-11-08 11:00:00,36,41
2025-11-08 11:15:00,74,65
2025-11-08 11:30:00,91,75
2025-11-08 11:45:00,45,51
2025-11-08 12:00:00,88,56
2025-11-08 12:15:00,41,41
2025-11-08 12:30:00,108,90
2025-11-08 12:45:00,20,29
2025-11-08 13:00:00,57,72
2025-11-08 13:15:00,101,99
2025-11-08 13:30:00,70,91
2025-11-08 13:45:00,45,38
2025-11-08 14:00:00,99,82
2025-11-08 14:15:00,81,86
2025-11-08 14:30:00,94,79
2025-11-08 14:45:00,42,37
2025-11-08 15:00:00,58,62
2025-11-08 15:15:00,45,51
2025-11-08 15:30:00,118,100
2025-11-08 15:45:00,54,58
2025-11-08 16:00:00,73,60
2025-11-08 16:15:00,75,73
2025-11-08 16:30:00,78,59
2025-11-08 16:45:00,50,41
2025-11-08 17:00:00,35,31
2025-11-08 17:15:00,20,46
2025-11-08 17:30:00,62,40
2025-11-08 17:45:00,38,31
2025-11-08 18:00:00,31,23
2025-11-08 18:15:00,11,4
2025-11-08 18:30:00,19,12
2025-11-08 18:45:00,20,19
2025-11-08 19:00:00,8,6
2025-11-08 19:15:00,17,16
2025-11-08 19:30:00,32,26
2025-11-08 19:45:00,14,10
2025-11-08 20:00:00,3,3
2025-11-08 20:15:00,6,0
2025-11-08 20:30:00,14,14
2025-11-08 21:00:00,1,1
2025-11-08 21:15:00,9,7
2025-11-08 21:30:00,14,7
2025-11-08 21:45:00,1,0
2025-11-08 22:00:00,3,0
2025-11-08 22:15:00,5,3
2025-11-08 22:30:00,15,13
2025-11-08 22:45:00,2,2
2025-11-08 23:00:00,4,4
2025-11-08 23:15:00,1,1
2025-11-08 23:30:00,6,0
2025-11-09 02:15:00,0,3
2025-11-09 06:15:00,0,1
2025-11-09 06:30:00,8,7
2025-11-09 07:00:00,1,0
2025-11-09 07:30:00,3,1
2025-11-09 07:45:00,0,2
2025-11-09 08:15:00,1,2
2025-11-09 08:30:00,1,1
2025-11-09 08:45:00,1,1
2025-11-09 09:00:00,5,2
2025-11-09 09:15:00,1,1
2025-11-09 09:30:00,5,1
2025-11-09 09:45:00,1,1
2025-11-09 10:00:00,2,2
2025-11-09 10:15:00,6,6
2025-11-09 10:30:00,8,8
2025-11-09 10:45:00,3,3
2025-11-09 11:00:00,7,6
2025-11-09 11:15:00,9,8
2025-11-09 11:30:00,7,15
2025-11-09 11:45:00,10,8
2025-11-09 12:00:00,4,3
2025-11-09 12:15:00,8,5
2025-11-09 12:30:00,14,6
2025-11-09 13:15:00,5,3
2025-11-09 13:30:00,12,2
2025-11-09 13:45:00,7,5
2025-11-09 14:00:00,10,16
2025-11-09 14:15:00,6,5
2025-11-09 14:30:00,21,11
2025-11-09 14:45:00,2,5
2025-11-09 15:00:00,4,4
2025-11-09 15:15:00,10,11
2025-11-09 15:30:00,22,14
2025-11-09 15:45:00,3,3
2025-11-09 16:00:00,16,10
2025-11-09 16:15:00,8,14
2025-11-09 16:30:00,21,24
2025-11-09 16:45:00,1,0
2025-11-09 17:00:00,5,6
2025-11-09 17:15:00,12,5
2025-11-09 17:30:00,16,4
2025-11-09 17:45:00,8,12
2025-11-09 18:00:00,8,6
2025-11-09 18:15:00,1,1
2025-11-09 18:30:00,12,6
2025-11-09 19:00:00,1,1
2025-11-09 19:15:00,1,1
2025-11-09 19:30:00,9,0
2025-11-09 19:45:00,1,0
2025-11-09 20:00:00,1,0
2025-11-09 20:15:00,1,2
2025-11-09 20:30:00,19,12
2025-11-09 20:45:00,2,2
2025-11-09 21:00:00,3,1
2025-11-09 21:15:00,1,10
2025-11-09 21:30:00,7,0
2025-11-09 21:45:00,1,4
2025-11-09 22:00:00,5,5
2025-11-09 22:15:00,6,0
2025-11-09 23:15:00,1,0
2025-11-09 23:30:00,1,0
2025-11-10 06:00:00,0,2
2025-11-10 06:30:00,11,7
2025-11-10 06:45:00,3,0
2025-11-10 07:00:00,4,0
2025-11-10 07:15:00,5,1
2025-11-10 07:30:00,10,0
2025-11-10 08:00:00,4,0
2025-11-10 08:15:00,39,15
2025-11-10 08:30:00,5,4
2025-11-10 08:45:00,2,8
2025-11-10 09:00:00,8,2
2025-11-10 09:15:00,2,0
2025-11-10 09:30:00,12,3
2025-11-10 09:45:00,1,1
2025-11-10 10:15:00,51,47
2025-11-10 10:30:00,16,14
2025-11-10 10:45:00,2,0
2025-11-10 11:00:00,1,1
2025-11-10 11:15:00,229,229
2025-11-10 11:30:00,23,16
2025-11-10 11:45:00,9,0
2025-11-10 12:00:00,7,6
2025-11-10 12:15:00,4,4
2025-11-10 12:30:00,10,9
2025-11-10 12:45:00,8,17
2025-11-10 13:00:00,8,6
2025-11-10 13:15:00,3,2
2025-11-10 13:30:00,14,9
2025-11-10 13:45:00,13,6
2025-11-10 14:00:00,25,21
2025-11-10 14:15:00,9,7
2025-11-10 14:30:00,33,33
2025-11-10 14:45:00,5,7
2025-11-10 15:00:00,8,8
2025-11-10 15:15:00,13,7
2025-11-10 15:30:00,30,17
2025-11-10 15:45:00,18,14
2025-11-10 16:00:00,14,14
2025-11-10 16:15:00,17,10
2025-11-10 16:30:00,14,21
2025-11-10 16:45:00,10,8
2025-11-10 17:00:00,10,4
2025-11-10 17:15:00,14,7
2025-11-10 17:30:00,24,4
2025-11-10 17:45:00,4,1
2025-11-10 18:00:00,18,35
2025-11-10 18:15:00,13,18
2025-11-10 18:30:00,13,0
2025-11-10 19:00:00,2,3
2025-11-10 19:15:00,8,8
2025-11-10 19:30:00,3,0
2025-11-10 20:15:00,6,2
2025-11-10 20:30:00,9,3
2025-11-10 21:00:00,4,2
2025-11-10 21:15:00,2,0
2025-11-10 21:30:00,8,1
2025-11-10 21:45:00,1,0
2025-11-10 22:00:00,2,2
2025-11-10 22:15:00,4,2
2025-11-10 22:30:00,3,0
2025-11-10 23:00:00,5,0
2025-11-10 23:15:00,2,1
2025-11-10 23:30:00,1,0
2025-11-11 06:30:00,11,7
2025-11-11 06:45:00,1,0
2025-11-11 07:00:00,5,1
2025-11-11 07:15:00,1,0
2025-11-11 07:30:00,8,0
2025-11-11 07:45:00,1,5
2025-11-11 08:00:00,3,1
2025-11-11 08:15:00,34,11
2025-11-11 08:30:00,2,0
2025-11-11 08:45:00,6,3
2025-11-11 09:00:00,10,3
2025-11-11 09:30:00,10,3
2025-11-11 09:45:00,1,1
2025-11-11 10:00:00,6,7
2025-11-11 10:15:00,4,1
2025-11-11 10:30:00,12,9
2025-11-11 10:45:00,5,2
2025-11-11 11:00:00,3,3
2025-11-11 11:15:00,128,126
2025-11-11 11:30:00,19,7
2025-11-11 11:45:00,3,1
2025-11-11 12:00:00,13,4
2025-11-11 12:15:00,12,32
2025-11-11 12:30:00,25,31
2025-11-11 12:45:00,7,2
2025-11-11 13:00:00,8,12
2025-11-11 13:15:00,13,7
2025-11-11 13:30:00,14,4
2025-11-11 13:45:00,13,14
2025-11-11 14:00:00,16,7
2025-11-11 14:15:00,17,15
2025-11-11 14:30:00,21,28
2025-11-11 14:45:00,6,5
2025-11-11 15:00:00,13,9
2025-11-11 15:15:00,11,5
2025-11-11 15:30:00,25,26
2025-11-11 15:45:00,5,2
2025-11-11 16:00:00,19,6
2025-11-11 16:15:00,2,5
2025-11-11 16:30:00,19,5
2025-11-11 16:45:00,15,10
2025-11-11 17:00:00,10,6
2025-11-11 17:15:00,15,8
2025-11-11 17:30:00,32,16
2025-11-11 17:45:00,14,10
2025-11-11 18:00:00,11,21
2025-11-11 18:15:00,7,5
2025-11-11 18:30:00,9,2
2025-11-11 18:45:00,1,1
2025-11-11 19:00:00,1,0
2025-11-11 19:15:00,12,7
2025-11-11 19:30:00,16,5
2025-11-11 19:45:00,0,2
2025-11-11 20:00:00,1,0
2025-11-11 20:15:00,5,2
2025-11-11 20:30:00,20,17
2025-11-11 21:15:00,5,10
2025-11-11 21:30:00,15,41
2025-11-11 22:15:00,1,0
2025-11-11 22:30:00,3,0
2025-11-11 23:00:00,6,11
2025-11-11 23:30:00,1,0
2025-11-12 01:30:00,0,1
2025-11-12 06:15:00,1,0
2025-11-12 06:30:00,10,7
2025-11-12 06:45:00,4,0
2025-11-12 07:00:00,6,2
2025-11-12 07:15:00,7,9
2025-11-12 07:30:00,12,0
2025-11-12 08:00:00,12,3
2025-11-12 08:15:00,37,16
2025-11-12 08:30:00,5,0
2025-11-12 09:00:00,9,21
2025-11-12 09:15:00,1,9
2025-11-12 09:30:00,9,11
2025-11-12 09:45:00,1,2
2025-11-12 10:00:00,3,2
2025-11-12 10:15:00,13,7
2025-11-12 10:30:00,15,12
2025-11-12 10:45:00,4,2
2025-11-12 11:00:00,6,9
2025-11-12 11:15:00,5,5
2025-11-12 11:30:00,18,17
2025-11-12 11:45:00,4,8
2025-11-12 12:00:00,144,135
2025-11-12 12:15:00,5,4
2025-11-12 12:30:00,16,9
2025-11-12 12:45:00,3,3
2025-11-12 13:00:00,15,14
2025-11-12 13:15:00,7,16
2025-11-12 13:30:00,15,6
2025-11-12 13:45:00,9,9
2025-11-12 14:00:00,10,9
2025-11-12 14:15:00,19,9
2025-11-12 14:30:00,13,6
2025-11-12 14:45:00,12,10
2025-11-12 15:00:00,8,4
2025-11-12 15:15:00,23,25
2025-11-12 15:30:00,40,25
2025-11-12 15:45:00,20,23
2025-11-12 16:00:00,28,15
2025-11-12 16:15:00,10,4
2025-11-12 16:30:00,53,26
2025-11-12 16:45:00,10,12
2025-11-12 17:00:00,11,7
2025-11-12 17:15:00,18,16
2025-11-12 17:30:00,15,4
2025-11-12 17:45:00,10,4
2025-11-12 18:00:00,18,7
2025-11-12 18:15:00,5,2
2025-11-12 18:30:00,20,7
2025-11-12 18:45:00,1,0
2025-11-12 19:00:00,0,1
2025-11-12 19:15:00,6,13
2025-11-12 19:30:00,18,12
2025-11-12 19:45:00,1,0
2025-11-12 20:00:00,2,1
2025-11-12 20:15:00,5,2
2025-11-12 20:30:00,7,2
2025-11-12 21:00:00,4,2
2025-11-12 21:30:00,7,20
2025-11-12 21:45:00,1,0
2025-11-12 22:00:00,0,1
2025-11-12 22:15:00,10,6
2025-11-12 22:30:00,5,2
2025-11-12 22:45:00,1,1
2025-11-12 23:00:00,7,5
2025-11-12 23:15:00,2,2
2025-11-12 23:30:00,1,0
2025-11-13 05:30:00,0,1
2025-11-13 06:15:00,0,1
2025-11-13 06:30:00,12,8
2025-11-13 06:45:00,2,0
2025-11-13 07:00:00,7,4
2025-11-13 07:15:00,3,5
2025-11-13 07:30:00,18,1
2025-11-13 07:45:00,2,1
2025-11-13 08:00:00,4,1
2025-11-13 08:15:00,38,16
2025-11-13 08:30:00,6,1
2025-11-13 08:45:00,10,7
2025-11-13 09:00:00,12,6
2025-11-13 09:15:00,7,4
2025-11-13 09:30:00,7,15
2025-11-13 09:45:00,5,7
2025-11-13 10:00:00,14,25
2025-11-13 10:15:00,20,22
2025-11-13 10:30:00,25,25
2025-11-13 10:45:00,8,6
2025-11-13 11:00:00,2,1
2025-11-13 11:15:00,34,39
2025-11-13 11:30:00,13,6
2025-11-13 11:45:00,21,20
2025-11-13 12:00:00,21,18
2025-11-13 12:15:00,130,129
2025-11-13 12:30:00,30,22
2025-11-13 12:45:00,10,9
2025-11-13 13:00:00,10,12
2025-11-13 13:15:00,18,18
2025-11-13 13:30:00,47,30
2025-11-13 13:45:00,28,15
2025-11-13 14:00:00,23,17
2025-11-13 14:15:00,14,12
2025-11-13 14:30:00,23,20
2025-11-13 14:45:00,8,4
2025-11-13 15:00:00,17,22
2025-11-13 15:15:00,44,49
2025-11-13 15:30:00,56,38
2025-11-13 15:45:00,7,5
2025-11-13 16:00:00,11,3
2025-11-13 16:15:00,5,3
2025-11-13 16:30:00,28,10
2025-11-13 16:45:00,8,7
2025-11-13 17:00:00,7,6
2025-11-13 17:15:00,25,20
2025-11-13 17:30:00,22,12
2025-11-13 17:45:00,15,12
2025-11-13 18:00:00,19,4
2025-11-13 18:15:00,7,5
2025-11-13 18:30:00,17,9
2025-11-13 18:45:00,2,0
2025-11-13 19:00:00,7,6
2025-11-13 19:15:00,3,2
2025-11-13 19:30:00,27,8
2025-11-13 19:45:00,0,1
2025-11-13 20:00:00,2,0
2025-11-13 20:15:00,8,3
2025-11-13 20:30:00,11,8
2025-11-13 20:45:00,0,1
2025-11-13 21:00:00,4,6
2025-11-13 21:15:00,8,2
2025-11-13 21:30:00,12,20
2025-11-13 22:00:00,1,0
2025-11-13 22:15:00,6,1
2025-11-13 22:30:00,5,0
2025-11-13 22:45:00,5,32
2025-11-13 23:00:00,8,4
2025-11-13 23:15:00,1,0
2025-11-13 23:30:00,3,5
2025-11-13 23:45:00,0,4
2025-11-14 03:45:00,0,2
2025-11-14 04:00:00,0,1
2025-11-14 06:30:00,10,8
2025-11-14 06:45:00,2,4
2025-11-14 07:00:00,6,2
2025-11-14 07:15:00,0,10
2025-11-14 07:30:00,11,13
2025-11-14 07:45:00,3,4
2025-11-14 08:00:00,4,14
2025-11-14 08:15:00,38,20
2025-11-14 08:30:00,1,5
2025-11-14 08:45:00,8,8
2025-11-14 09:00:00,14,9
2025-11-14 09:15:00,2,3
2025-11-14 09:30:00,9,24
2025-11-14 09:45:00,3,5
2025-11-14 10:00:00,2,3
2025-11-14 10:15:00,6,11
2025-11-14 10:30:00,31,13
2025-11-14 10:45:00,28,14
2025-11-14 11:00:00,14,15
2025-11-14 11:15:00,14,9
2025-11-14 11:30:00,29,25
2025-11-14 11:45:00,13,12
2025-11-14 12:00:00,25,26
2025-11-14 12:15:00,14,7
2025-11-14 12:30:00,22,7
2025-11-14 12:45:00,7,15
2025-11-14 13:00:00,10,9
2025-11-14 13:15:00,30,15
2025-11-14 13:30:00,41,42
2025-11-14 13:45:00,6,5
2025-11-14 14:00:00,43,37
2025-11-14 14:15:00,12,16
2025-11-14 14:30:00,30,29
2025-11-14 14:45:00,19,19
2025-11-14 15:00:00,26,24
2025-11-14 15:15:00,27,26
2025-11-14 15:30:00,57,93
2025-11-14 15:45:00,23,21
2025-11-14 16:00:00,16,12
2025-11-14 16:15:00,22,18
2025-11-14 16:30:00,41,21
2025-11-14 16:45:00,7,6
2025-11-14 17:00:00,19,19
2025-11-14 17:15:00,31,20
2025-11-14 17:30:00,42,30
2025-11-14 17:45:00,13,12
2025-11-14 18:00:00,32,26
2025-11-14 18:15:00,4,3
2025-11-14 18:30:00,13,15
2025-11-14 18:45:00,4,7
2025-11-14 19:00:00,11,6
2025-11-14 19:15:00,11,11
2025-11-14 19:30:00,26,11
2025-11-14 20:00:00,3,3
2025-11-14 20:15:00,10,9
2025-11-14 20:30:00,13,27
2025-11-14 21:00:00,6,7
2025-11-14 21:15:00,2,2
2025-11-14 21:30:00,6,2
2025-11-14 21:45:00,1,2
2025-11-14 22:15:00,6,4
2025-11-14 22:30:00,6,3
2025-11-14 22:45:00,1,0
2025-11-14 23:00:00,12,4
2025-11-14 23:15:00,4,0
2025-11-14 23:30:00,2,1
2025-11-15 00:45:00,0,2
2025-11-15 03:45:00,0,1
2025-11-15 06:15:00,0,2
2025-11-15 06:30:00,2,0
2025-11-15 06:45:00,1,0
2025-11-15 07:00:00,3,1
2025-11-15 07:15:00,7,10
2025-11-15 07:30:00,7,1
2025-11-15 08:00:00,4,5
2025-11-15 08:15:00,2,2
2025-11-15 08:30:00,1,1
2025-11-15 08:45:00,5,6
2025-11-15 09:00:00,9,5
2025-11-15 09:15:00,10,4
2025-11-15 09:30:00,32,6
2025-11-15 09:45:00,1,6
2025-11-15 10:00:00,13,23
2025-11-15 10:15:00,14,24
2025-11-15 10:30:00,24,19
2025-11-15 11:00:00,12,12
2025-11-15 11:15:00,1,2
2025-11-15 11:30:00,24,12
2025-11-15 11:45:00,16,11
2025-11-15 12:00:00,25,27
2025-11-15 12:15:00,21,17
2025-11-15 12:30:00,26,17
2025-11-15 12:45:00,0,2
2025-11-15 13:00:00,3,1
2025-11-15 13:15:00,6,5
2025-11-15 13:30:00,24,13
2025-11-15 13:45:00,2,5
2025-11-15 14:00:00,23,11
2025-11-15 14:15:00,8,6
2025-11-15 14:30:00,37,25
2025-11-15 15:00:00,3,41
2025-11-15 15:15:00,16,15
2025-11-15 15:30:00,13,6
2025-11-15 15:45:00,4,0
2025-11-15 16:00:00,34,34
2025-11-15 16:15:00,7,6
2025-11-15 16:30:00,13,9
2025-11-15 17:00:00,5,3
2025-11-15 17:15:00,9,8
2025-11-15 17:30:00,33,32
2025-11-15 17:45:00,5,2
2025-11-15 18:00:00,5,0
2025-11-15 18:15:00,5,4
2025-11-15 18:30:00,17,9
2025-11-15 18:45:00,1,0
2025-11-15 19:00:00,9,9
2025-11-15 19:30:00,15,3
2025-11-15 20:00:00,2,2
2025-11-15 20:15:00,3,2
2025-11-15 20:30:00,19,16
2025-11-15 21:00:00,11,11
2025-11-15 21:15:00,7,5
2025-11-15 21:30:00,15,10
2025-11-15 21:45:00,0,1
2025-11-15 22:15:00,5,5
2025-11-15 22:30:00,8,20
2025-11-15 22:45:00,2,0
2025-11-15 23:00:00,6,2
2025-11-15 23:15:00,1,1
2025-11-15 23:30:00,5,1
2025-11-16 01:00:00,0,1
2025-11-16 01:45:00,0,1
2025-11-16 02:00:00,0,2
2025-11-16 04:00:00,0,1
2025-11-16 06:00:00,0,1
2025-11-16 06:30:00,10,9
2025-11-16 06:45:00,1,0
2025-11-16 07:00:00,4,4
2025-11-16 07:15:00,4,4
2025-11-16 07:30:00,6,2
2025-11-16 07:45:00,2,2
2025-11-16 08:00:00,1,3
2025-11-16 08:15:00,3,2
2025-11-16 08:30:00,2,11
2025-11-16 08:45:00,6,5
2025-11-16 09:00:00,10,9
2025-11-16 09:15:00,9,9
2025-11-16 09:30:00,22,18
2025-11-16 09:45:00,3,4
2025-11-16 10:00:00,3,4
2025-11-16 10:15:00,19,23
2025-11-16 10:30:00,38,23
2025-11-16 10:45:00,6,7
2025-11-16 11:00:00,20,22
2025-11-16 11:15:00,12,11
2025-11-16 11:30:00,27,23
2025-11-16 11:45:00,13,17
2025-11-16 12:00:00,42,56
2025-11-16 12:15:00,23,21
2025-11-16 12:30:00,39,23
2025-11-16 12:45:00,2,16
2025-11-16 13:00:00,16,18
2025-11-16 13:15:00,11,16
2025-11-16 13:30:00,48,34
2025-11-16 13:45:00,27,33
2025-11-16 14:00:00,46,41
2025-11-16 14:15:00,10,23
2025-11-16 14:30:00,31,23
2025-11-16 14:45:00,19,20
2025-11-16 15:00:00,29,30
2025-11-16 15:15:00,44,46
2025-11-16 15:30:00,51,28
2025-11-16 15:45:00,13,12
2025-11-16 16:00:00,36,22
2025-11-16 16:15:00,24,23
2025-11-16 16:30:00,53,39
2025-11-16 16:45:00,4,7
2025-11-16 17:00:00,9,8
2025-11-16 17:15:00,19,9
2025-11-16 17:30:00,24,15
2025-11-16 17:45:00,9,7
2025-11-16 18:00:00,29,18
2025-11-16 18:15:00,9,4
2025-11-16 18:30:00,12,7
2025-11-16 18:45:00,1,0
2025-11-16 19:00:00,1,0
2025-11-16 19:15:00,13,8
2025-11-16 19:30:00,11,10
2025-11-16 20:00:00,0,1
2025-11-16 20:15:00,6,0
2025-11-16 20:30:00,12,26
2025-11-16 20:45:00,2,0
2025-11-16 21:00:00,0,6
2025-11-16 21:15:00,3,0
2025-11-16 21:30:00,13,7
2025-11-16 22:00:00,0,1
2025-11-16 22:15:00,1,0
2025-11-16 22:30:00,2,0
2025-11-16 23:00:00,2,1
2025-11-16 23:15:00,1,1
2025-11-17 00:00:00,0,2
2025-11-17 06:30:00,16,10
2025-11-17 06:45:00,2,0
2025-11-17 07:00:00,5,0
2025-11-17 07:15:00,8,7
2025-11-17 07:30:00,16,0
2025-11-17 07:45:00,1,1
2025-11-17 08:00:00,6,0
2025-11-17 08:15:00,34,13
2025-11-17 08:30:00,4,1
2025-11-17 08:45:00,2,1
2025-11-17 09:00:00,3,2
2025-11-17 09:15:00,3,3
2025-11-17 09:30:00,12,14
2025-11-17 09:45:00,3,3
2025-11-17 10:00:00,3,5
2025-11-17 10:15:00,13,17
2025-11-17 10:30:00,135,130
2025-11-17 10:45:00,65,67
2025-11-17 11:00:00,7,23
2025-11-17 11:15:00,18,14
2025-11-17 11:30:00,36,37
2025-11-17 11:45:00,1,1
2025-11-17 12:00:00,27,22
2025-11-17 12:15:00,11,8
2025-11-17 12:30:00,13,7
2025-11-17 12:45:00,2,0
2025-11-17 13:00:00,9,17
2025-11-17 13:15:00,19,15
2025-11-17 13:30:00,33,30
2025-11-17 13:45:00,8,3
2025-11-17 14:00:00,26,14
2025-11-17 14:15:00,27,13
2025-11-17 14:30:00,26,30
2025-11-17 14:45:00,0,2
2025-11-17 15:00:00,7,3
2025-11-17 15:15:00,25,16
2025-11-17 15:30:00,31,18
2025-11-17 15:45:00,9,17
2025-11-17 16:00:00,34,13
2025-11-17 16:15:00,4,4
2025-11-17 16:30:00,25,10
2025-11-17 16:45:00,5,4
2025-11-17 17:00:00,8,7
2025-11-17 17:15:00,5,2
2025-11-17 17:30:00,21,11
2025-11-17 17:45:00,6,5
2025-11-17 18:00:00,17,11
2025-11-17 18:15:00,2,1
2025-11-17 18:30:00,21,6
2025-11-17 18:45:00,0,2
2025-11-17 19:00:00,5,5
2025-11-17 19:15:00,9,2
2025-11-17 19:30:00,8,2
2025-11-17 19:45:00,1,0
2025-11-17 20:00:00,1,2
2025-11-17 20:15:00,6,3
2025-11-17 20:30:00,13,4
2025-11-17 21:00:00,2,0
2025-11-17 21:30:00,4,0
2025-11-17 22:00:00,2,0
2025-11-17 22:15:00,3,0
2025-11-17 22:30:00,6,0
2025-11-17 22:45:00,2,2
2025-11-17 23:00:00,2,0
2025-11-17 23:15:00,1,0
2025-11-18 02:00:00,0,1
2025-11-18 02:45:00,0,4
2025-11-18 05:45:00,0,4
2025-11-18 06:00:00,0,2
2025-11-18 06:30:00,15,9
2025-11-18 06:45:00,6,0
2025-11-18 07:00:00,11,11
2025-11-18 07:15:00,7,6
2025-11-18 07:30:00,12,0
2025-11-18 08:00:00,5,1
2025-11-18 08:15:00,30,12
2025-11-18 08:30:00,4,1
2025-11-18 08:45:00,5,4
2025-11-18 09:00:00,8,6
2025-11-18 09:15:00,7,3
2025-11-18 09:30:00,13,12
2025-11-18 09:45:00,2,0
2025-11-18 10:00:00,6,15
2025-11-18 10:15:00,3,1
2025-11-18 10:30:00,15,7
2025-11-18 10:45:00,7,5
2025-11-18 11:00:00,4,2
2025-11-18 11:15:00,11,7
2025-11-18 11:30:00,12,6
2025-11-18 11:45:00,6,6
2025-11-18 12:00:00,3,2
2025-11-18 12:15:00,11,10
2025-11-18 12:30:00,19,23
2025-11-18 12:45:00,3,3
2025-11-18 13:00:00,6,6
2025-11-18 13:15:00,13,9
2025-11-18 13:30:00,28,13
2025-11-18 13:45:00,15,17
2025-11-18 14:00:00,41,44
2025-11-18 14:15:00,23,16
2025-11-18 14:30:00,15,10
2025-11-18 14:45:00,13,13
2025-11-18 15:00:00,9,4
2025-11-18 15:15:00,13,9
2025-11-18 15:30:00,12,7
2025-11-18 15:45:00,18,12
2025-11-18 16:00:00,31,43
2025-11-18 16:15:00,9,4
2025-11-18 16:30:00,19,25
2025-11-18 17:00:00,3,1
2025-11-18 17:15:00,2,10
2025-11-18 17:30:00,29,14
2025-11-18 17:45:00,4,0
2025-11-18 18:00:00,18,33
2025-11-18 18:15:00,8,3
2025-11-18 18:30:00,19,0
2025-11-18 18:45:00,6,4
2025-11-18 19:00:00,4,3
2025-11-18 19:15:00,7,3
2025-11-18 19:30:00,14,4
2025-11-18 19:45:00,2,0
2025-11-18 20:00:00,5,3
2025-11-18 20:15:00,3,0
2025-11-18 20:30:00,7,3
2025-11-18 21:00:00,2,0
2025-11-18 21:15:00,2,0
2025-11-18 21:30:00,9,21
2025-11-18 21:45:00,1,0
2025-11-18 22:15:00,2,0
2025-11-18 22:30:00,6,1
2025-11-18 23:00:00,1,0
2025-11-18 23:15:00,0,3
2025-11-18 23:30:00,4,0
2025-11-19 00:45:00,0,1
2025-11-19 06:15:00,0,4
2025-11-19 06:30:00,14,10
2025-11-19 06:45:00,4,0
2025-11-19 07:00:00,13,2
2025-11-19 07:15:00,2,1
2025-11-19 07:30:00,20,2
2025-11-19 08:00:00,7,1
2025-11-19 08:15:00,34,11
2025-11-19 08:30:00,3,3
2025-11-19 08:45:00,6,4
2025-11-19 09:00:00,5,2
2025-11-19 09:15:00,3,2
2025-11-19 09:30:00,13,25
2025-11-19 09:45:00,5,5
2025-11-19 10:00:00,2,2
2025-11-19 10:15:00,12,7
2025-11-19 10:30:00,16,19
2025-11-19 10:45:00,1,3
2025-11-19 11:00:00,248,258
2025-11-19 11:15:00,45,46
2025-11-19 11:30:00,48,39
2025-11-19 11:45:00,12,18
2025-11-19 12:00:00,21,14
2025-11-19 12:15:00,13,7
2025-11-19 12:30:00,23,33
2025-11-19 12:45:00,11,12
2025-11-19 13:00:00,13,22
2025-11-19 13:15:00,6,8
2025-11-19 13:30:00,15,5
2025-11-19 13:45:00,4,13
2025-11-19 14:00:00,21,33
2025-11-19 14:15:00,18,11
2025-11-19 14:30:00,35,30
2025-11-19 14:45:00,24,26
2025-11-19 15:00:00,7,5
2025-11-19 15:15:00,21,14
2025-11-19 15:30:00,35,36
2025-11-19 15:45:00,22,28
2025-11-19 16:00:00,25,39
2025-11-19 16:15:00,13,6
2025-11-19 16:30:00,46,31
2025-11-19 16:45:00,3,2
2025-11-19 17:15:00,11,10
2025-11-19 17:30:00,29,9
2025-11-19 17:45:00,13,5
2025-11-19 18:00:00,14,2
2025-11-19 18:15:00,5,5
2025-11-19 18:30:00,18,22
2025-11-19 19:15:00,1,0
2025-11-19 19:30:00,17,7
2025-11-19 19:45:00,2,2
2025-11-19 20:00:00,2,4
2025-11-19 20:15:00,11,8
2025-11-19 20:30:00,20,4
2025-11-19 21:15:00,3,0
2025-11-19 21:30:00,13,2
2025-11-19 22:00:00,1,0
2025-11-19 22:15:00,1,0
2025-11-19 22:30:00,7,4
2025-11-19 23:00:00,9,10
2025-11-19 23:30:00,2,0
2025-11-20 06:15:00,3,1
2025-11-20 06:30:00,12,9
2025-11-20 06:45:00,1,0
2025-11-20 07:00:00,13,2
2025-11-20 07:15:00,1,4
2025-11-20 07:30:00,22,1
2025-11-20 07:45:00,1,0
2025-11-20 08:00:00,9,3
2025-11-20 08:15:00,34,15
2025-11-20 08:30:00,8,3
2025-11-20 08:45:00,7,7
2025-11-20 09:00:00,18,10
2025-11-20 09:15:00,2,2
2025-11-20 09:30:00,7,13
2025-11-20 09:45:00,7,0
2025-11-20 10:00:00,9,9
2025-11-20 10:15:00,2,3
2025-11-20 10:30:00,10,7
2025-11-20 10:45:00,3,3
2025-11-20 11:00:00,11,8
2025-11-20 11:15:00,18,15
2025-11-20 11:30:00,19,29
2025-11-20 11:45:00,19,16
2025-11-20 12:00:00,8,16
2025-11-20 12:15:00,13,22
2025-11-20 12:30:00,11,6
2025-11-20 12:45:00,7,6
2025-11-20 13:00:00,11,25
2025-11-20 13:15:00,19,29
2025-11-20 13:30:00,24,20
2025-11-20 13:45:00,23,22
2025-11-20 14:00:00,29,24
2025-11-20 14:15:00,18,20
2025-11-20 14:30:00,15,9
2025-11-20 14:45:00,7,4
2025-11-20 15:00:00,21,22
2025-11-20 15:15:00,37,44
2025-11-20 15:30:00,32,14
2025-11-20 15:45:00,14,12
2025-11-20 16:00:00,36,19
2025-11-20 16:15:00,15,12
2025-11-20 16:30:00,44,30
2025-11-20 16:45:00,11,10
2025-11-20 17:00:00,5,2
2025-11-20 17:15:00,6,0
2025-11-20 17:30:00,25,26
2025-11-20 17:45:00,8,4
2025-11-20 18:00:00,26,8
2025-11-20 18:15:00,5,5
2025-11-20 18:30:00,17,4
2025-11-20 19:00:00,1,0
2025-11-20 19:15:00,5,1
2025-11-20 19:30:00,11,2
2025-11-20 19:45:00,3,3
2025-11-20 20:00:00,3,2
2025-11-20 20:15:00,6,2
2025-11-20 20:30:00,6,0
2025-11-20 20:45:00,2,1
2025-11-20 21:00:00,5,0
2025-11-20 21:15:00,3,2
2025-11-20 21:30:00,12,4
2025-11-20 21:45:00,2,1
2025-11-20 22:00:00,7,3
2025-11-20 22:15:00,1,0
2025-11-20 22:30:00,9,5
2025-11-20 22:45:00,2,2
2025-11-20 23:00:00,7,27
2025-11-20 23:15:00,3,0
2025-11-20 23:30:00,6,3
2025-11-20 23:45:00,0,1
2025-11-21 01:00:00,0,3
2025-11-21 04:30:00,0,9
2025-11-21 06:30:00,6,2
2025-11-21 06:45:00,2,0
2025-11-21 07:00:00,5,11
2025-11-21 07:15:00,1,1
2025-11-21 07:30:00,14,1
2025-11-21 08:00:00,15,9
2025-11-21 08:15:00,31,12
2025-11-21 08:30:00,1,0
2025-11-21 08:45:00,5,4
2025-11-21 09:00:00,13,3
2025-11-21 09:15:00,5,7
2025-11-21 09:30:00,10,6
2025-11-21 09:45:00,6,9
2025-11-21 10:00:00,2,2
2025-11-21 10:15:00,13,12
2025-11-21 10:30:00,19,7
2025-11-21 10:45:00,1,1
2025-11-21 11:00:00,5,1
2025-11-21 11:15:00,4,6
2025-11-21 11:30:00,19,21
2025-11-21 11:45:00,22,15
2025-11-21 12:00:00,15,12
2025-11-21 12:15:00,14,19
2025-11-21 12:30:00,10,7
2025-11-21 12:45:00,1,1
2025-11-21 13:00:00,2,2
2025-11-21 13:15:00,26,18
2025-11-21 13:30:00,26,19
2025-11-21 13:45:00,12,8
2025-11-21 14:00:00,22,6
2025-11-21 14:15:00,16,13
2025-11-21 14:30:00,28,29
2025-11-21 14:45:00,3,5
2025-11-21 15:00:00,16,37
2025-11-21 15:15:00,17,12
2025-11-21 15:30:00,21,14
2025-11-21 15:45:00,15,9
2025-11-21 16:00:00,285,270
2025-11-21 16:15:00,25,19
2025-11-21 16:30:00,49,32
2025-11-21 16:45:00,10,9
2025-11-21 17:00:00,1,3
2025-11-21 17:15:00,12,8
2025-11-21 17:30:00,24,13
2025-11-21 17:45:00,9,6
2025-11-21 18:00:00,24,9
2025-11-21 18:15:00,11,7
2025-11-21 18:30:00,23,14
2025-11-21 19:15:00,7,13
2025-11-21 19:30:00,20,2
2025-11-21 19:45:00,3,4
2025-11-21 20:00:00,0,5
2025-11-21 20:15:00,5,4
2025-11-21 20:30:00,19,21
2025-11-21 20:45:00,1,0
2025-11-21 21:15:00,3,0
2025-11-21 21:30:00,10,2
2025-11-21 22:15:00,4,4
2025-11-21 22:30:00,5,1
2025-11-21 22:45:00,1,0
2025-11-21 23:00:00,2,2
2025-11-21 23:15:00,1,0
2025-11-21 23:30:00,4,0
2025-11-22 00:30:00,0,1
2025-11-22 02:00:00,0,1
2025-11-22 05:15:00,0,1
2025-11-22 05:30:00,0,2
2025-11-22 05:45:00,0,1
2025-11-22 06:30:00,13,10
2025-11-22 06:45:00,2,3
2025-11-22 07:15:00,4,3
2025-11-22 07:30:00,4,10
2025-11-22 07:45:00,1,1
2025-11-22 08:00:00,1,1
2025-11-22 08:15:00,20,18
2025-11-22 08:30:00,1,1
2025-11-22 09:00:00,34,20
2025-11-22 09:15:00,16,10
2025-11-22 09:30:00,21,18
2025-11-22 09:45:00,6,8
2025-11-22 10:00:00,5,6
2025-11-22 10:15:00,12,9
2025-11-22 10:30:00,27,17
2025-11-22 10:45:00,6,6
2025-11-22 11:00:00,16,18
2025-11-22 11:15:00,17,22
2025-11-22 11:30:00,25,16
2025-11-22 11:45:00,8,7
2025-11-22 12:00:00,36,45
2025-11-22 12:15:00,15,15
2025-11-22 12:30:00,41,32
2025-11-22 12:45:00,2,5
2025-11-22 13:00:00,31,31
2025-11-22 13:15:00,47,54
2025-11-22 13:30:00,79,75
2025-11-22 13:45:00,28,26
2025-11-22 14:00:00,48,42
2025-11-22 14:15:00,27,19
2025-11-22 14:30:00,64,53
2025-11-22 14:45:00,39,50
2025-11-22 15:00:00,23,38
2025-11-22 15:15:00,24,21
2025-11-22 15:30:00,63,41
2025-11-22 15:45:00,19,23
2025-11-22 16:00:00,42,30
2025-11-22 16:15:00,27,25
2025-11-22 16:30:00,64,38
2025-11-22 16:45:00,15,15
2025-11-22 17:00:00,12,14
2025-11-22 17:15:00,27,22
2025-11-22 17:30:00,30,17
2025-11-22 17:45:00,13,12
2025-11-22 18:00:00,22,8
2025-11-22 18:15:00,14,13
2025-11-22 18:30:00,26,13
2025-11-22 18:45:00,5,5
2025-11-22 19:00:00,11,9
2025-11-22 19:15:00,21,18
2025-11-22 19:30:00,22,24
2025-11-22 19:45:00,2,2
2025-11-22 20:00:00,4,3
2025-11-22 20:15:00,9,9
2025-11-22 20:30:00,11,0
2025-11-22 20:45:00,0,1
2025-11-22 21:00:00,0,8
2025-11-22 21:15:00,5,5
2025-11-22 21:30:00,27,15
2025-11-22 21:45:00,1,1
2025-11-22 22:00:00,5,4
2025-11-22 22:15:00,9,10
2025-11-22 22:30:00,7,2
2025-11-22 22:45:00,3,3
2025-11-22 23:00:00,9,4
2025-11-22 23:15:00,2,21
2025-11-22 23:30:00,1,0
2025-11-22 23:45:00,2,2
2025-11-23 06:30:00,3,1
2025-11-23 06:45:00,1,0
2025-11-23 07:00:00,1,1
2025-11-23 07:15:00,7,7
2025-11-23 07:30:00,5,2
2025-11-23 07:45:00,1,1
2025-11-23 08:00:00,3,5
2025-11-23 08:15:00,2,4
2025-11-23 08:30:00,3,3
2025-11-23 08:45:00,2,1
2025-11-23 09:00:00,11,11
2025-11-23 09:15:00,4,6
2025-11-23 09:30:00,18,11
2025-11-23 09:45:00,2,2
2025-11-23 10:00:00,1,4
2025-11-23 10:15:00,9,11
2025-11-23 10:30:00,24,13
2025-11-23 10:45:00,2,5
2025-11-23 11:00:00,8,9
2025-11-23 11:15:00,15,26
2025-11-23 11:30:00,43,41
2025-11-23 11:45:00,4,4
2025-11-23 12:00:00,44,40
2025-11-23 12:15:00,13,14
2025-11-23 12:30:00,19,16
2025-11-23 12:45:00,16,3
2025-11-23 13:00:00,13,13
2025-11-23 13:15:00,14,16
2025-11-23 13:30:00,59,49
2025-11-23 13:45:00,11,8
2025-11-23 14:00:00,25,20
2025-11-23 14:15:00,13,19
2025-11-23 14:30:00,18,20
2025-11-23 14:45:00,15,21
2025-11-23 15:00:00,20,18
2025-11-23 15:15:00,36,36
2025-11-23 15:30:00,49,33
2025-11-23 15:45:00,24,23
2025-11-23 16:00:00,38,29
2025-11-23 16:15:00,18,26
2025-11-23 16:30:00,43,40
2025-11-23 16:45:00,16,12
2025-11-23 17:00:00,10,12
2025-11-23 17:15:00,19,27
2025-11-23 17:30:00,36,17
2025-11-23 17:45:00,3,0
2025-11-23 18:00:00,21,16
2025-11-23 18:15:00,5,6
2025-11-23 18:30:00,13,7
2025-11-23 18:45:00,1,1
2025-11-23 19:00:00,5,1
2025-11-23 19:15:00,7,4
2025-11-23 19:30:00,19,6
2025-11-23 20:00:00,4,4
2025-11-23 20:15:00,5,0
2025-11-23 20:30:00,27,20
2025-11-23 20:45:00,16,16
2025-11-23 21:15:00,4,4
2025-11-23 21:30:00,12,9
2025-11-23 22:00:00,1,0
2025-11-23 22:30:00,5,2
2025-11-23 22:45:00,2,2
2025-11-23 23:00:00,2,1
2025-11-23 23:15:00,4,9
2025-11-23 23:30:00,4,24
2025-11-24 01:30:00,0,1
2025-11-24 06:30:00,10,11
2025-11-24 06:45:00,3,0
2025-11-24 07:00:00,8,0
2025-11-24 07:15:00,3,50
2025-11-24 07:30:00,18,0
2025-11-24 08:00:00,8,2
2025-11-24 08:15:00,35,15
2025-11-24 08:30:00,1,0
2025-11-24 08:45:00,1,2
2025-11-24 09:00:00,10,9
2025-11-24 09:15:00,14,8
2025-11-24 09:30:00,22,11
2025-11-24 10:00:00,5,28
2025-11-24 10:15:00,67,75
2025-11-24 10:30:00,26,13
2025-11-24 10:45:00,0,7
2025-11-24 11:00:00,5,6
2025-11-24 11:15:00,23,36
2025-11-24 11:30:00,18,11
2025-11-24 11:45:00,18,18
2025-11-24 12:00:00,26,18
2025-11-24 12:15:00,25,25
2025-11-24 12:30:00,22,14
2025-11-24 12:45:00,2,6
2025-11-24 13:00:00,117,114
2025-11-24 13:15:00,14,20
2025-11-24 13:30:00,48,26
2025-11-24 13:45:00,11,11
2025-11-24 14:00:00,38,25
2025-11-24 14:15:00,23,38
2025-11-24 14:30:00,36,39
2025-11-24 14:45:00,8,8
2025-11-24 15:00:00,11,14
2025-11-24 15:15:00,28,20
2025-11-24 15:30:00,48,26
2025-11-24 15:45:00,34,28
2025-11-24 16:00:00,44,35
2025-11-24 16:15:00,26,18
2025-11-24 16:30:00,45,26
2025-11-24 16:45:00,11,10
2025-11-24 17:00:00,11,20
2025-11-24 17:15:00,13,12
2025-11-24 17:30:00,16,6
2025-11-24 17:45:00,7,2
2025-11-24 18:00:00,33,44
2025-11-24 18:15:00,1,2
2025-11-24 18:30:00,12,5
2025-11-24 18:45:00,3,0
2025-11-24 19:00:00,2,2
2025-11-24 19:15:00,7,3
2025-11-24 19:30:00,18,5
2025-11-24 19:45:00,1,0
2025-11-24 20:00:00,3,0
2025-11-24 20:15:00,2,2
2025-11-24 20:30:00,5,1
2025-11-24 21:15:00,2,6
2025-11-24 21:30:00,21,12
2025-11-24 22:00:00,2,0
2025-11-24 22:15:00,4,0
2025-11-24 22:30:00,4,1
2025-11-24 22:45:00,2,4
2025-11-24 23:00:00,7,0
2025-11-24 23:30:00,3,0
2025-11-25 05:45:00,0,1
2025-11-25 06:00:00,0,2
2025-11-25 06:15:00,1,4
2025-11-25 06:30:00,13,7
2025-11-25 06:45:00,2,0
2025-11-25 07:00:00,10,0
2025-11-25 07:15:00,6,0
2025-11-25 07:30:00,15,0
2025-11-25 08:00:00,2,0
2025-11-25 08:15:00,40,12
2025-11-25 08:30:00,1,0
2025-11-25 08:45:00,2,1
2025-11-25 09:00:00,10,14
2025-11-25 09:30:00,23,20
2025-11-25 09:45:00,0,1
2025-11-25 10:00:00,4,6
2025-11-25 10:15:00,3,3
2025-11-25 10:30:00,9,5
2025-11-25 10:45:00,0,14
2025-11-25 11:00:00,13,5
2025-11-25 11:15:00,30,37
2025-11-25 11:30:00,24,23
2025-11-25 11:45:00,10,10
2025-11-25 12:00:00,19,10
2025-11-25 12:15:00,11,49
2025-11-25 12:30:00,16,21
2025-11-25 12:45:00,7,3
2025-11-25 13:00:00,4,22
2025-11-25 13:15:00,22,33
2025-11-25 13:30:00,14,6
2025-11-25 13:45:00,1,10
2025-11-25 14:00:00,11,7
2025-11-25 14:15:00,24,17
2025-11-25 14:30:00,7,5
2025-11-25 14:45:00,2,0
2025-11-25 15:00:00,5,4
2025-11-25 15:15:00,3,1
2025-11-25 15:30:00,22,26
2025-11-25 15:45:00,4,0
2025-11-25 16:00:00,11,0
2025-11-25 16:15:00,12,2
2025-11-25 16:30:00,19,6
2025-11-25 16:45:00,1,0
2025-11-25 17:15:00,4,0
2025-11-25 17:30:00,15,0
2025-11-25 17:45:00,1,0
2025-11-25 18:00:00,6,1
2025-11-25 18:15:00,2,0
2025-11-25 18:30:00,13,1
2025-11-25 18:45:00,1,0
2025-11-25 19:00:00,3,3
2025-11-25 19:15:00,2,1
2025-11-25 19:30:00,14,3
2025-11-25 20:00:00,2,0
2025-11-25 20:15:00,4,0
2025-11-25 20:30:00,15,3
2025-11-25 20:45:00,7,0
2025-11-25 21:00:00,1,0
2025-11-25 21:30:00,8,3
2025-11-25 22:00:00,1,0
2025-11-25 22:15:00,4,1
2025-11-25 22:30:00,8,1
2025-11-25 23:00:00,2,1
2025-11-26 02:00:00,0,2
2025-11-26 06:30:00,11,11
2025-11-26 06:45:00,1,1
2025-11-26 07:00:00,9,10
2025-11-26 07:15:00,4,0
2025-11-26 07:30:00,17,1
2025-11-26 07:45:00,0,4
2025-11-26 08:00:00,9,0
2025-11-26 08:15:00,31,11
2025-11-26 08:30:00,7,6
2025-11-26 08:45:00,1,0
2025-11-26 09:00:00,5,3
2025-11-26 09:15:00,3,1
2025-11-26 09:30:00,7,3
2025-11-26 09:45:00,1,0
2025-11-26 10:15:00,6,5
2025-11-26 10:30:00,10,4
2025-11-26 11:00:00,6,16
2025-11-26 11:15:00,254,245
2025-11-26 11:30:00,16,13
2025-11-26 11:45:00,45,52
2025-11-26 12:00:00,8,5
2025-11-26 12:15:00,7,6
2025-11-26 12:30:00,8,5
2025-11-26 12:45:00,2,1
2025-11-26 13:00:00,5,3
2025-11-26 13:15:00,16,16
2025-11-26 13:30:00,31,17
2025-11-26 13:45:00,10,10
2025-11-26 14:00:00,8,4
2025-11-26 14:15:00,28,24
2025-11-26 14:30:00,7,1
2025-11-26 14:45:00,12,12
2025-11-26 15:00:00,8,13
2025-11-26 15:15:00,6,5
2025-11-26 15:30:00,31,38
2025-11-26 15:45:00,20,19
2025-11-26 16:00:00,26,10
2025-11-26 16:15:00,10,4
2025-11-26 16:30:00,40,24
2025-11-26 16:45:00,2,11
2025-11-26 17:00:00,8,2
2025-11-26 17:15:00,4,0
2025-11-26 17:30:00,21,11
2025-11-26 17:45:00,7,11
2025-11-26 18:00:00,16,6
2025-11-26 18:15:00,2,60
2025-11-26 18:30:00,16,2
2025-11-26 18:45:00,5,5
2025-11-26 19:00:00,1,1
2025-11-26 19:15:00,3,3
2025-11-26 19:30:00,4,0
2025-11-26 20:00:00,1,4
2025-11-26 20:15:00,4,2
2025-11-26 20:30:00,18,48
2025-11-26 21:15:00,4,0
2025-11-26 21:30:00,13,1
2025-11-26 21:45:00,0,1
2025-11-26 22:00:00,2,1
2025-11-26 22:15:00,1,0
2025-11-26 22:30:00,4,2
2025-11-26 22:45:00,0,1
2025-11-26 23:00:00,3,2
2025-11-26 23:15:00,2,1
2025-11-26 23:30:00,2,1
2025-11-27 00:00:00,0,2
2025-11-27 06:30:00,20,16
2025-11-27 06:45:00,2,5
2025-11-27 07:00:00,13,3
2025-11-27 07:15:00,3,0
2025-11-27 07:30:00,26,23
2025-11-27 08:00:00,2,0
2025-11-27 08:15:00,31,12
2025-11-27 08:45:00,4,9
2025-11-27 09:00:00,6,6
2025-11-27 09:15:00,4,1
2025-11-27 09:30:00,8,5
2025-11-27 09:45:00,2,0
2025-11-27 10:00:00,3,1
2025-11-27 10:15:00,8,8
2025-11-27 10:30:00,118,112
2025-11-27 10:45:00,1,0
2025-11-27 11:00:00,3,3
2025-11-27 11:15:00,3,15
2025-11-27 11:30:00,15,2
2025-11-27 11:45:00,8,7
2025-11-27 12:00:00,5,1
2025-11-27 12:15:00,4,4
2025-11-27 12:30:00,29,36
2025-11-27 12:45:00,8,5
2025-11-27 13:00:00,10,20
2025-11-27 13:15:00,9,7
2025-11-27 13:30:00,16,14
2025-11-27 13:45:00,9,12
2025-11-27 14:00:00,9,6
2025-11-27 14:15:00,10,1
2025-11-27 14:30:00,13,27
2025-11-27 14:45:00,2,4
2025-11-27 15:00:00,4,4
2025-11-27 15:15:00,13,3
2025-11-27 15:30:00,10,12
2025-11-27 15:45:00,18,23
2025-11-27 16:00:00,19,14
2025-11-27 16:15:00,17,10
2025-11-27 16:30:00,27,21
2025-11-27 16:45:00,4,7
2025-11-27 17:00:00,6,5
2025-11-27 17:15:00,9,5
2025-11-27 17:30:00,15,4
2025-11-27 17:45:00,6,2
2025-11-27 18:00:00,10,3
2025-11-27 18:15:00,8,6
2025-11-27 18:30:00,12,1
2025-11-27 18:45:00,2,2
2025-11-27 19:15:00,6,1
2025-11-27 19:30:00,13,10
2025-11-27 19:45:00,3,0
2025-11-27 20:00:00,4,7
2025-11-27 20:15:00,3,0
2025-11-27 20:30:00,12,2
2025-11-27 21:00:00,3,1
2025-11-27 21:15:00,1,0
2025-11-27 21:30:00,8,25
2025-11-27 21:45:00,1,0
2025-11-27 22:15:00,4,2
2025-11-27 22:30:00,5,0
2025-11-27 22:45:00,0,1
2025-11-27 23:15:00,9,4
2025-11-27 23:30:00,3,0
2025-11-27 23:45:00,0,1
2025-11-28 05:30:00,0,1
2025-11-28 05:45:00,0,2
2025-11-28 06:30:00,5,1
2025-11-28 06:45:00,2,5
2025-11-28 07:00:00,11,1
2025-11-28 07:15:00,2,0
2025-11-28 07:30:00,16,1
2025-11-28 07:45:00,0,2
2025-11-28 08:00:00,5,2
2025-11-28 08:15:00,32,12
2025-11-28 08:30:00,2,0
2025-11-28 08:45:00,7,10
2025-11-28 09:00:00,11,22
2025-11-28 09:15:00,1,11
2025-11-28 09:30:00,23,16
2025-11-28 10:00:00,3,3
2025-11-28 10:15:00,19,21
2025-11-28 10:30:00,23,12
2025-11-28 10:45:00,4,6
2025-11-28 11:00:00,5,3
2025-11-28 11:15:00,10,8
2025-11-28 11:30:00,23,12
2025-11-28 11:45:00,15,14
2025-11-28 12:00:00,34,36
2025-11-28 12:15:00,5,5
2025-11-28 12:30:00,21,12
2025-11-28 12:45:00,10,9
2025-11-28 13:00:00,0,1
2025-11-28 13:15:00,10,9
2025-11-28 13:30:00,14,12
2025-11-28 13:45:00,17,21
2025-11-28 14:00:00,25,14
2025-11-28 14:15:00,9,15
2025-11-28 14:30:00,28,49
2025-11-28 14:45:00,6,9
2025-11-28 15:00:00,13,22
2025-11-28 15:15:00,15,20
2025-11-28 15:30:00,49,32
2025-11-28 15:45:00,17,15
2025-11-28 16:00:00,43,28
2025-11-28 16:15:00,35,32
2025-11-28 16:30:00,32,8
2025-11-28 16:45:00,24,25
2025-11-28 17:00:00,8,8
2025-11-28 17:15:00,9,2
2025-11-28 17:30:00,21,8
2025-11-28 17:45:00,4,1
2025-11-28 18:00:00,21,12
2025-11-28 18:15:00,7,8
2025-11-28 18:30:00,19,9
2025-11-28 18:45:00,1,0
2025-11-28 19:00:00,2,1
2025-11-28 19:15:00,6,6
2025-11-28 19:30:00,19,12
2025-11-28 20:00:00,4,2
2025-11-28 20:15:00,7,3
2025-11-28 20:30:00,17,4
2025-11-28 20:45:00,0,2
2025-11-28 21:30:00,14,3
2025-11-28 21:45:00,0,1
2025-11-28 22:15:00,5,0
2025-11-28 22:30:00,17,3
2025-11-28 22:45:00,4,4
2025-11-28 23:00:00,4,12
2025-11-28 23:15:00,7,1
2025-11-28 23:30:00,9,2
2025-11-29 06:00:00,0,3
2025-11-29 06:45:00,2,2
2025-11-29 07:00:00,4,4
2025-11-29 07:15:00,6,3
2025-11-29 07:30:00,3,3
2025-11-29 07:45:00,0,1
2025-11-29 08:00:00,3,2
2025-11-29 08:15:00,16,9
2025-11-29 08:30:00,2,7
2025-11-29 08:45:00,2,4
2025-11-29 09:00:00,9,7
2025-11-29 09:15:00,14,8
2025-11-29 09:30:00,13,3
2025-11-29 09:45:00,1,9
2025-11-29 10:00:00,4,1
2025-11-29 10:15:00,15,29
2025-11-29 10:30:00,30,10
2025-11-29 10:45:00,4,4
2025-11-29 11:00:00,5,4
2025-11-29 11:15:00,21,17
2025-11-29 11:30:00,18,13
2025-11-29 11:45:00,12,10
2025-11-29 12:00:00,16,26
2025-11-29 12:15:00,117,128
2025-11-29 12:30:00,36,20
2025-11-29 12:45:00,6,7
2025-11-29 13:00:00,16,15
2025-11-29 13:15:00,8,6
2025-11-29 13:30:00,14,19
2025-11-29 13:45:00,8,8
2025-11-29 14:00:00,34,18
2025-11-29 14:15:00,18,28
2025-11-29 14:30:00,24,22
2025-11-29 14:45:00,5,21
2025-11-29 15:00:00,14,10
2025-11-29 15:15:00,38,63
2025-11-29 15:30:00,47,21
2025-11-29 15:45:00,17,14
2025-11-29 16:00:00,21,18
2025-11-29 16:15:00,16,14
2025-11-29 16:30:00,33,20
2025-11-29 16:45:00,2,2
2025-11-29 17:00:00,9,12
2025-11-29 17:15:00,11,7
2025-11-29 17:30:00,25,13
2025-11-29 17:45:00,11,8
2025-11-29 18:00:00,28,9
2025-11-29 18:15:00,14,11
2025-11-29 18:30:00,25,15
2025-11-29 18:45:00,7,4
2025-11-29 19:00:00,4,6
2025-11-29 19:15:00,6,5
2025-11-29 19:30:00,24,8
2025-11-29 20:00:00,3,3
2025-11-29 20:15:00,4,0
2025-11-29 20:30:00,6,1
2025-11-29 20:45:00,2,0
2025-11-29 21:15:00,1,0
2025-11-29 21:30:00,15,10
2025-11-29 22:00:00,6,6
2025-11-29 22:15:00,1,0
2025-11-29 22:30:00,12,22
2025-11-29 23:00:00,2,0
2025-11-29 23:30:00,6,0
2025-11-29 23:45:00,2,2
2025-11-30 02:30:00,0,1
2025-11-30 06:30:00,1,0
2025-11-30 06:45:00,1,1
2025-11-30 07:15:00,1,1
2025-11-30 07:30:00,6,6
2025-11-30 08:00:00,1,2
2025-11-30 08:45:00,0,4
2025-11-30 09:00:00,4,2
2025-11-30 09:15:00,4,4
2025-11-30 09:30:00,5,12
2025-11-30 09:45:00,0,1
2025-11-30 10:15:00,1,2
2025-11-30 10:30:00,4,2
2025-11-30 11:00:00,5,4
2025-11-30 11:15:00,5,12
2025-11-30 11:30:00,12,3
2025-11-30 11:45:00,6,4
2025-11-30 12:00:00,12,9
2025-11-30 12:15:00,2,1
2025-11-30 12:30:00,9,5
2025-11-30 12:45:00,3,0
2025-11-30 13:00:00,2,3
2025-11-30 13:15:00,4,4
2025-11-30 13:30:00,19,30
2025-11-30 13:45:00,7,16
2025-11-30 14:00:00,18,11
2025-11-30 14:15:00,13,11
2025-11-30 14:30:00,18,8
2025-11-30 14:45:00,3,3
2025-11-30 15:00:00,10,9
2025-11-30 15:15:00,8,7
2025-11-30 15:30:00,28,20
2025-11-30 15:45:00,21,11
2025-11-30 16:00:00,7,12
2025-11-30 16:15:00,4,16
2025-11-30 16:30:00,19,19
2025-11-30 16:45:00,3,3
2025-11-30 17:00:00,10,10
2025-11-30 17:15:00,8,4
2025-11-30 17:30:00,21,11
2025-11-30 17:45:00,13,12
2025-11-30 18:00:00,5,1
2025-11-30 18:15:00,0,1
2025-11-30 18:30:00,13,1
2025-11-30 18:45:00,2,1
2025-11-30 19:00:00,1,1
2025-11-30 19:30:00,9,2
2025-11-30 20:00:00,2,0
2025-11-30 20:15:00,2,1
2025-11-30 20:30:00,11,26
2025-11-30 21:00:00,4,4
2025-11-30 21:15:00,3,0
2025-11-30 21:30:00,11,2
2025-11-30 22:15:00,2,0
2025-11-30 22:30:00,3,1
2025-11-30 22:45:00,2,2
2025-11-30 23:00:00,3,1
2025-11-30 23:30:00,2,0
2025-12-01 00:00:00,0,2
2025-12-01 00:45:00,0,1
2025-12-01 05:45:00,0,1
2025-12-01 06:30:00,10,17
2025-12-01 06:45:00,1,0
2025-12-01 07:00:00,9,6
2025-12-01 07:15:00,2,0
2025-12-01 07:30:00,20,21
2025-12-01 07:45:00,1,3
2025-12-01 08:00:00,8,4
2025-12-01 08:15:00,28,42
2025-12-01 08:30:00,1,0
2025-12-01 08:45:00,3,3
2025-12-01 09:00:00,3,1
2025-12-01 09:15:00,2,4
2025-12-01 09:30:00,11,9
2025-12-01 09:45:00,5,4
2025-12-01 10:00:00,4,4
2025-12-01 10:15:00,48,48
2025-12-01 10:30:00,132,129
2025-12-01 10:45:00,6,6
2025-12-01 11:00:00,4,9
2025-12-01 11:15:00,7,16
2025-12-01 11:30:00,10,3
2025-12-01 11:45:00,4,4
2025-12-01 12:00:00,17,10
2025-12-01 12:15:00,13,15
2025-12-01 12:30:00,26,18
2025-12-01 12:45:00,1,1
2025-12-01 13:00:00,8,7
2025-12-01 13:15:00,10,8
2025-12-01 13:30:00,17,33
2025-12-01 13:45:00,6,5
2025-12-01 14:00:00,9,5
2025-12-01 14:15:00,12,7
2025-12-01 14:30:00,15,8
2025-12-01 14:45:00,9,9
2025-12-01 15:00:00,4,13
2025-12-01 15:15:00,7,7
2025-12-01 15:30:00,20,11
2025-12-01 15:45:00,15,9
2025-12-01 16:00:00,21,8
2025-12-01 16:15:00,6,2
2025-12-01 16:30:00,23,33
2025-12-01 16:45:00,6,5
2025-12-01 17:00:00,7,5
2025-12-01 17:15:00,3,4
2025-12-01 17:30:00,23,11
2025-12-01 17:45:00,5,3
2025-12-01 18:00:00,14,6
2025-12-01 18:15:00,3,2
2025-12-01 18:30:00,8,6
2025-12-01 19:00:00,1,0
2025-12-01 19:15:00,3,2
2025-12-01 19:30:00,16,30
2025-12-01 20:00:00,2,1
2025-12-01 20:15:00,6,3
2025-12-01 20:30:00,5,13
2025-12-01 21:00:00,1,0
2025-12-01 21:15:00,3,2
2025-12-01 21:30:00,8,2
2025-12-01 22:00:00,2,0
2025-12-01 22:15:00,3,1
2025-12-01 22:30:00,8,2
2025-12-01 23:00:00,4,1
2025-12-01 23:30:00,1,0
2025-12-02 06:30:00,5,0
2025-12-02 06:45:00,2,4
2025-12-02 07:00:00,11,0
2025-12-02 07:15:00,3,0
2025-12-02 07:30:00,16,10
2025-12-02 07:45:00,1,0
2025-12-02 08:00:00,5,1
2025-12-02 08:15:00,18,1
2025-12-02 08:30:00,14,11
2025-12-02 08:45:00,4,2
2025-12-02 09:00:00,10,7
2025-12-02 09:30:00,3,3
2025-12-02 09:45:00,4,4
2025-12-02 10:00:00,4,3
2025-12-02 10:15:00,3,0
2025-12-02 10:30:00,20,9
2025-12-02 11:00:00,0,1
2025-12-02 11:15:00,10,7
2025-12-02 11:30:00,19,15
2025-12-02 11:45:00,6,5
2025-12-02 12:00:00,3,3
2025-12-02 12:15:00,1,1
2025-12-02 12:30:00,16,7
2025-12-02 13:00:00,2,4
2025-12-02 13:15:00,6,2
2025-12-02 13:30:00,13,3
2025-12-02 13:45:00,12,9
2025-12-02 14:00:00,10,7
2025-12-02 14:15:00,4,2
2025-12-02 14:30:00,17,33
2025-12-02 14:45:00,9,5
2025-12-02 15:00:00,0,3
2025-12-02 15:15:00,14,6
2025-12-02 15:30:00,26,25
2025-12-02 15:45:00,10,30
2025-12-02 16:00:00,22,5
2025-12-02 16:15:00,20,14
2025-12-02 16:30:00,21,4
2025-12-02 16:45:00,7,15
2025-12-02 17:00:00,1,1
2025-12-02 17:15:00,10,44
2025-12-02 17:30:00,20,6
2025-12-02 17:45:00,4,2
2025-12-02 18:00:00,7,2
2025-12-02 18:15:00,5,1
2025-12-02 18:30:00,9,2
2025-12-02 18:45:00,1,0
2025-12-02 19:30:00,11,4
2025-12-02 19:45:00,1,0
2025-12-02 20:00:00,4,1
2025-12-02 20:15:00,3,0
2025-12-02 20:30:00,26,10
2025-12-02 20:45:00,2,0
2025-12-02 21:00:00,5,20
2025-12-02 21:15:00,3,20
2025-12-02 21:30:00,3,0
2025-12-02 21:45:00,1,1
2025-12-02 22:00:00,3,0
2025-12-02 22:15:00,3,0
2025-12-02 22:30:00,5,1
2025-12-02 23:00:00,1,1
2025-12-02 23:15:00,1,2
2025-12-02 23:30:00,7,0
2025-12-03 00:00:00,0,2
2025-12-03 05:45:00,0,4
2025-12-03 06:30:00,3,1
2025-12-03 06:45:00,1,0
2025-12-03 07:00:00,9,0
2025-12-03 07:15:00,1,0
2025-12-03 07:30:00,17,1
2025-12-03 08:00:00,4,2
2025-12-03 08:15:00,37,34
2025-12-03 08:30:00,6,3
2025-12-03 08:45:00,23,32
2025-12-03 09:00:00,36,37
2025-12-03 09:15:00,2,1
2025-12-03 09:30:00,3,5
2025-12-03 10:00:00,3,3
2025-12-03 10:15:00,6,2
2025-12-03 10:30:00,6,1
2025-12-03 10:45:00,4,4
2025-12-03 11:00:00,2,0
2025-12-03 11:15:00,6,0
2025-12-03 11:30:00,49,42
2025-12-03 11:45:00,1,2
2025-12-03 12:00:00,15,7
2025-12-03 12:15:00,6,5
2025-12-03 12:30:00,11,5
2025-12-03 12:45:00,1,0
2025-12-03 13:00:00,3,0
2025-12-03 13:15:00,12,26
2025-12-03 13:30:00,13,11
2025-12-03 13:45:00,3,2
2025-12-03 14:00:00,6,3
2025-12-03 14:15:00,17,11
2025-12-03 14:30:00,7,0
2025-12-03 15:00:00,12,10
2025-12-03 15:15:00,1,0
2025-12-03 15:30:00,17,4
2025-12-03 15:45:00,8,4
2025-12-03 16:00:00,15,3
2025-12-03 16:15:00,9,2
2025-12-03 16:30:00,20,12
2025-12-03 16:45:00,3,12
2025-12-03 17:00:00,3,2
2025-12-03 17:15:00,5,3
2025-12-03 17:30:00,14,3
2025-12-03 17:45:00,7,2
2025-12-03 18:00:00,9,3
2025-12-03 18:15:00,2,0
2025-12-03 18:30:00,9,1
2025-12-03 18:45:00,0,1
2025-12-03 19:00:00,1,0
2025-12-03 19:15:00,3,0
2025-12-03 19:30:00,21,3
2025-12-03 19:45:00,1,0
2025-12-03 20:15:00,5,10
2025-12-03 20:30:00,10,10
2025-12-03 20:45:00,2,1
2025-12-03 21:15:00,4,11
2025-12-03 21:30:00,12,3
2025-12-03 21:45:00,1,2
2025-12-03 22:00:00,1,0
2025-12-03 22:15:00,4,10
2025-12-03 22:30:00,8,0
2025-12-03 22:45:00,1,1
2025-12-03 23:00:00,3,0
2025-12-03 23:30:00,2,2
2025-12-03 23:45:00,0,1
2025-12-04 02:00:00,0,2
2025-12-04 06:30:00,5,1
2025-12-04 06:45:00,2,4
2025-12-04 07:00:00,12,9
2025-12-04 07:15:00,4,0
2025-12-04 07:30:00,12,0
2025-12-04 07:45:00,2,3
2025-12-04 08:00:00,9,1
2025-12-04 08:15:00,27,14
2025-12-04 08:30:00,4,10
2025-12-04 08:45:00,6,7
2025-12-04 09:00:00,74,49
2025-12-04 09:15:00,9,4
2025-12-04 09:30:00,7,6
2025-12-04 09:45:00,3,3
2025-12-04 10:00:00,1,11
2025-12-04 10:15:00,3,2
2025-12-04 10:30:00,2,1
2025-12-04 10:45:00,6,5
2025-12-04 11:00:00,0,3
2025-12-04 11:15:00,9,8
2025-12-04 11:30:00,11,4
2025-12-04 11:45:00,6,5
2025-12-04 12:00:00,13,4
2025-12-04 12:15:00,3,2
2025-12-04 12:30:00,16,27
2025-12-04 12:45:00,2,1
2025-12-04 13:00:00,2,0
2025-12-04 13:15:00,5,3
2025-12-04 13:30:00,5,1
2025-12-04 13:45:00,7,2
2025-12-04 14:00:00,9,4
2025-12-04 14:15:00,2,0
2025-12-04 14:30:00,408,416
2025-12-04 14:45:00,1,1
2025-12-04 15:00:00,6,2
2025-12-04 15:15:00,10,5
2025-12-04 15:30:00,16,3
2025-12-04 15:45:00,6,3
2025-12-04 16:00:00,21,19
2025-12-04 16:15:00,8,1
2025-12-04 16:30:00,24,11
2025-12-04 16:45:00,2,0
2025-12-04 17:00:00,5,3
2025-12-04 17:15:00,7,3
2025-12-04 17:30:00,15,3
2025-12-04 17:45:00,6,2
2025-12-04 18:00:00,16,1
2025-12-04 18:15:00,7,2
2025-12-04 18:30:00,11,4
2025-12-04 18:45:00,1,0
2025-12-04 19:00:00,5,0
2025-12-04 19:15:00,2,0
2025-12-04 19:30:00,14,22
2025-12-04 20:00:00,1,2
2025-12-04 20:15:00,5,0
2025-12-04 20:30:00,14,3
2025-12-04 20:45:00,2,2
2025-12-04 21:00:00,1,0
2025-12-04 21:30:00,13,0
2025-12-04 22:00:00,3,0
2025-12-04 22:15:00,3,0
2025-12-04 22:30:00,4,1
2025-12-04 22:45:00,4,0
2025-12-04 23:00:00,4,2
2025-12-04 23:30:00,8,0
2025-12-05 06:30:00,4,0
2025-12-05 06:45:00,8,11
2025-12-05 07:00:00,10,0
2025-12-05 07:15:00,1,0
2025-12-05 07:30:00,17,1
2025-12-05 08:00:00,7,1
2025-12-05 08:15:00,23,11
2025-12-05 08:30:00,3,2
2025-12-05 08:45:00,1,3
2025-12-05 09:00:00,10,6
2025-12-05 09:15:00,3,0
2025-12-05 09:30:00,1,2
2025-12-05 10:00:00,6,4
2025-12-05 10:15:00,3,4
2025-12-05 10:30:00,15,7
2025-12-05 11:00:00,1,1
2025-12-05 11:15:00,6,1
2025-12-05 11:30:00,19,8
2025-12-05 11:45:00,8,4
2025-12-05 12:00:00,16,10
2025-12-05 12:15:00,3,4
2025-12-05 12:30:00,25,18
2025-12-05 12:45:00,7,8
2025-12-05 13:00:00,9,6
2025-12-05 13:15:00,6,5
2025-12-05 13:30:00,27,35
2025-12-05 13:45:00,2,3
2025-12-05 14:00:00,15,13
2025-12-05 14:15:00,2,1
2025-12-05 14:30:00,13,7
2025-12-05 14:45:00,3,3
2025-12-05 15:00:00,4,4
2025-12-05 15:15:00,7,2
2025-12-05 15:30:00,22,6
2025-12-05 15:45:00,9,5
2025-12-05 16:00:00,31,24
2025-12-05 16:15:00,6,1
2025-12-05 16:30:00,29,40
2025-12-05 16:45:00,124,124
2025-12-05 17:00:00,3,0
2025-12-05 17:15:00,22,16
2025-12-05 17:30:00,33,12
2025-12-05 17:45:00,2,5
2025-12-05 18:00:00,22,7
2025-12-05 18:15:00,1,2
2025-12-05 18:30:00,23,8
2025-12-05 18:45:00,1,1
2025-12-05 19:00:00,7,6
2025-12-05 19:15:00,9,4
2025-12-05 19:30:00,18,34
2025-12-05 20:15:00,2,0
2025-12-05 20:30:00,10,2
2025-12-05 20:45:00,4,4
2025-12-05 21:00:00,1,0
2025-12-05 21:15:00,2,0
2025-12-05 21:30:00,14,7
2025-12-05 22:15:00,3,10
2025-12-05 22:30:00,13,9
2025-12-05 22:45:00,4,3
2025-12-05 23:00:00,8,2
2025-12-05 23:15:00,1,0
2025-12-05 23:30:00,4,0
2025-12-06 07:00:00,4,4
2025-12-06 07:15:00,1,1
2025-12-06 07:30:00,2,0
2025-12-06 07:45:00,2,1
2025-12-06 08:00:00,2,0
2025-12-06 08:15:00,3,6
2025-12-06 08:30:00,0,1
2025-12-06 08:45:00,6,5
2025-12-06 09:00:00,14,17
2025-12-06 09:15:00,5,3
2025-12-06 09:30:00,28,22
2025-12-06 09:45:00,2,2
2025-12-06 10:00:00,4,4
2025-12-06 10:15:00,6,6
2025-12-06 10:30:00,24,18
2025-12-06 10:45:00,1,0
2025-12-06 11:00:00,4,4
2025-12-06 11:15:00,14,21
2025-12-06 11:30:00,42,45
2025-12-06 11:45:00,10,10
2025-12-06 12:00:00,47,36
2025-12-06 12:15:00,11,7
2025-12-06 12:30:00,50,44
2025-12-06 12:45:00,1,3
2025-12-06 13:00:00,7,6
2025-12-06 13:15:00,23,18
2025-12-06 13:30:00,53,34
2025-12-06 13:45:00,11,19
2025-12-06 14:00:00,12,17
2025-12-06 14:15:00,15,17
2025-12-06 14:30:00,32,16
2025-12-06 14:45:00,6,6
2025-12-06 15:00:00,15,15
2025-12-06 15:15:00,10,10
2025-12-06 15:30:00,33,19
2025-12-06 15:45:00,15,12
2025-12-06 16:00:00,23,19
2025-12-06 16:15:00,5,5
2025-12-06 16:30:00,19,10
2025-12-06 16:45:00,1,0
2025-12-06 17:00:00,1,14
2025-12-06 17:15:00,13,7
2025-12-06 17:30:00,22,19
2025-12-06 17:45:00,6,2
2025-12-06 18:00:00,10,6
2025-12-06 18:15:00,2,0
2025-12-06 18:30:00,14,12
2025-12-06 19:00:00,4,3
2025-12-06 19:15:00,10,3
2025-12-06 19:30:00,21,2
2025-12-06 19:45:00,1,1
2025-12-06 20:00:00,2,1
2025-12-06 20:15:00,9,4
2025-12-06 20:30:00,17,7
2025-12-06 20:45:00,0,1
2025-12-06 21:15:00,1,0
2025-12-06 21:30:00,19,46
2025-12-06 22:00:00,1,1
2025-12-06 22:15:00,5,1
2025-12-06 22:30:00,13,1
2025-12-06 23:00:00,3,2
2025-12-06 23:15:00,0,2
2025-12-06 23:30:00,7,0
2025-12-07 00:15:00,0,1
2025-12-07 01:00:00,0,1
2025-12-07 07:00:00,2,0
2025-12-07 07:30:00,2,0
2025-12-07 08:00:00,1,1
2025-12-07 08:15:00,1,2
2025-12-07 08:30:00,1,0
2025-12-07 08:45:00,2,4
2025-12-07 09:00:00,2,4
2025-12-07 09:15:00,5,0
2025-12-07 09:30:00,13,14
2025-12-07 09:45:00,1,1
2025-12-07 10:00:00,1,1
2025-12-07 10:15:00,2,1
2025-12-07 10:30:00,12,4
2025-12-07 10:45:00,3,3
2025-12-07 11:00:00,0,2
2025-12-07 11:15:00,5,5
2025-12-07 11:30:00,19,14
2025-12-07 11:45:00,10,6
2025-12-07 12:00:00,17,11
2025-12-07 12:15:00,29,23
2025-12-07 12:30:00,37,14
2025-12-07 12:45:00,1,1
2025-12-07 13:00:00,1,1
2025-12-07 13:15:00,10,9
2025-12-07 13:30:00,21,25
2025-12-07 13:45:00,6,8
2025-12-07 14:00:00,21,17
2025-12-07 14:15:00,12,11
2025-12-07 14:30:00,18,17
2025-12-07 14:45:00,3,5
2025-12-07 15:00:00,10,12
2025-12-07 15:15:00,4,5
2025-12-07 15:30:00,19,9
2025-12-07 15:45:00,9,6
2025-12-07 16:00:00,14,11
2025-12-07 16:15:00,11,7
2025-12-07 16:30:00,21,12
2025-12-07 16:45:00,6,0
2025-12-07 17:00:00,2,2
2025-12-07 17:15:00,11,1
2025-12-07 17:30:00,17,8
2025-12-07 17:45:00,2,0
2025-12-07 18:00:00,15,10
2025-12-07 18:15:00,2,0
2025-12-07 18:30:00,15,6
2025-12-07 19:00:00,5,2
2025-12-07 19:15:00,2,1
2025-12-07 19:30:00,5,1
2025-12-07 19:45:00,3,2
2025-12-07 20:00:00,2,0
2025-12-07 20:15:00,9,6
2025-12-07 20:30:00,15,13
2025-12-07 20:45:00,1,10
2025-12-07 21:00:00,1,0
2025-12-07 21:15:00,2,0
2025-12-07 21:30:00,4,0
2025-12-07 22:00:00,2,10
2025-12-07 22:15:00,5,0
2025-12-07 22:30:00,3,0
2025-12-07 23:15:00,1,0
2025-12-07 23:30:00,2,1
2025-12-08 00:00:00,0,1
2025-12-08 03:45:00,0,1
2025-12-08 06:30:00,3,0
2025-12-08 06:45:00,8,5
2025-12-08 07:00:00,10,0
2025-12-08 07:15:00,1,0
2025-12-08 07:30:00,10,0
2025-12-08 08:00:00,5,0
2025-12-08 08:15:00,29,10
2025-12-08 08:30:00,2,1
2025-12-08 08:45:00,7,2
2025-12-08 09:00:00,4,0
2025-12-08 09:15:00,2,3
2025-12-08 09:30:00,5,2
2025-12-08 10:00:00,4,1
2025-12-08 10:15:00,5,6
2025-12-08 10:30:00,21,15
2025-12-08 11:00:00,45,42
2025-12-08 11:15:00,8,9
2025-12-08 11:30:00,23,17
2025-12-08 11:45:00,1,1
2025-12-08 12:00:00,8,8
2025-12-08 12:15:00,10,9
2025-12-08 12:30:00,24,21
2025-12-08 12:45:00,7,9
2025-12-08 13:00:00,12,3
2025-12-08 13:15:00,1,1
2025-12-08 13:30:00,0,5
2025-12-08 13:45:00,4,4
2025-12-08 14:00:00,9,9
2025-12-08 14:15:00,24,15
2025-12-08 14:30:00,38,19
2025-12-08 14:45:00,1,0
2025-12-08 15:00:00,3,0
2025-12-08 15:15:00,2,2
2025-12-08 15:30:00,15,11
2025-12-08 15:45:00,2,0
2025-12-08 16:15:00,0,10
2025-12-08 17:30:00,0,3
2025-12-08 18:45:00,116,116
2025-12-08 21:00:00,0,2
2025-12-09 07:15:00,0,4
2025-12-09 11:45:00,0,1
2025-12-09 12:45:00,0,2
2025-12-09 18:30:00,0,10
2025-12-09 18:45:00,0,1
2025-12-09 20:15:00,3,2
2025-12-09 21:00:00,1,0
2025-12-09 21:30:00,10,11
2025-12-09 22:00:00,3,3
2025-12-09 22:15:00,4,0
2025-12-09 22:30:00,1,0
2025-12-09 23:15:00,1,0
2025-12-10 06:30:00,4,0
2025-12-10 06:45:00,2,0
2025-12-10 07:00:00,1,0
2025-12-10 07:30:00,5,0
2025-12-10 07:45:00,2,0
2025-12-10 08:00:00,2,0
2025-12-10 08:15:00,16,0
2025-12-10 08:45:00,1,0
2025-12-10 09:00:00,4,1
2025-12-10 09:15:00,1,0
2025-12-10 09:30:00,3,1
2025-12-10 09:45:00,1,0
2025-12-10 10:00:00,1,1
2025-12-10 10:15:00,2,1
2025-12-10 10:30:00,4,21
2025-12-10 11:15:00,3,0
2025-12-10 11:30:00,1,0
2025-12-10 11:45:00,2,1
2025-12-10 12:00:00,2,0
2025-12-10 12:30:00,5,0
2025-12-10 12:45:00,1,0
2025-12-10 13:00:00,3,0
2025-12-10 13:15:00,6,2
2025-12-10 13:30:00,10,3
2025-12-10 13:45:00,5,2
2025-12-10 14:00:00,7,1
2025-12-10 14:15:00,7,5
2025-12-10 14:30:00,5,1
2025-12-10 14:45:00,2,0
2025-12-10 15:00:00,2,1
2025-12-10 15:15:00,5,0
2025-12-10 15:30:00,12,31
2025-12-10 16:00:00,13,4
2025-12-10 16:15:00,5,1
2025-12-10 16:30:00,19,3
2025-12-10 16:45:00,1,0
2025-12-10 17:00:00,9,6
2025-12-10 17:15:00,7,0
2025-12-10 17:30:00,12,20
2025-12-10 17:45:00,8,10
2025-12-10 18:00:00,17,17
2025-12-10 18:15:00,4,1
2025-12-10 18:30:00,7,0
2025-12-10 19:00:00,2,0
2025-12-10 19:15:00,9,6
2025-12-10 19:30:00,7,2
2025-12-10 19:45:00,2,0
2025-12-10 20:00:00,1,0
2025-12-10 20:15:00,4,0
2025-12-10 20:30:00,10,50
2025-12-10 21:15:00,2,0
2025-12-10 21:30:00,10,0
2025-12-10 22:00:00,1,0
2025-12-10 22:15:00,4,0
2025-12-10 22:30:00,7,1
2025-12-10 22:45:00,1,0
2025-12-10 23:00:00,3,2
2025-12-10 23:15:00,1,0
2025-12-11 06:30:00,9,0
2025-12-11 06:45:00,2,0
2025-12-11 07:00:00,10,0
2025-12-11 07:15:00,2,0
2025-12-11 07:30:00,10,0
2025-12-11 08:00:00,4,0
2025-12-11 08:15:00,24,9
2025-12-11 08:45:00,6,4
2025-12-11 09:00:00,10,4
2025-12-11 09:15:00,2,2
2025-12-11 09:30:00,3,1
2025-12-11 09:45:00,1,2
2025-12-11 10:00:00,4,4
2025-12-11 10:15:00,6,7
2025-12-11 10:30:00,10,4
2025-12-11 10:45:00,1,1
2025-12-11 11:00:00,4,6
2025-12-11 11:15:00,8,4
2025-12-11 11:30:00,16,17
2025-12-11 11:45:00,1,0
2025-12-11 12:00:00,12,18
2025-12-11 12:15:00,13,19
2025-12-11 12:30:00,6,2
2025-12-11 12:45:00,2,2
2025-12-11 13:00:00,6,6
2025-12-11 13:15:00,10,11
2025-12-11 13:30:00,9,24
2025-12-11 13:45:00,17,11
2025-12-11 14:00:00,18,12
2025-12-11 14:15:00,10,4
2025-12-11 14:30:00,13,3
2025-12-11 14:45:00,126,126
2025-12-11 15:00:00,16,22
2025-12-11 15:15:00,3,0
2025-12-11 15:30:00,21,9
2025-12-11 15:45:00,4,4
2025-12-11 16:00:00,20,28
2025-12-11 16:15:00,8,22
2025-12-11 16:30:00,26,5
2025-12-11 16:45:00,0,50
2025-12-11 17:00:00,2,1
2025-12-11 17:15:00,7,1
2025-12-11 17:30:00,23,8
2025-12-11 17:45:00,1,20
2025-12-11 18:00:00,11,0
2025-12-11 18:15:00,4,30
2025-12-11 18:30:00,5,2
2025-12-11 19:00:00,0,5
2025-12-11 19:15:00,4,0
2025-12-11 19:30:00,18,1
2025-12-11 20:15:00,2,20
2025-12-11 20:30:00,10,0
2025-12-11 20:45:00,1,2
2025-12-11 21:15:00,6,10
2025-12-11 21:30:00,14,60
2025-12-11 21:45:00,3,2
2025-12-11 22:00:00,1,0
2025-12-11 22:15:00,1,0
2025-12-11 22:30:00,6,0
2025-12-11 23:00:00,3,0
2025-12-11 23:30:00,8,1
2025-12-12 04:15:00,0,4
2025-12-12 06:30:00,11,7
2025-12-12 06:45:00,3,0
2025-12-12 07:00:00,7,0
2025-12-12 07:15:00,3,0
2025-12-12 07:30:00,7,2
2025-12-12 07:45:00,2,0
2025-12-12 08:00:00,2,0
2025-12-12 08:15:00,15,5
2025-12-12 08:30:00,8,5
2025-12-12 08:45:00,5,4
2025-12-12 09:00:00,10,13
2025-12-12 09:15:00,1,5
2025-12-12 09:30:00,11,30
2025-12-12 09:45:00,2,0
2025-12-12 10:00:00,7,7
2025-12-12 10:15:00,2,2
2025-12-12 10:30:00,28,16
2025-12-12 10:45:00,4,9
2025-12-12 11:00:00,5,3
2025-12-12 11:15:00,9,5
2025-12-12 11:30:00,17,6
2025-12-12 11:45:00,11,4
2025-12-12 12:00:00,4,22
2025-12-12 12:15:00,4,2
2025-12-12 12:30:00,8,21
2025-12-12 13:00:00,1,0
2025-12-12 13:15:00,19,16
2025-12-12 13:30:00,16,7
2025-12-12 13:45:00,9,6
2025-12-12 14:00:00,14,11
2025-12-12 14:15:00,4,3
2025-12-12 14:30:00,26,15
2025-12-12 14:45:00,2,3
2025-12-12 15:00:00,3,1
2025-12-12 15:15:00,22,18
2025-12-12 15:30:00,23,7
2025-12-12 15:45:00,7,10
2025-12-12 16:00:00,24,12
2025-12-12 16:15:00,7,3
2025-12-12 16:30:00,24,8
2025-12-12 16:45:00,4,4
2025-12-12 17:00:00,7,9
2025-12-12 17:15:00,1,0
2025-12-12 17:30:00,7,20
2025-12-12 17:45:00,8,5
2025-12-12 18:00:00,22,26
2025-12-12 18:15:00,7,2
2025-12-12 18:30:00,13,1
2025-12-12 18:45:00,2,0
2025-12-12 19:00:00,2,2
2025-12-12 19:15:00,3,20
2025-12-12 19:30:00,10,1
2025-12-12 19:45:00,4,3
2025-12-12 20:00:00,6,3
2025-12-12 20:15:00,3,0
2025-12-12 20:30:00,10,0
2025-12-12 20:45:00,1,0
2025-12-12 21:00:00,1,0
2025-12-12 21:15:00,4,5
2025-12-12 21:30:00,25,3
2025-12-12 22:00:00,1,0
2025-12-12 22:15:00,13,7
2025-12-12 22:30:00,9,0
2025-12-12 22:45:00,2,0
2025-12-12 23:00:00,8,0
2025-12-12 23:15:00,1,0
2025-12-12 23:30:00,10,2
2025-12-12 23:45:00,2,2
2025-12-13 06:45:00,4,4
2025-12-13 07:00:00,1,0
2025-12-13 07:15:00,1,1
2025-12-13 07:30:00,2,0
2025-12-13 08:00:00,1,0
2025-12-13 08:15:00,5,31
2025-12-13 08:30:00,1,0
2025-12-13 08:45:00,3,0
2025-12-13 09:00:00,7,1
2025-12-13 09:15:00,8,8
2025-12-13 09:30:00,7,23
2025-12-13 09:45:00,1,2
2025-12-13 10:00:00,1,0
2025-12-13 10:15:00,13,10
2025-12-13 10:30:00,22,15
2025-12-13 10:45:00,1,2
2025-12-13 11:00:00,15,14
2025-12-13 11:15:00,5,12
2025-12-13 11:30:00,12,6
2025-12-13 11:45:00,7,6
2025-12-13 12:00:00,22,19
2025-12-13 12:15:00,12,41
2025-12-13 12:30:00,26,18
2025-12-13 12:45:00,3,6
2025-12-13 13:00:00,1,6
2025-12-13 13:15:00,22,16
2025-12-13 13:30:00,32,44
2025-12-13 13:45:00,12,11
2025-12-13 14:00:00,26,19
2025-12-13 14:15:00,11,9
2025-12-13 14:30:00,22,18
2025-12-13 14:45:00,4,2
2025-12-13 15:00:00,9,8
2025-12-13 15:15:00,19,19
2025-12-13 15:30:00,26,35
2025-12-13 15:45:00,16,13
2025-12-13 16:00:00,26,19
2025-12-13 16:15:00,10,2
2025-12-13 16:30:00,19,6
2025-12-13 16:45:00,5,4
2025-12-13 17:00:00,9,5
2025-12-13 17:15:00,7,4
2025-12-13 17:30:00,29,22
2025-12-13 17:45:00,11,8
2025-12-13 18:00:00,10,3
2025-12-13 18:15:00,8,2
2025-12-13 18:30:00,30,14
2025-12-13 18:45:00,6,2
2025-12-13 19:15:00,9,5
2025-12-13 19:30:00,16,0
2025-12-13 20:00:00,2,2
2025-12-13 20:15:00,4,2
2025-12-13 20:30:00,12,5
2025-12-13 20:45:00,1,0
2025-12-13 21:00:00,3,4
2025-12-13 21:15:00,6,0
2025-12-13 21:30:00,7,1
2025-12-13 22:15:00,1,0
2025-12-13 22:30:00,7,0
2025-12-13 22:45:00,3,1
2025-12-13 23:00:00,8,1
2025-12-13 23:30:00,10,10
2025-12-13 23:45:00,2,5
2025-12-14 01:30:00,0,1
2025-12-14 06:15:00,0,2
2025-12-14 06:30:00,7,6
2025-12-14 06:45:00,1,1
2025-12-14 07:00:00,1,1
2025-12-14 07:30:00,3,1
2025-12-14 08:00:00,1,1
2025-12-14 08:45:00,0,2
2025-12-14 09:00:00,4,13
2025-12-14 09:15:00,3,10
2025-12-14 09:30:00,5,5
2025-12-14 10:00:00,3,2
2025-12-14 10:15:00,3,3
2025-12-14 10:30:00,8,4
2025-12-14 10:45:00,2,6
2025-12-14 11:00:00,3,4
2025-12-14 11:15:00,12,3
2025-12-14 11:30:00,13,10
2025-12-14 11:45:00,16,8
2025-12-14 12:00:00,22,14
2025-12-14 12:15:00,4,3
2025-12-14 12:30:00,26,29
2025-12-14 12:45:00,7,10
2025-12-14 13:00:00,13,11
2025-12-14 13:15:00,11,7
2025-12-14 13:30:00,27,18
2025-12-14 13:45:00,6,4
2025-12-14 14:00:00,17,18
2025-12-14 14:15:00,13,19
2025-12-14 14:30:00,27,30
2025-12-14 14:45:00,3,1
2025-12-14 15:00:00,2,12
2025-12-14 15:15:00,13,21
2025-12-14 15:30:00,28,28
2025-12-14 15:45:00,19,15
2025-12-14 16:00:00,28,8
2025-12-14 16:15:00,20,13
2025-12-14 16:30:00,18,4
2025-12-14 16:45:00,3,6
2025-12-14 17:00:00,2,4
2025-12-14 17:15:00,3,0
2025-12-14 17:30:00,13,6
2025-12-14 17:45:00,4,0
2025-12-14 18:00:00,16,6
2025-12-14 18:15:00,2,10
2025-12-14 18:30:00,9,10
2025-12-14 19:00:00,8,7
2025-12-14 19:15:00,4,2
2025-12-14 19:30:00,9,2
2025-12-14 20:00:00,1,0
2025-12-14 20:15:00,2,0
2025-12-14 20:30:00,6,1
2025-12-14 21:00:00,2,0
2025-12-14 21:15:00,3,0
2025-12-14 21:30:00,5,1
2025-12-14 22:15:00,2,2
2025-12-14 22:30:00,5,0
2025-12-14 22:45:00,1,0
2025-12-14 23:00:00,2,0
2025-12-14 23:15:00,2,1
2025-12-14 23:30:00,3,2
2025-12-15 06:30:00,4,0
2025-12-15 06:45:00,1,0
2025-12-15 07:00:00,10,3
2025-12-15 07:15:00,4,0
2025-12-15 07:30:00,14,1
2025-12-15 07:45:00,1,0
2025-12-15 08:00:00,4,0
2025-12-15 08:15:00,22,11
2025-12-15 08:30:00,5,0
2025-12-15 08:45:00,2,0
2025-12-15 09:00:00,9,5
2025-12-15 09:15:00,1,1
2025-12-15 09:30:00,6,5
2025-12-15 10:00:00,1,11
2025-12-15 10:15:00,34,34
2025-12-15 10:30:00,14,16
2025-12-15 11:00:00,5,5
2025-12-15 11:15:00,1,1
2025-12-15 11:30:00,7,1
2025-12-15 11:45:00,5,4
2025-12-15 12:00:00,9,5
2025-12-15 12:15:00,4,0
2025-12-15 12:30:00,7,50
2025-12-15 12:45:00,1,3
2025-12-15 13:00:00,10,5
2025-12-15 13:15:00,6,2
2025-12-15 13:30:00,12,3
2025-12-15 13:45:00,6,5
2025-12-15 14:00:00,9,1
2025-12-15 14:15:00,3,0
2025-12-15 14:30:00,10,0
2025-12-15 14:45:00,0,1
2025-12-15 15:00:00,8,4
2025-12-15 15:15:00,4,7
2025-12-15 15:30:00,16,26
2025-12-15 15:45:00,13,17
2025-12-15 16:00:00,10,0
2025-12-15 16:15:00,3,0
2025-12-15 16:30:00,34,30
2025-12-15 16:45:00,2,0
2025-12-15 17:00:00,3,0
2025-12-15 17:15:00,7,14
2025-12-15 17:30:00,23,31
2025-12-15 17:45:00,5,1
2025-12-15 18:00:00,10,3
2025-12-15 18:15:00,2,0
2025-12-15 18:30:00,12,0
2025-12-15 19:00:00,1,0
2025-12-15 19:15:00,3,0
2025-12-15 19:30:00,13,2
2025-12-15 19:45:00,1,0
2025-12-15 20:00:00,1,0
2025-12-15 20:15:00,7,4
2025-12-15 20:30:00,7,1
2025-12-15 21:15:00,2,0
2025-12-15 21:30:00,6,0
2025-12-15 21:45:00,3,0
2025-12-15 22:15:00,1,0
2025-12-15 22:30:00,12,21
2025-12-15 23:00:00,1,1
2025-12-16 00:15:00,0,1
2025-12-16 06:15:00,7,7
2025-12-16 06:30:00,5,0
2025-12-16 06:45:00,4,0
2025-12-16 07:00:00,7,2
2025-12-16 07:15:00,5,0
2025-12-16 07:30:00,12,0
2025-12-16 07:45:00,1,0
2025-12-16 08:00:00,4,2
2025-12-16 08:15:00,27,10
2025-12-16 08:30:00,3,0
2025-12-16 08:45:00,4,0
2025-12-16 09:00:00,6,2
2025-12-16 09:15:00,1,1
2025-12-16 09:30:00,1,1
2025-12-16 09:45:00,4,2
2025-12-16 10:00:00,3,3
2025-12-16 10:15:00,7,4
2025-12-16 10:30:00,5,1
2025-12-16 10:45:00,5,5
2025-12-16 11:00:00,3,3
2025-12-16 11:15:00,8,3
2025-12-16 11:30:00,9,10
2025-12-16 11:45:00,7,15
2025-12-16 12:00:00,3,4
2025-12-16 12:15:00,4,12
2025-12-16 12:30:00,19,12
2025-12-16 12:45:00,9,5
2025-12-16 13:00:00,3,2
2025-12-16 13:15:00,9,16
2025-12-16 13:30:00,24,7
2025-12-16 13:45:00,4,3
2025-12-16 14:00:00,15,5
2025-12-16 14:15:00,4,11
2025-12-16 14:30:00,27,18
2025-12-16 15:15:00,122,130
2025-12-16 15:30:00,26,15
2025-12-16 15:45:00,7,0
2025-12-16 16:00:00,16,13
2025-12-16 16:15:00,7,3
2025-12-16 16:30:00,20,4
2025-12-16 16:45:00,1,1
2025-12-16 17:00:00,6,3
2025-12-16 17:15:00,7,6
2025-12-16 17:30:00,10,4
2025-12-16 17:45:00,1,1
2025-12-16 18:00:00,11,1
2025-12-16 18:15:00,3,0
2025-12-16 18:30:00,14,21
2025-12-16 18:45:00,1,0
2025-12-16 19:15:00,5,3
2025-12-16 19:30:00,13,1
2025-12-16 20:00:00,1,0
2025-12-16 20:15:00,7,12
2025-12-16 20:30:00,15,5
2025-12-16 21:15:00,2,0
2025-12-16 21:30:00,11,3
2025-12-16 21:45:00,0,1
2025-12-16 22:00:00,2,10
2025-12-16 22:15:00,1,1
2025-12-16 22:30:00,6,1
2025-12-16 22:45:00,3,1
2025-12-16 23:00:00,4,0
2025-12-16 23:15:00,1,2
2025-12-16 23:30:00,5,1
2025-12-16 23:45:00,0,2
2025-12-17 00:30:00,0,2
2025-12-17 06:30:00,10,7
2025-12-17 06:45:00,2,0
2025-12-17 07:00:00,11,2
2025-12-17 07:15:00,3,0
2025-12-17 07:30:00,10,0
2025-12-17 07:45:00,1,0
2025-12-17 08:00:00,9,10
2025-12-17 08:15:00,21,12
2025-12-17 08:30:00,2,1
2025-12-17 08:45:00,6,1
2025-12-17 09:00:00,7,4
2025-12-17 09:15:00,1,4
2025-12-17 09:30:00,6,5
2025-12-17 10:00:00,3,1
2025-12-17 10:30:00,16,14
2025-12-17 10:45:00,0,1
2025-12-17 11:00:00,6,4
2025-12-17 11:15:00,16,9
2025-12-17 11:30:00,20,25
2025-12-17 11:45:00,6,9
2025-12-17 12:00:00,17,6
2025-12-17 12:15:00,5,3
2025-12-17 12:30:00,10,12
2025-12-17 12:45:00,2,12
2025-12-17 13:00:00,4,4
2025-12-17 13:15:00,11,7
2025-12-17 13:30:00,7,12
2025-12-17 13:45:00,10,5
2025-12-17 14:00:00,8,6
2025-12-17 14:15:00,2,0
2025-12-17 14:30:00,23,14
2025-12-17 14:45:00,2,2
2025-12-17 15:00:00,10,13
2025-12-17 15:15:00,124,118
2025-12-17 15:30:00,24,13
2025-12-17 15:45:00,8,1
2025-12-17 16:00:00,27,15
2025-12-17 16:15:00,15,11
2025-12-17 16:30:00,20,10
2025-12-17 16:45:00,2,0
2025-12-17 17:00:00,6,8
2025-12-17 17:15:00,16,8
2025-12-17 17:30:00,21,3
2025-12-17 17:45:00,6,2
2025-12-17 18:00:00,15,5
2025-12-17 18:15:00,4,0
2025-12-17 18:30:00,18,2
2025-12-17 18:45:00,0,1
2025-12-17 19:00:00,1,0
2025-12-17 19:15:00,1,0
2025-12-17 19:30:00,12,13
2025-12-17 19:45:00,2,0
2025-12-17 20:30:00,13,2
2025-12-17 21:00:00,4,3
2025-12-17 21:15:00,7,10
2025-12-17 21:30:00,15,3
2025-12-17 21:45:00,1,0
2025-12-17 22:00:00,1,10
2025-12-17 22:15:00,4,0
2025-12-17 22:30:00,16,17
2025-12-17 23:00:00,3,1
2025-12-17 23:15:00,2,2
2025-12-17 23:30:00,3,1
2025-12-18 00:00:00,0,1
2025-12-18 02:30:00,0,1
2025-12-18 06:00:00,0,1
2025-12-18 06:15:00,7,9
2025-12-18 06:30:00,12,4
2025-12-18 06:45:00,4,0
2025-12-18 07:00:00,11,4
2025-12-18 07:15:00,3,0
2025-12-18 07:30:00,15,0
2025-12-18 08:00:00,6,0
2025-12-18 08:15:00,33,14
2025-12-18 08:30:00,1,0
2025-12-18 08:45:00,4,4
2025-12-18 09:00:00,12,5
2025-12-18 09:15:00,2,3
2025-12-18 09:30:00,3,3
2025-12-18 10:00:00,1,1
2025-12-18 10:15:00,2,1
2025-12-18 10:30:00,11,6
2025-12-18 11:00:00,7,9
2025-12-18 11:15:00,8,5
2025-12-18 11:30:00,18,11
2025-12-18 11:45:00,6,5
2025-12-18 12:00:00,16,23
2025-12-18 12:15:00,7,5
2025-12-18 12:30:00,20,14
2025-12-18 12:45:00,7,4
2025-12-18 13:00:00,13,15
2025-12-18 13:15:00,19,12
2025-12-18 13:30:00,26,12
2025-12-18 13:45:00,6,4
2025-12-18 14:00:00,9,24
2025-12-18 14:15:00,12,4
2025-12-18 14:30:00,17,5
2025-12-18 14:45:00,8,3
2025-12-18 15:00:00,17,13
2025-12-18 15:15:00,3,2
2025-12-18 15:30:00,27,11
2025-12-18 15:45:00,19,13
2025-12-18 16:00:00,138,151
2025-12-18 16:15:00,23,36
2025-12-18 16:30:00,43,24
2025-12-18 16:45:00,5,5
2025-12-18 17:00:00,2,0
2025-12-18 17:15:00,10,5
2025-12-18 17:30:00,33,16
2025-12-18 17:45:00,9,6
2025-12-18 18:00:00,16,2
2025-12-18 18:15:00,3,1
2025-12-18 18:30:00,13,15
2025-12-18 18:45:00,3,3
2025-12-18 19:00:00,1,0
2025-12-18 19:15:00,6,2
2025-12-18 19:30:00,16,3
2025-12-18 19:45:00,2,0
2025-12-18 20:00:00,1,0
2025-12-18 20:15:00,10,14
2025-12-18 20:30:00,13,1
2025-12-18 21:15:00,3,0
2025-12-18 21:30:00,13,5
2025-12-18 22:00:00,3,0
2025-12-18 22:15:00,1,2
2025-12-18 22:30:00,6,2
2025-12-18 22:45:00,3,0
2025-12-18 23:00:00,3,0
2025-12-18 23:30:00,12,6
2025-12-19 06:30:00,4,0
2025-12-19 06:45:00,2,0
2025-12-19 07:00:00,3,2
2025-12-19 07:15:00,8,11
2025-12-19 07:30:00,15,0
2025-12-19 07:45:00,4,2
2025-12-19 08:00:00,5,0
2025-12-19 08:15:00,22,11
2025-12-19 08:30:00,2,4
2025-12-19 08:45:00,2,1
2025-12-19 09:00:00,9,6
2025-12-19 09:15:00,5,3
2025-12-19 09:30:00,4,2
2025-12-19 09:45:00,2,2
2025-12-19 10:00:00,1,1
2025-12-19 10:15:00,5,2
2025-12-19 10:30:00,9,2
2025-12-19 10:45:00,2,2
2025-12-19 11:00:00,2,0
2025-12-19 11:15:00,11,4
2025-12-19 11:30:00,8,3
2025-12-19 11:45:00,1,0
2025-12-19 12:00:00,111,126
2025-12-19 12:15:00,4,4
2025-12-19 12:30:00,14,6
2025-12-19 12:45:00,2,2
2025-12-19 13:00:00,7,7
2025-12-19 13:15:00,7,4
2025-12-19 13:30:00,22,16
2025-12-19 13:45:00,4,5
2025-12-19 14:00:00,10,13
2025-12-19 14:15:00,8,1
2025-12-19 14:30:00,20,11
2025-12-19 14:45:00,2,3
2025-12-19 15:00:00,2,3
2025-12-19 15:15:00,7,16
2025-12-19 15:30:00,23,7
2025-12-19 15:45:00,2,2
2025-12-19 16:00:00,12,14
2025-12-19 16:15:00,16,6
2025-12-19 16:30:00,20,11
2025-12-19 16:45:00,1,0
2025-12-19 17:00:00,3,3
2025-12-19 17:15:00,17,10
2025-12-19 17:30:00,11,5
2025-12-19 17:45:00,7,6
2025-12-19 18:00:00,19,10
2025-12-19 18:15:00,8,6
2025-12-19 18:30:00,7,0
2025-12-19 18:45:00,1,0
2025-12-19 19:00:00,5,6
2025-12-19 19:15:00,5,0
2025-12-19 19:30:00,20,5
2025-12-19 19:45:00,2,0
2025-12-19 20:00:00,3,2
2025-12-19 20:15:00,1,1
2025-12-19 20:30:00,7,2
2025-12-19 21:00:00,1,1
2025-12-19 21:15:00,2,0
2025-12-19 21:30:00,11,5
2025-12-19 22:00:00,2,2
2025-12-19 22:15:00,2,0
2025-12-19 22:30:00,15,2
2025-12-19 23:00:00,4,2
2025-12-19 23:30:00,8,2
2025-12-19 23:45:00,0,2
2025-12-20 04:15:00,0,1
2025-12-20 06:30:00,8,8
2025-12-20 07:00:00,1,0
2025-12-20 07:30:00,0,10
2025-12-20 07:45:00,1,0
2025-12-20 08:00:00,2,0
2025-12-20 08:15:00,4,3
2025-12-20 08:30:00,1,0
2025-12-20 08:45:00,1,0
2025-12-20 09:00:00,3,0
2025-12-20 09:15:00,5,7
2025-12-20 09:30:00,10,10
2025-12-20 09:45:00,1,3
2025-12-20 10:15:00,4,2
2025-12-20 10:30:00,27,14
2025-12-20 10:45:00,5,7
2025-12-20 11:00:00,3,1
2025-12-20 11:15:00,10,15
2025-12-20 11:30:00,13,8
2025-12-20 11:45:00,5,4
2025-12-20 12:00:00,21,16
2025-12-20 12:15:00,8,7
2025-12-20 12:30:00,18,9
2025-12-20 12:45:00,4,4
2025-12-20 13:00:00,10,9
2025-12-20 13:15:00,14,18
2025-12-20 13:30:00,23,13
2025-12-20 13:45:00,24,14
2025-12-20 14:00:00,17,11
2025-12-20 14:15:00,17,9
2025-12-20 14:30:00,38,35
2025-12-20 14:45:00,0,1
2025-12-20 15:00:00,16,14
2025-12-20 15:15:00,14,14
2025-12-20 15:30:00,18,32
2025-12-20 15:45:00,13,13
2025-12-20 16:00:00,36,37
2025-12-20 16:15:00,7,6
2025-12-20 16:30:00,30,11
2025-12-20 16:45:00,3,2
2025-12-20 17:00:00,1,0
2025-12-20 17:15:00,15,12
2025-12-20 17:30:00,11,11
2025-12-20 17:45:00,17,8
2025-12-20 18:00:00,15,4
2025-12-20 18:15:00,1,0
2025-12-20 18:30:00,10,3
2025-12-20 19:00:00,2,1
2025-12-20 19:15:00,4,1
2025-12-20 19:30:00,11,7
2025-12-20 19:45:00,3,0
2025-12-20 20:00:00,6,6
2025-12-20 20:15:00,7,4
2025-12-20 20:30:00,14,6
2025-12-20 21:00:00,6,15
2025-12-20 21:30:00,6,1
2025-12-20 22:00:00,0,7
2025-12-20 22:15:00,3,3
2025-12-20 22:30:00,16,3
2025-12-20 22:45:00,3,1
2025-12-20 23:00:00,6,5
2025-12-20 23:15:00,1,2
2025-12-20 23:30:00,2,0
2025-12-21 06:00:00,0,1
2025-12-21 06:30:00,9,8
2025-12-21 07:00:00,1,2
2025-12-21 07:15:00,0,2
2025-12-21 07:30:00,6,1
2025-12-21 07:45:00,1,1
2025-12-21 08:00:00,1,1
2025-12-21 08:15:00,1,0
2025-12-21 08:30:00,1,1
2025-12-21 08:45:00,1,1
2025-12-21 09:00:00,4,5
2025-12-21 09:15:00,6,3
2025-12-21 09:30:00,11,6
2025-12-21 09:45:00,0,3
2025-12-21 10:00:00,1,8
2025-12-21 10:15:00,13,6
2025-12-21 10:30:00,24,20
2025-12-21 10:45:00,10,11
2025-12-21 11:00:00,8,5
2025-12-21 11:15:00,18,15
2025-12-21 11:30:00,28,16
2025-12-21 11:45:00,15,13
2025-12-21 12:00:00,24,19
2025-12-21 12:15:00,10,8
2025-12-21 12:30:00,23,27
2025-12-21 12:45:00,12,7
2025-12-21 13:00:00,12,16
2025-12-21 13:15:00,13,13
2025-12-21 13:30:00,26,22
2025-12-21 13:45:00,11,7
2025-12-21 14:00:00,15,12
2025-12-21 14:15:00,15,11
2025-12-21 14:30:00,21,15
2025-12-21 14:45:00,9,9
2025-12-21 15:00:00,6,5
2025-12-21 15:15:00,4,1
2025-12-21 15:30:00,23,32
2025-12-21 15:45:00,13,19
2025-12-21 16:00:00,15,10
2025-12-21 16:15:00,36,22
2025-12-21 16:30:00,26,17
2025-12-21 16:45:00,5,7
2025-12-21 17:00:00,6,12
2025-12-21 17:15:00,10,5
2025-12-21 17:30:00,29,17
2025-12-21 17:45:00,14,10
2025-12-21 18:00:00,11,8
2025-12-21 18:15:00,6,4
2025-12-21 18:30:00,15,10
2025-12-21 18:45:00,1,2
2025-12-21 19:00:00,3,3
2025-12-21 19:15:00,8,3
2025-12-21 19:30:00,6,1
2025-12-21 20:00:00,0,2
2025-12-21 20:15:00,3,1
2025-12-21 20:30:00,17,10
2025-12-21 21:00:00,3,0
2025-12-21 21:15:00,10,0
2025-12-21 21:30:00,11,1
2025-12-21 22:00:00,2,0
2025-12-21 22:15:00,1,0
2025-12-21 22:30:00,14,16
2025-12-21 23:00:00,3,4
2025-12-21 23:15:00,3,7
2025-12-21 23:30:00,3,1
2025-12-21 23:45:00,0,3
2025-12-22 06:30:00,10,8
2025-12-22 06:45:00,0,2
2025-12-22 07:00:00,5,2
2025-12-22 07:15:00,0,1
2025-12-22 07:30:00,3,2
2025-12-22 08:00:00,4,0
2025-12-22 08:15:00,1,1
2025-12-22 08:30:00,2,2
2025-12-22 08:45:00,7,4
2025-12-22 09:00:00,14,5
2025-12-22 09:15:00,5,4
2025-12-22 09:30:00,15,14
2025-12-22 10:00:00,0,2
2025-12-22 10:15:00,2,0
2025-12-22 10:30:00,0,1
2025-12-22 10:45:00,6,5
2025-12-22 11:00:00,5,3
2025-12-22 11:15:00,24,12
2025-12-22 11:30:00,37,28
2025-12-22 11:45:00,3,3
2025-12-22 12:00:00,23,49
2025-12-22 12:15:00,11,10
2025-12-22 12:30:00,19,14
2025-12-22 12:45:00,7,6
2025-12-22 13:00:00,9,16
2025-12-22 13:15:00,13,13
2025-12-22 13:30:00,59,34
2025-12-22 13:45:00,6,8
2025-12-22 14:00:00,24,30
2025-12-22 14:15:00,18,11
2025-12-22 14:30:00,30,35
2025-12-22 14:45:00,3,2
2025-12-22 15:00:00,4,2
2025-12-22 15:15:00,15,24
2025-12-22 15:30:00,46,45
2025-12-22 15:45:00,27,27
2025-12-22 16:00:00,23,20
2025-12-22 16:15:00,24,19
2025-12-22 16:30:00,30,17
2025-12-22 16:45:00,11,11
2025-12-22 17:00:00,20,15
2025-12-22 17:15:00,12,6
2025-12-22 17:30:00,27,24
2025-12-22 17:45:00,3,3
2025-12-22 18:00:00,16,13
2025-12-22 18:15:00,8,11
2025-12-22 18:30:00,30,19
2025-12-22 18:45:00,1,3
2025-12-22 19:00:00,2,1
2025-12-22 19:15:00,4,3
2025-12-22 19:30:00,19,11
2025-12-22 19:45:00,3,0
2025-12-22 20:00:00,7,4
2025-12-22 20:15:00,10,1
2025-12-22 20:30:00,8,4
2025-12-22 20:45:00,12,14
2025-12-22 21:15:00,1,2
2025-12-22 21:30:00,7,0
2025-12-22 22:15:00,2,0
2025-12-22 22:30:00,8,0
2025-12-22 23:00:00,5,1
2025-12-22 23:15:00,1,0
2025-12-22 23:30:00,4,4
2025-12-23 00:00:00,0,3
2025-12-23 00:30:00,0,1
2025-12-23 02:30:00,0,1
2025-12-23 06:30:00,1,0
2025-12-23 07:00:00,4,1
2025-12-23 07:30:00,5,0
2025-12-23 07:45:00,1,0
2025-12-23 08:00:00,3,1
2025-12-23 08:15:00,3,1
2025-12-23 08:45:00,2,1
2025-12-23 09:00:00,5,10
2025-12-23 09:15:00,0,2
2025-12-23 09:30:00,5,1
2025-12-23 09:45:00,2,0
2025-12-23 10:00:00,0,1
2025-12-23 10:15:00,1,13
2025-12-23 10:30:00,16,3
2025-12-23 10:45:00,0,1
2025-12-23 11:00:00,7,4
2025-12-23 11:15:00,1,31
2025-12-23 11:30:00,18,10
2025-12-23 11:45:00,8,5
2025-12-23 12:00:00,12,10
2025-12-23 12:15:00,12,7
2025-12-23 12:30:00,15,12
2025-12-23 12:45:00,7,4
2025-12-23 13:00:00,9,7
2025-12-23 13:15:00,14,8
2025-12-23 13:30:00,30,11
2025-12-23 13:45:00,13,25
2025-12-23 14:00:00,5,0
2025-12-23 14:15:00,9,3
2025-12-23 14:30:00,12,3
2025-12-23 14:45:00,2,0
2025-12-23 15:00:00,3,0
2025-12-23 15:15:00,12,11
2025-12-23 15:30:00,28,39
2025-12-23 15:45:00,15,14
2025-12-23 16:00:00,22,8
2025-12-23 16:15:00,9,10
2025-12-23 16:30:00,35,26
2025-12-23 16:45:00,1,0
2025-12-23 17:00:00,6,8
2025-12-23 17:15:00,6,2
2025-12-23 17:30:00,21,19
2025-12-23 17:45:00,5,8
2025-12-23 18:00:00,18,15
2025-12-23 18:15:00,9,5
2025-12-23 18:30:00,20,6
2025-12-23 19:00:00,3,2
2025-12-23 19:15:00,6,11
2025-12-23 19:30:00,11,2
2025-12-23 20:00:00,6,9
2025-12-23 20:15:00,8,0
2025-12-23 20:30:00,19,33
2025-12-23 21:00:00,3,2
2025-12-23 21:15:00,7,5
2025-12-23 21:30:00,3,1
2025-12-23 22:15:00,1,2
2025-12-23 22:30:00,8,0
2025-12-23 22:45:00,3,0
2025-12-23 23:00:00,2,5
2025-12-23 23:15:00,0,1
2025-12-23 23:30:00,8,2
2025-12-24 06:30:00,2,0
2025-12-24 06:45:00,7,7
2025-12-24 07:00:00,1,0
2025-12-24 07:15:00,0,2
2025-12-24 07:30:00,2,0
2025-12-24 08:00:00,1,0
2025-12-24 08:15:00,2,0
2025-12-24 08:30:00,2,3
2025-12-24 09:00:00,3,2
2025-12-24 09:15:00,11,10
2025-12-24 09:30:00,11,8
2025-12-24 09:45:00,1,1
2025-12-24 10:00:00,5,6
2025-12-24 10:15:00,1,3
2025-12-24 10:30:00,38,23
2025-12-24 10:45:00,3,3
2025-12-24 11:00:00,6,29
2025-12-24 11:15:00,16,12
2025-12-24 11:30:00,49,23
2025-12-24 11:45:00,9,8
2025-12-24 12:00:00,16,11
2025-12-24 12:15:00,12,10
2025-12-24 12:30:00,29,23
2025-12-24 12:45:00,7,7
2025-12-24 13:00:00,8,6
2025-12-24 13:15:00,25,20
2025-12-24 13:30:00,53,42
2025-12-24 13:45:00,36,27
2025-12-24 14:00:00,30,17
2025-12-24 14:15:00,19,9
2025-12-24 14:30:00,48,51
2025-12-24 14:45:00,3,11
2025-12-24 15:00:00,15,13
2025-12-24 15:15:00,40,34
2025-12-24 15:30:00,47,40
2025-12-24 15:45:00,12,13
2025-12-24 16:00:00,55,44
2025-12-24 16:15:00,17,17
2025-12-24 16:30:00,49,65
2025-12-24 16:45:00,10,11
2025-12-24 17:00:00,18,17
2025-12-24 17:15:00,7,15
2025-12-24 17:30:00,21,30
2025-12-24 17:45:00,9,6
2025-12-24 18:00:00,10,10
2025-12-24 18:15:00,3,3
2025-12-24 18:30:00,14,7
2025-12-24 18:45:00,7,7
2025-12-24 19:00:00,2,2
2025-12-24 19:15:00,8,11
2025-12-24 19:30:00,16,5
2025-12-24 19:45:00,2,2
2025-12-24 20:00:00,1,10
2025-12-24 20:15:00,9,7
2025-12-24 20:30:00,14,7
2025-12-24 20:45:00,3,3
2025-12-24 21:00:00,7,7
2025-12-24 21:15:00,8,6
2025-12-24 21:30:00,9,0
2025-12-24 21:45:00,0,3
2025-12-24 22:00:00,0,2
2025-12-24 22:15:00,2,20
2025-12-24 22:30:00,4,2
2025-12-24 23:00:00,7,3
2025-12-24 23:15:00,3,3
2025-12-24 23:30:00,3,2
2025-12-25 01:15:00,0,1
2025-12-25 01:30:00,0,1
2025-12-25 06:15:00,0,1
2025-12-25 06:30:00,8,7
2025-12-25 07:00:00,0,3
2025-12-25 07:30:00,5,5
2025-12-25 08:15:00,1,1
2025-12-25 08:30:00,2,1
2025-12-25 09:15:00,0,1
2025-12-25 09:30:00,5,5
2025-12-25 09:45:00,1,0
2025-12-25 10:00:00,7,9
2025-12-25 10:15:00,6,3
2025-12-25 10:30:00,18,18
2025-12-25 10:45:00,6,6
2025-12-25 11:00:00,10,18
2025-12-25 11:15:00,15,26
2025-12-25 11:30:00,41,22
2025-12-25 11:45:00,16,18
2025-12-25 12:00:00,29,22
2025-12-25 12:15:00,12,14
2025-12-25 12:30:00,20,19
2025-12-25 12:45:00,10,10
2025-12-25 13:00:00,18,22
2025-12-25 13:15:00,42,43
2025-12-25 13:30:00,46,38
2025-12-25 13:45:00,19,19
2025-12-25 14:00:00,37,46
2025-12-25 14:15:00,19,27
2025-12-25 14:30:00,31,20
2025-12-25 14:45:00,14,18
2025-12-25 15:00:00,43,38
2025-12-25 15:15:00,38,32
2025-12-25 15:30:00,69,56
2025-12-25 15:45:00,25,24
2025-12-25 16:00:00,55,42
2025-12-25 16:15:00,27,22
2025-12-25 16:30:00,73,57
2025-12-25 16:45:00,18,17
2025-12-25 17:00:00,15,18
2025-12-25 17:15:00,15,10
2025-12-25 17:30:00,23,15
2025-12-25 17:45:00,4,5
2025-12-25 18:00:00,35,30
2025-12-25 18:15:00,2,2
2025-12-25 18:30:00,19,15
2025-12-25 19:00:00,0,2
2025-12-25 19:15:00,6,4
2025-12-25 19:30:00,7,3
2025-12-25 20:00:00,2,0
2025-12-25 20:15:00,6,0
2025-12-25 20:30:00,18,1
2025-12-25 20:45:00,2,2
2025-12-25 21:00:00,9,8
2025-12-25 21:15:00,13,16
2025-12-25 21:30:00,11,1
2025-12-25 21:45:00,4,3
2025-12-25 22:00:00,1,0
2025-12-25 22:15:00,1,0
2025-12-25 22:30:00,4,2
2025-12-25 22:45:00,2,5
2025-12-25 23:00:00,5,3
2025-12-25 23:30:00,3,0
2025-12-25 23:45:00,0,1
2025-12-26 00:15:00,0,1
2025-12-26 07:00:00,1,1
2025-12-26 07:15:00,0,1
2025-12-26 07:30:00,2,0
2025-12-26 07:45:00,0,2
2025-12-26 08:15:00,10,9
2025-12-26 08:30:00,1,1
2025-12-26 08:45:00,5,12
2025-12-26 09:00:00,12,3
2025-12-26 09:15:00,15,7
2025-12-26 09:30:00,2,0
2025-12-26 10:00:00,2,4
2025-12-26 10:15:00,1,1
2025-12-26 10:30:00,2,2
2025-12-26 10:45:00,0,2
2025-12-26 11:00:00,0,1
2025-12-26 11:15:00,7,4
2025-12-26 11:30:00,3,0
2025-12-26 11:45:00,4,0
2025-12-26 12:00:00,7,11
2025-12-26 12:15:00,7,4
2025-12-26 12:30:00,3,1
2025-12-26 12:45:00,7,6
2025-12-26 13:00:00,4,4
2025-12-26 13:15:00,1,0
2025-12-26 13:30:00,19,17
2025-12-26 13:45:00,5,5
2025-12-26 14:00:00,7,4
2025-12-26 14:15:00,5,0
2025-12-26 14:30:00,10,6
2025-12-26 14:45:00,1,1
2025-12-26 15:00:00,0,1
2025-12-26 15:15:00,4,12
2025-12-26 15:30:00,7,5
2025-12-26 15:45:00,2,2
2025-12-26 16:00:00,5,1
2025-12-26 16:15:00,4,3
2025-12-26 16:30:00,9,8
2025-12-26 16:45:00,3,0
2025-12-26 17:00:00,5,2
2025-12-26 17:15:00,4,3
2025-12-26 17:30:00,10,2
2025-12-26 18:00:00,3,12
2025-12-26 18:15:00,5,4
2025-12-26 18:30:00,5,3
2025-12-26 19:00:00,2,1
2025-12-26 19:30:00,2,0
2025-12-26 20:00:00,3,0
2025-12-26 20:15:00,2,2
2025-12-26 20:30:00,5,0
2025-12-26 21:00:00,0,3
2025-12-26 21:15:00,1,3
2025-12-26 21:30:00,9,2
2025-12-26 22:00:00,2,1
2025-12-26 22:15:00,4,0
2025-12-26 22:30:00,7,6
2025-12-26 23:15:00,1,0
2025-12-26 23:30:00,6,2
2025-12-27 00:00:00,0,2
2025-12-27 01:45:00,0,3
2025-12-27 06:30:00,1,0
2025-12-27 06:45:00,2,7
2025-12-27 07:15:00,8,2
2025-12-27 07:30:00,2,0
2025-12-27 07:45:00,2,2
2025-12-27 08:00:00,1,0
2025-12-27 08:15:00,2,2
2025-12-27 08:30:00,4,1
2025-12-27 08:45:00,4,4
2025-12-27 09:00:00,10,8
2025-12-27 09:15:00,2,5
2025-12-27 09:30:00,13,10
2025-12-27 09:45:00,3,6
2025-12-27 10:00:00,11,14
2025-12-27 10:15:00,6,7
2025-12-27 10:30:00,26,21
2025-12-27 10:45:00,5,7
2025-12-27 11:00:00,11,8
2025-12-27 11:15:00,18,23
2025-12-27 11:30:00,25,15
2025-12-27 11:45:00,14,15
2025-12-27 12:00:00,31,37
2025-12-27 12:15:00,24,16
2025-12-27 12:30:00,36,27
2025-12-27 12:45:00,3,3
2025-12-27 13:00:00,20,31
2025-12-27 13:15:00,21,16
2025-12-27 13:30:00,20,21
2025-12-27 13:45:00,30,27
2025-12-27 14:00:00,26,25
2025-12-27 14:15:00,17,20
2025-12-27 14:30:00,26,16
2025-12-27 14:45:00,7,5
2025-12-27 15:00:00,8,4
2025-12-27 15:15:00,22,19
2025-12-27 15:30:00,39,36
2025-12-27 15:45:00,11,7
2025-12-27 16:00:00,21,11
2025-12-27 16:15:00,21,19
2025-12-27 16:30:00,26,17
2025-12-27 16:45:00,10,8
2025-12-27 17:00:00,10,6
2025-12-27 17:15:00,24,25
2025-12-27 17:30:00,14,3
2025-12-27 17:45:00,8,4
2025-12-27 18:00:00,7,4
2025-12-27 18:15:00,5,5
2025-12-27 18:30:00,24,11
2025-12-27 18:45:00,3,0
2025-12-27 19:00:00,10,37
2025-12-27 19:15:00,2,1
2025-12-27 19:30:00,25,18
2025-12-27 19:45:00,1,0
2025-12-27 20:15:00,10,2
2025-12-27 20:30:00,12,26
2025-12-27 20:45:00,0,3
2025-12-27 21:00:00,0,3
2025-12-28 00:00:00,18,4
2025-12-28 00:15:00,12,0
2025-12-28 01:00:00,0,8
2025-12-28 06:15:00,7,7
2025-12-28 07:00:00,1,0
2025-12-28 07:30:00,3,0
2025-12-28 07:45:00,3,5
2025-12-28 08:15:00,3,1
2025-12-28 09:00:00,0,2
2025-12-28 09:15:00,2,1
2025-12-28 09:30:00,9,8
2025-12-28 09:45:00,4,0
2025-12-28 10:00:00,5,15
2025-12-28 10:15:00,4,5
2025-12-28 10:30:00,29,24
2025-12-28 10:45:00,5,7
2025-12-28 11:00:00,6,11
2025-12-28 11:15:00,16,20
2025-12-28 11:30:00,31,23
2025-12-28 11:45:00,4,3
2025-12-28 12:00:00,8,3
2025-12-28 12:15:00,16,15
2025-12-28 12:30:00,18,19
2025-12-28 12:45:00,8,7
2025-12-28 13:00:00,13,13
2025-12-28 13:15:00,5,3
2025-12-28 13:30:00,17,7
2025-12-28 13:45:00,8,5
2025-12-28 14:00:00,9,1
2025-12-28 14:15:00,3,10
2025-12-28 14:30:00,7,5
2025-12-28 15:00:00,8,7
2025-12-28 15:15:00,7,3
2025-12-28 15:30:00,12,4
2025-12-28 15:45:00,0,3
2025-12-28 16:00:00,9,6
2025-12-28 16:15:00,3,1
2025-12-28 16:30:00,14,2
2025-12-28 17:00:00,2,2
2025-12-28 17:15:00,4,4
2025-12-28 17:30:00,4,1
2025-12-28 17:45:00,4,0
2025-12-28 18:00:00,3,0
2025-12-28 18:15:00,2,0
2025-12-28 18:30:00,3,0
2025-12-28 19:00:00,2,1
2025-12-28 19:15:00,5,1
2025-12-28 19:30:00,6,1
2025-12-28 19:45:00,0,1
2025-12-28 20:00:00,2,1
2025-12-28 20:15:00,7,3
2025-12-28 20:30:00,8,10
2025-12-28 21:15:00,1,3
2025-12-28 21:30:00,8,21
2025-12-28 21:45:00,2,0
2025-12-28 22:15:00,2,0
2025-12-28 22:30:00,2,0
2025-12-28 22:45:00,1,1
2025-12-28 23:30:00,1,0
2025-12-29 05:45:00,0,1
2025-12-29 06:30:00,13,7
2025-12-29 07:00:00,1,0
2025-12-29 07:30:00,6,2
2025-12-29 08:00:00,1,1
2025-12-29 08:15:00,3,3
2025-12-29 08:45:00,0,1
2025-12-29 09:00:00,3,12
2025-12-29 09:15:00,5,3
2025-12-29 09:30:00,2,0
2025-12-29 09:45:00,3,3
2025-12-29 10:00:00,0,2
2025-12-29 10:15:00,6,3
2025-12-29 10:30:00,3,0
2025-12-29 10:45:00,3,1
2025-12-29 11:00:00,6,6
2025-12-29 11:15:00,5,7
2025-12-29 11:30:00,18,8
2025-12-29 11:45:00,4,3
2025-12-29 12:00:00,10,8
2025-12-29 12:15:00,13,9
2025-12-29 12:30:00,19,38
2025-12-29 12:45:00,4,6
2025-12-29 13:00:00,9,8
2025-12-29 13:15:00,5,14
2025-12-29 13:30:00,17,13
2025-12-29 13:45:00,14,5
2025-12-29 14:00:00,10,19
2025-12-29 14:15:00,8,8
2025-12-29 14:30:00,11,3
2025-12-29 14:45:00,1,0
2025-12-29 15:00:00,2,2
2025-12-29 15:15:00,8,4
2025-12-29 15:30:00,30,38
2025-12-29 15:45:00,19,17
2025-12-29 16:00:00,21,18
2025-12-29 16:15:00,9,17
2025-12-29 16:30:00,23,11
2025-12-29 16:45:00,1,1
2025-12-29 17:00:00,6,6
2025-12-29 17:15:00,3,0
2025-12-29 17:30:00,24,21
2025-12-29 17:45:00,6,4
2025-12-29 18:00:00,12,10
2025-12-29 18:15:00,6,8
2025-12-29 18:30:00,10,7
2025-12-29 18:45:00,0,1
2025-12-29 19:00:00,5,4
2025-12-29 19:15:00,5,24
2025-12-29 19:30:00,15,3
2025-12-29 19:45:00,2,2
2025-12-29 20:00:00,1,3
2025-12-29 20:15:00,3,3
2025-12-29 20:30:00,6,1
2025-12-29 20:45:00,1,1
2025-12-29 21:15:00,5,0
2025-12-29 21:30:00,7,2
2025-12-29 21:45:00,0,6
2025-12-29 22:00:00,10,5
2025-12-29 22:30:00,3,2
2025-12-29 22:45:00,1,0
2025-12-29 23:00:00,1,0
2025-12-29 23:15:00,2,1
2025-12-29 23:30:00,10,5
2025-12-29 23:45:00,0,4
2025-12-30 00:15:00,0,1
2025-12-30 00:30:00,0,2
2025-12-30 01:15:00,0,2
2025-12-30 06:15:00,0,3
2025-12-30 06:30:00,10,7
2025-12-30 07:00:00,3,0
2025-12-30 07:30:00,2,10
2025-12-30 07:45:00,2,1
2025-12-30 08:00:00,1,2
2025-12-30 08:15:00,3,1
2025-12-30 08:45:00,7,4
2025-12-30 09:00:00,7,2
2025-12-30 09:15:00,5,5
2025-12-30 09:30:00,6,13
2025-12-30 09:45:00,8,29
2025-12-30 10:00:00,7,2
2025-12-30 10:15:00,11,7
2025-12-30 10:30:00,24,21
2025-12-30 10:45:00,5,6
2025-12-30 11:00:00,15,22
2025-12-30 11:15:00,10,9
2025-12-30 11:30:00,33,14
2025-12-30 11:45:00,22,16
2025-12-30 12:00:00,33,25
2025-12-30 12:15:00,9,16
2025-12-30 12:30:00,17,17
2025-12-30 12:45:00,2,2
2025-12-30 13:00:00,12,22
2025-12-30 13:15:00,18,33
2025-12-30 13:30:00,54,82
2025-12-30 13:45:00,15,19
2025-12-30 14:00:00,42,32
2025-12-30 14:15:00,29,18
2025-12-30 14:30:00,47,36
2025-12-30 14:45:00,9,30
2025-12-30 15:00:00,21,17
2025-12-30 15:15:00,18,14
2025-12-30 15:30:00,35,26
2025-12-30 15:45:00,11,4
2025-12-30 16:00:00,29,25
2025-12-30 16:15:00,8,3
2025-12-30 16:30:00,29,10
2025-12-30 16:45:00,6,4
2025-12-30 17:00:00,8,7
2025-12-30 17:15:00,25,23
2025-12-30 17:30:00,30,19
2025-12-30 17:45:00,18,15
2025-12-30 18:00:00,11,6
2025-12-30 18:15:00,3,11
2025-12-30 18:30:00,15,2
2025-12-30 19:00:00,3,0
2025-12-30 19:15:00,9,14
2025-12-30 19:30:00,16,7
2025-12-30 19:45:00,1,1
2025-12-30 20:15:00,7,4
2025-12-30 20:30:00,14,4
2025-12-30 20:45:00,5,4
2025-12-30 21:00:00,8,5
2025-12-30 21:15:00,1,0
2025-12-30 21:30:00,7,5
2025-12-30 21:45:00,1,4
2025-12-30 22:00:00,1,0
2025-12-30 22:15:00,3,7
2025-12-30 22:30:00,2,3
2025-12-30 23:00:00,2,0
2025-12-30 23:30:00,5,2
2025-12-31 00:30:00,0,4
2025-12-31 04:45:00,0,5
2025-12-31 06:00:00,0,1
2025-12-31 06:30:00,12,10
2025-12-31 07:00:00,5,12
2025-12-31 07:15:00,1,0
2025-12-31 07:30:00,6,0
2025-12-31 07:45:00,3,2
2025-12-31 08:15:00,4,13
2025-12-31 08:45:00,1,2
2025-12-31 09:00:00,3,3
2025-12-31 09:30:00,6,5
2025-12-31 09:45:00,0,10
2025-12-31 10:00:00,1,1
2025-12-31 10:15:00,11,6
2025-12-31 10:30:00,31,13
2025-12-31 10:45:00,6,5
2025-12-31 11:00:00,12,16
2025-12-31 11:15:00,15,22
2025-12-31 11:30:00,19,12
2025-12-31 11:45:00,9,17
2025-12-31 12:00:00,30,18
2025-12-31 12:15:00,11,10
2025-12-31 12:30:00,26,30
2025-12-31 12:45:00,6,9
2025-12-31 13:00:00,18,18
2025-12-31 13:15:00,7,9
2025-12-31 13:30:00,43,34
2025-12-31 13:45:00,11,12
2025-12-31 14:00:00,22,17
2025-12-31 14:15:00,11,5
2025-12-31 14:30:00,23,21
2025-12-31 14:45:00,4,2
2025-12-31 15:00:00,2,2
2025-12-31 15:15:00,14,38
2025-12-31 15:30:00,34,27
2025-12-31 15:45:00,15,12
2025-12-31 16:00:00,15,9
2025-12-31 16:15:00,13,10
2025-12-31 16:30:00,22,17
2025-12-31 17:00:00,6,10
2025-12-31 17:15:00,9,12
2025-12-31 17:30:00,24,9
2025-12-31 17:45:00,5,4
2025-12-31 18:00:00,18,6
2025-12-31 18:15:00,9,6
2025-12-31 18:30:00,10,6
2025-12-31 19:30:00,12,9
2025-12-31 19:45:00,4,2
2025-12-31 20:15:00,9,3
2025-12-31 20:30:00,17,2
2025-12-31 21:00:00,2,7
2025-12-31 21:15:00,4,2
2025-12-31 21:30:00,2,10
2025-12-31 21:45:00,0,1
2025-12-31 22:00:00,3,3
2025-12-31 22:15:00,5,7
2025-12-31 22:45:00,2,2
2025-12-31 23:00:00,0,3
2025-12-31 23:15:00,0,1
2025-12-31 23:30:00,6,2
2026-01-01 00:15:00,0,1
2026-01-01 06:30:00,8,9
2026-01-01 06:45:00,2,2
2026-01-01 07:15:00,2,1
2026-01-01 07:30:00,2,2
2026-01-01 07:45:00,0,1
2026-01-01 08:00:00,0,2
2026-01-01 08:15:00,1,3
2026-01-01 08:45:00,3,5
2026-01-01 09:00:00,2,4
2026-01-01 09:15:00,5,5
2026-01-01 09:30:00,17,20
2026-01-01 09:45:00,5,5
2026-01-01 10:00:00,14,14
2026-01-01 10:15:00,21,12
2026-01-01 10:30:00,35,32
2026-01-01 10:45:00,8,14
2026-01-01 11:00:00,4,8
2026-01-01 11:15:00,7,9
2026-01-01 11:30:00,22,22
2026-01-01 11:45:00,13,12
2026-01-01 12:00:00,18,24
2026-01-01 12:15:00,21,14
2026-01-01 12:30:00,23,21
2026-01-01 12:45:00,3,6
2026-01-01 13:00:00,12,13
2026-01-01 13:15:00,27,16
2026-01-01 13:30:00,44,46
2026-01-01 13:45:00,8,10
2026-01-01 14:00:00,11,13
2026-01-01 14:15:00,19,21
2026-01-01 14:30:00,36,28
2026-01-01 14:45:00,5,8
2026-01-01 15:00:00,4,4
2026-01-01 15:15:00,27,26
2026-01-01 15:30:00,34,29
2026-01-01 15:45:00,8,4
2026-01-01 16:00:00,17,17
2026-01-01 16:15:00,5,4
2026-01-01 16:30:00,10,10
2026-01-01 16:45:00,2,8
2026-01-01 17:00:00,3,3
2026-01-01 17:15:00,19,14
2026-01-01 17:30:00,19,39
2026-01-01 17:45:00,10,10
2026-01-01 18:00:00,6,3
2026-01-01 18:15:00,20,13
2026-01-01 18:30:00,7,6
2026-01-01 18:45:00,0,2
2026-01-01 19:00:00,2,0
2026-01-01 19:15:00,4,2
2026-01-01 19:30:00,7,6
2026-01-01 19:45:00,1,0
2026-01-01 20:00:00,1,13
2026-01-01 20:15:00,7,4
2026-01-01 20:30:00,2,0
2026-01-01 21:30:00,6,3
2026-01-01 22:15:00,1,0
2026-01-01 22:30:00,2,6
2026-01-01 22:45:00,1,1
2026-01-01 23:15:00,2,4
2026-01-01 23:30:00,5,3
2026-01-02 00:45:00,0,2
2026-01-02 01:30:00,0,4
2026-01-02 06:30:00,1,1
2026-01-02 07:30:00,1,2
2026-01-02 07:45:00,1,0
2026-01-02 08:00:00,3,1
2026-01-02 08:15:00,1,0
2026-01-02 09:00:00,6,6
2026-01-02 09:15:00,10,11
2026-01-02 09:30:00,20,10
2026-01-02 09:45:00,4,1
2026-01-02 10:00:00,7,3
2026-01-02 10:30:00,16,12
2026-01-02 10:45:00,2,3
2026-01-02 11:00:00,10,18
2026-01-02 11:15:00,23,18
2026-01-02 11:30:00,27,36
2026-01-02 11:45:00,6,9
2026-01-02 12:00:00,8,8
2026-01-02 12:15:00,26,24
2026-01-02 12:30:00,25,49
2026-01-02 12:45:00,6,7
2026-01-02 13:00:00,14,12
2026-01-02 13:15:00,20,16
2026-01-02 13:30:00,47,27
2026-01-02 13:45:00,15,16
2026-01-02 14:00:00,24,19
2026-01-02 14:15:00,16,19
2026-01-02 14:30:00,37,30
2026-01-02 14:45:00,11,13
2026-01-02 15:00:00,26,34
2026-01-02 15:15:00,41,40
2026-01-02 15:30:00,78,67
2026-01-02 15:45:00,13,12
2026-01-02 16:00:00,48,49
2026-01-02 16:15:00,20,16
2026-01-02 16:30:00,36,46
2026-01-02 16:45:00,11,3
2026-01-02 17:00:00,3,3
2026-01-02 17:15:00,17,12
2026-01-02 17:30:00,26,53
2026-01-02 17:45:00,5,10
2026-01-02 18:00:00,23,13
2026-01-02 18:15:00,6,2
2026-01-02 18:30:00,5,2
2026-01-02 18:45:00,2,4
2026-01-02 19:00:00,0,5
2026-01-02 19:15:00,5,6
2026-01-02 19:30:00,8,1
2026-01-02 19:45:00,0,1
2026-01-02 20:00:00,6,0
2026-01-02 20:15:00,3,2
2026-01-02 20:30:00,10,16
2026-01-02 21:15:00,2,2
2026-01-02 21:30:00,6,1
2026-01-02 22:00:00,1,1
2026-01-02 22:15:00,7,0
2026-01-02 22:30:00,9,18
2026-01-02 23:00:00,9,9
2026-01-02 23:15:00,2,0
2026-01-02 23:30:00,6,2
2026-01-03 03:00:00,0,1
2026-01-03 07:00:00,3,1
2026-01-03 07:30:00,2,10
2026-01-03 07:45:00,0,2
2026-01-03 08:00:00,3,3
2026-01-03 08:15:00,12,2
2026-01-03 08:45:00,1,0
2026-01-03 09:00:00,11,21
2026-01-03 09:15:00,3,12
2026-01-03 09:30:00,6,2
2026-01-03 09:45:00,4,16
2026-01-03 10:00:00,1,1
2026-01-03 10:15:00,6,6
2026-01-03 10:30:00,20,29
2026-01-03 10:45:00,3,0
2026-01-03 11:00:00,6,6
2026-01-03 11:15:00,11,9
2026-01-03 11:30:00,28,14
2026-01-03 11:45:00,11,12
2026-01-03 12:00:00,9,6
2026-01-03 12:15:00,8,7
2026-01-03 12:30:00,24,12
2026-01-03 13:00:00,1,9
2026-01-03 13:15:00,24,21
2026-01-03 13:30:00,39,26
2026-01-03 13:45:00,14,18
2026-01-03 14:00:00,16,19
2026-01-03 14:15:00,24,16
2026-01-03 14:30:00,18,12
2026-01-03 14:45:00,5,5
2026-01-03 15:00:00,12,10
2026-01-03 15:15:00,13,15
2026-01-03 15:30:00,24,45
2026-01-03 15:45:00,23,23
2026-01-03 16:00:00,17,12
2026-01-03 16:15:00,13,10
2026-01-03 16:30:00,33,21
2026-01-03 16:45:00,5,9
2026-01-03 17:00:00,3,2
2026-01-03 17:15:00,7,16
2026-01-03 17:30:00,17,48
2026-01-03 17:45:00,12,10
2026-01-03 18:00:00,8,5
2026-01-03 18:15:00,15,29
2026-01-03 18:30:00,7,15
2026-01-03 18:45:00,4,3
2026-01-03 19:00:00,2,1
2026-01-03 19:15:00,14,14
2026-01-03 19:30:00,17,8
2026-01-03 20:00:00,2,0
2026-01-03 20:30:00,11,3
2026-01-03 21:15:00,1,4
2026-01-03 21:30:00,5,1
2026-01-03 21:45:00,0,1
2026-01-03 22:00:00,2,0
2026-01-03 22:15:00,1,0
2026-01-03 22:30:00,3,0
2026-01-03 23:00:00,6,12
2026-01-03 23:15:00,0,36
2026-01-03 23:30:00,5,1
2026-01-04 01:15:00,0,1
2026-01-04 04:00:00,0,2
2026-01-04 06:30:00,12,13
2026-01-04 07:00:00,1,1
2026-01-04 07:15:00,3,2
2026-01-04 07:30:00,4,2
2026-01-04 07:45:00,5,2
2026-01-04 08:00:00,5,3
2026-01-04 08:15:00,2,3
2026-01-04 08:30:00,3,3
2026-01-04 08:45:00,2,2
2026-01-04 09:00:00,5,5
2026-01-04 09:15:00,3,0
2026-01-04 09:30:00,13,10
2026-01-04 09:45:00,2,2
2026-01-04 10:00:00,10,11
2026-01-04 10:15:00,5,4
2026-01-04 10:30:00,12,11
2026-01-04 10:45:00,0,3
2026-01-04 11:00:00,9,10
2026-01-04 11:15:00,17,16
2026-01-04 11:30:00,28,20
2026-01-04 11:45:00,15,8
2026-01-04 12:00:00,25,26
2026-01-04 12:15:00,3,10
2026-01-04 12:30:00,27,28
2026-01-04 12:45:00,3,3
2026-01-04 13:00:00,3,5
2026-01-04 13:15:00,19,12
2026-01-04 13:30:00,27,17
2026-01-04 13:45:00,14,13
2026-01-04 14:00:00,25,19
2026-01-04 14:15:00,15,17
2026-01-04 14:30:00,43,37
2026-01-04 14:45:00,2,2
2026-01-04 15:00:00,7,4
2026-01-04 15:15:00,10,4
2026-01-04 15:30:00,30,22
2026-01-04 15:45:00,22,18
2026-01-04 16:00:00,21,19
2026-01-04 16:15:00,15,15
2026-01-04 16:30:00,15,11
2026-01-04 16:45:00,1,3
2026-01-04 17:00:00,2,0
2026-01-04 17:15:00,5,13
2026-01-04 17:30:00,22,9
2026-01-04 17:45:00,9,7
2026-01-04 18:00:00,8,2
2026-01-04 18:15:00,10,6
2026-01-04 18:30:00,5,2
2026-01-04 18:45:00,1,0
2026-01-04 19:00:00,3,0
2026-01-04 19:15:00,3,2
2026-01-04 19:30:00,9,3
2026-01-04 19:45:00,4,4
2026-01-04 20:00:00,2,2
2026-01-04 20:30:00,5,3
2026-01-04 20:45:00,5,0
2026-01-04 21:00:00,3,3
2026-01-04 21:30:00,10,7
2026-01-04 21:45:00,2,2
2026-01-04 22:15:00,1,0
2026-01-04 22:30:00,0,2
2026-01-04 22:45:00,2,2
2026-01-04 23:00:00,3,1
2026-01-04 23:30:00,1,0
2026-01-05 04:15:00,0,2
2026-01-05 06:30:00,18,14
2026-01-05 06:45:00,4,12
2026-01-05 07:00:00,5,2
2026-01-05 07:15:00,3,8
2026-01-05 07:30:00,15,2
2026-01-05 07:45:00,1,0
2026-01-05 08:00:00,5,2
2026-01-05 08:15:00,36,35
2026-01-05 08:30:00,1,1
2026-01-05 08:45:00,5,13
2026-01-05 09:00:00,7,3
2026-01-05 09:30:00,4,1
2026-01-05 09:45:00,3,3
2026-01-05 10:00:00,6,5
2026-01-05 10:15:00,2,0
2026-01-05 10:30:00,5,0
2026-01-05 10:45:00,109,108
2026-01-05 11:15:00,3,13
2026-01-05 11:30:00,4,1
2026-01-05 11:45:00,4,2
2026-01-05 12:00:00,18,30
2026-01-05 12:15:00,6,5
2026-01-05 12:30:00,11,10
2026-01-05 12:45:00,0,3
2026-01-05 13:00:00,1,0
2026-01-05 13:15:00,10,12
2026-01-05 13:30:00,24,11
2026-01-05 13:45:00,8,0
2026-01-05 14:00:00,21,14
2026-01-05 14:15:00,4,1
2026-01-05 14:30:00,8,1
2026-01-05 15:00:00,1,1
2026-01-05 15:15:00,15,11
2026-01-05 15:30:00,30,12
2026-01-05 15:45:00,7,1
2026-01-05 16:00:00,20,8
2026-01-05 16:15:00,2,21
2026-01-05 16:30:00,22,16
2026-01-05 16:45:00,0,2
2026-01-05 17:00:00,4,3
2026-01-05 17:15:00,8,1
2026-01-05 17:30:00,27,7
2026-01-05 17:45:00,1,0
2026-01-05 18:00:00,10,7
2026-01-05 18:15:00,1,1
2026-01-05 18:30:00,17,11
2026-01-05 19:00:00,2,0
2026-01-05 19:15:00,1,0
2026-01-05 19:30:00,17,21
2026-01-05 20:00:00,3,3
2026-01-05 20:15:00,1,1
2026-01-05 20:30:00,6,11
2026-01-05 20:45:00,1,0
2026-01-05 21:15:00,7,1
2026-01-05 21:30:00,2,0
2026-01-05 21:45:00,3,0
2026-01-05 22:00:00,1,0
2026-01-05 22:15:00,1,0
2026-01-05 22:30:00,5,3
2026-01-05 22:45:00,1,1
2026-01-05 23:00:00,2,1
2026-01-05 23:30:00,2,0
2026-01-06 06:15:00,7,11
2026-01-06 06:30:00,15,3
2026-01-06 06:45:00,5,0
2026-01-06 07:00:00,8,0
2026-01-06 07:15:00,1,0
2026-01-06 07:30:00,12,1
2026-01-06 07:45:00,3,2
2026-01-06 08:00:00,4,2
2026-01-06 08:15:00,34,13
2026-01-06 08:30:00,5,2
2026-01-06 08:45:00,1,0
2026-01-06 09:00:00,2,0
2026-01-06 09:15:00,1,1
2026-01-06 09:30:00,6,4
2026-01-06 10:00:00,3,22
2026-01-06 10:15:00,62,60
2026-01-06 10:30:00,11,9
2026-01-06 11:00:00,3,1
2026-01-06 11:15:00,4,23
2026-01-06 11:30:00,14,6
2026-01-06 11:45:00,3,0
2026-01-06 12:00:00,5,10
2026-01-06 12:15:00,2,0
2026-01-06 12:30:00,16,7
2026-01-06 12:45:00,115,115
2026-01-06 13:00:00,1,20
2026-01-06 13:15:00,3,7
2026-01-06 13:30:00,10,0
2026-01-06 14:00:00,11,13
2026-01-06 14:15:00,3,0
2026-01-06 14:30:00,17,42
2026-01-06 15:00:00,1,0
2026-01-06 15:15:00,3,1
2026-01-06 15:30:00,17,5
2026-01-06 15:45:00,8,2
2026-01-06 16:00:00,8,2
2026-01-06 16:15:00,3,10
2026-01-06 16:30:00,21,13
2026-01-06 16:45:00,3,3
2026-01-06 17:15:00,5,0
2026-01-06 17:30:00,11,0
2026-01-06 18:00:00,6,10
2026-01-06 18:15:00,1,0
2026-01-06 18:30:00,11,0
2026-01-06 19:00:00,2,0
2026-01-06 19:15:00,8,21
2026-01-06 19:30:00,9,3
2026-01-06 20:15:00,2,0
2026-01-06 20:30:00,7,0
2026-01-06 21:15:00,4,0
2026-01-06 21:30:00,4,0
2026-01-06 22:00:00,1,0
2026-01-06 22:15:00,3,10
2026-01-06 22:30:00,5,0
2026-01-06 23:00:00,2,0
2026-01-06 23:15:00,1,1
2026-01-06 23:30:00,7,7
2026-01-07 00:30:00,0,4
2026-01-07 05:00:00,0,1
2026-01-07 06:30:00,20,15
2026-01-07 06:45:00,2,0
2026-01-07 07:00:00,11,0
2026-01-07 07:15:00,4,0
2026-01-07 07:30:00,15,1
2026-01-07 07:45:00,1,0
2026-01-07 08:00:00,8,3
2026-01-07 08:15:00,36,43
2026-01-07 08:30:00,5,3
2026-01-07 08:45:00,2,0
2026-01-07 09:00:00,3,1
2026-01-07 09:15:00,2,2
2026-01-07 09:30:00,6,3
2026-01-07 09:45:00,1,1
2026-01-07 10:00:00,2,1
2026-01-07 10:15:00,2,3
2026-01-07 10:30:00,121,115
2026-01-07 10:45:00,1,1
2026-01-07 11:00:00,2,2
2026-01-07 11:15:00,2,2
2026-01-07 11:30:00,4,1
2026-01-07 11:45:00,10,5
2026-01-07 12:00:00,7,3
2026-01-07 12:15:00,6,5
2026-01-07 12:30:00,14,18
2026-01-07 12:45:00,3,2
2026-01-07 13:00:00,6,6
2026-01-07 13:15:00,9,6
2026-01-07 13:30:00,6,4
2026-01-07 13:45:00,15,22
2026-01-07 14:00:00,10,15
2026-01-07 14:15:00,9,9
2026-01-07 14:30:00,30,22
2026-01-07 14:45:00,10,7
2026-01-07 15:00:00,5,3
2026-01-07 15:15:00,9,2
2026-01-07 15:30:00,27,5
2026-01-07 15:45:00,4,3
2026-01-07 16:00:00,13,6
2026-01-07 16:15:00,11,4
2026-01-07 16:30:00,21,16
2026-01-07 16:45:00,4,4
2026-01-07 17:00:00,5,5
2026-01-07 17:15:00,3,0
2026-01-07 17:30:00,28,16
2026-01-07 17:45:00,6,1
2026-01-07 18:00:00,17,22
2026-01-07 18:15:00,0,10
2026-01-07 18:30:00,10,2
2026-01-07 19:00:00,2,11
2026-01-07 19:15:00,2,1
2026-01-07 19:30:00,20,15
2026-01-07 20:15:00,10,7
2026-01-07 20:30:00,14,0
2026-01-07 20:45:00,5,4
2026-01-07 21:00:00,1,1
2026-01-07 21:15:00,5,1
2026-01-07 21:30:00,12,1
2026-01-07 22:00:00,1,10
2026-01-07 22:15:00,1,1
2026-01-07 22:30:00,3,0
2026-01-07 22:45:00,1,0
2026-01-07 23:00:00,3,3
2026-01-07 23:30:00,2,0
2026-01-07 23:45:00,2,2
2026-01-08 05:30:00,0,1
2026-01-08 06:30:00,20,20
2026-01-08 06:45:00,2,0
2026-01-08 07:00:00,11,11
2026-01-08 07:15:00,8,0
2026-01-08 07:30:00,20,3
2026-01-08 07:45:00,2,0
2026-01-08 08:00:00,7,3
2026-01-08 08:15:00,36,14
2026-01-08 08:30:00,1,0
2026-01-08 08:45:00,4,3
2026-01-08 09:00:00,7,2
2026-01-08 09:15:00,4,3
2026-01-08 09:30:00,7,7
2026-01-08 10:00:00,1,1
2026-01-08 10:15:00,2,1
2026-01-08 10:30:00,14,11
2026-01-08 10:45:00,3,2
2026-01-08 11:00:00,119,117
2026-01-08 11:15:00,15,16
2026-01-08 11:30:00,12,8
2026-01-08 11:45:00,12,12
2026-01-08 12:00:00,14,7
2026-01-08 12:15:00,5,4
2026-01-08 12:30:00,13,5
2026-01-08 12:45:00,8,8
2026-01-08 13:00:00,13,20
2026-01-08 13:15:00,15,11
2026-01-08 13:30:00,25,12
2026-01-08 13:45:00,8,14
2026-01-08 14:00:00,14,10
2026-01-08 14:15:00,8,9
2026-01-08 14:30:00,31,19
2026-01-08 14:45:00,12,11
2026-01-08 15:00:00,24,31
2026-01-08 15:15:00,16,10
2026-01-08 15:30:00,37,26
2026-01-08 15:45:00,23,15
2026-01-08 16:00:00,27,23
2026-01-08 16:15:00,4,8
2026-01-08 16:30:00,36,26
2026-01-08 16:45:00,24,14
2026-01-08 17:00:00,6,4
2026-01-08 17:15:00,11,7
2026-01-08 17:30:00,21,3
2026-01-08 17:45:00,15,21
2026-01-08 18:00:00,7,11
2026-01-08 18:15:00,3,6
2026-01-08 18:30:00,17,4
2026-01-08 18:45:00,7,6
2026-01-08 19:15:00,1,1
2026-01-08 19:30:00,9,4
2026-01-08 20:00:00,4,2
2026-01-08 20:15:00,5,1
2026-01-08 20:30:00,23,0
2026-01-08 20:45:00,1,1
2026-01-08 21:15:00,6,1
2026-01-08 21:30:00,6,1
2026-01-08 21:45:00,5,5
2026-01-08 22:00:00,1,0
2026-01-08 22:15:00,6,5
2026-01-08 22:30:00,8,1
2026-01-08 23:00:00,2,0
2026-01-08 23:15:00,1,0
2026-01-08 23:30:00,6,0
2026-01-09 04:00:00,0,1
2026-01-09 06:30:00,6,2
2026-01-09 06:45:00,4,1
2026-01-09 07:00:00,12,4
2026-01-09 07:15:00,1,0
2026-01-09 07:30:00,15,5
2026-01-09 07:45:00,2,0
2026-01-09 08:00:00,5,0
2026-01-09 08:15:00,33,13
2026-01-09 08:30:00,1,1
2026-01-09 08:45:00,4,3
2026-01-09 09:00:00,13,17
2026-01-09 09:15:00,1,0
2026-01-09 09:30:00,3,1
2026-01-09 09:45:00,1,1
2026-01-09 10:00:00,4,3
2026-01-09 10:15:00,2,0
2026-01-09 10:30:00,4,1
2026-01-09 11:00:00,8,7
2026-01-09 11:15:00,16,7
2026-01-09 11:30:00,4,2
2026-01-09 11:45:00,11,29
2026-01-09 12:00:00,6,2
2026-01-09 12:15:00,5,4
2026-01-09 12:30:00,13,11
2026-01-09 12:45:00,5,10
2026-01-09 13:00:00,6,4
2026-01-09 13:15:00,37,16
2026-01-09 13:30:00,28,35
2026-01-09 13:45:00,9,27
2026-01-09 14:00:00,22,11
2026-01-09 14:15:00,6,3
2026-01-09 14:30:00,16,8
2026-01-09 14:45:00,0,2
2026-01-09 15:00:00,9,7
2026-01-09 15:15:00,20,20
2026-01-09 15:30:00,18,8
2026-01-09 15:45:00,15,23
2026-01-09 16:00:00,35,43
2026-01-09 16:15:00,8,2
2026-01-09 16:30:00,22,21
2026-01-09 16:45:00,9,12
2026-01-09 17:15:00,17,16
2026-01-09 17:30:00,26,16
2026-01-09 17:45:00,3,15
2026-01-09 18:00:00,18,7
2026-01-09 18:15:00,14,11
2026-01-09 18:30:00,19,3
2026-01-09 18:45:00,2,0
2026-01-09 19:00:00,4,2
2026-01-09 19:15:00,6,2
2026-01-09 19:30:00,9,2
2026-01-09 19:45:00,0,2
2026-01-09 20:00:00,1,2
2026-01-09 20:15:00,9,4
2026-01-09 20:30:00,27,16
2026-01-09 21:00:00,1,0
2026-01-09 21:15:00,3,0
2026-01-09 21:30:00,18,5
2026-01-09 21:45:00,4,3
2026-01-09 22:30:00,14,5
2026-01-09 22:45:00,1,0
2026-01-09 23:00:00,8,24
2026-01-09 23:30:00,3,0
2026-01-10 03:45:00,0,1
2026-01-10 06:30:00,0,10
2026-01-10 07:00:00,1,1
2026-01-10 07:15:00,0,1
2026-01-10 07:30:00,6,4
2026-01-10 08:00:00,3,5
2026-01-10 08:15:00,2,1
2026-01-10 08:45:00,5,0
2026-01-10 09:00:00,5,14
2026-01-10 09:15:00,4,12
2026-01-10 09:30:00,9,11
2026-01-10 09:45:00,2,3
2026-01-10 10:00:00,2,14
2026-01-10 10:15:00,5,0
2026-01-10 10:30:00,26,13
2026-01-10 10:45:00,6,6
2026-01-10 11:00:00,6,6
2026-01-10 11:15:00,8,14
2026-01-10 11:30:00,15,9
2026-01-10 11:45:00,5,5
2026-01-10 12:00:00,11,6
2026-01-10 12:15:00,16,12
2026-01-10 12:30:00,26,24
2026-01-10 12:45:00,6,10
2026-01-10 13:00:00,18,19
2026-01-10 13:15:00,13,5
2026-01-10 13:30:00,45,25
2026-01-10 13:45:00,19,12
2026-01-10 14:00:00,34,35
2026-01-10 14:15:00,11,3
2026-01-10 14:30:00,33,41
2026-01-10 14:45:00,4,3
2026-01-10 15:00:00,8,9
2026-01-10 15:15:00,16,10
2026-01-10 15:30:00,28,16
2026-01-10 15:45:00,9,12
2026-01-10 16:00:00,4,2
2026-01-10 16:15:00,8,6
2026-01-10 16:30:00,20,9
2026-01-10 16:45:00,2,21
2026-01-10 17:00:00,11,21
2026-01-10 17:15:00,16,10
2026-01-10 17:30:00,14,2
2026-01-10 17:45:00,5,2
2026-01-10 18:00:00,9,3
2026-01-10 18:15:00,3,11
2026-01-10 18:30:00,9,2
2026-01-10 18:45:00,0,2
2026-01-10 19:00:00,1,0
2026-01-10 19:15:00,2,0
2026-01-10 19:30:00,5,1
2026-01-10 20:00:00,3,3
2026-01-10 20:15:00,4,0
2026-01-10 20:30:00,5,0
2026-01-10 21:00:00,1,0
2026-01-10 21:15:00,2,0
2026-01-10 21:30:00,4,2
2026-01-10 22:15:00,3,0
2026-01-10 22:30:00,15,8
2026-01-10 23:00:00,9,2
2026-01-10 23:30:00,6,2
2026-01-11 02:30:00,0,1
2026-01-11 06:30:00,9,8
2026-01-11 07:00:00,1,0
2026-01-11 07:15:00,1,0
2026-01-11 07:30:00,3,2
2026-01-11 07:45:00,1,1
2026-01-11 08:00:00,1,1
2026-01-11 08:15:00,1,0
2026-01-11 08:45:00,1,3
2026-01-11 09:00:00,7,4
2026-01-11 09:15:00,2,2
2026-01-11 09:30:00,14,15
2026-01-11 10:00:00,2,7
2026-01-11 10:15:00,7,7
2026-01-11 10:30:00,7,3
2026-01-11 10:45:00,3,3
2026-01-11 11:00:00,5,10
2026-01-11 11:15:00,5,5
2026-01-11 11:30:00,15,10
2026-01-11 11:45:00,22,12
2026-01-11 12:00:00,24,42
2026-01-11 12:15:00,11,8
2026-01-11 12:30:00,36,22
2026-01-11 13:00:00,8,7
2026-01-11 13:15:00,8,8
2026-01-11 13:30:00,35,25
2026-01-11 13:45:00,10,7
2026-01-11 14:00:00,20,28
2026-01-11 14:15:00,14,10
2026-01-11 14:30:00,31,57
2026-01-11 14:45:00,14,14
2026-01-11 15:00:00,18,18
2026-01-11 15:15:00,22,48
2026-01-11 15:30:00,37,28
2026-01-11 15:45:00,2,4
2026-01-11 16:00:00,19,5
2026-01-11 16:15:00,11,5
2026-01-11 16:30:00,29,13
2026-01-11 16:45:00,0,1
2026-01-11 17:00:00,1,0
2026-01-11 17:15:00,5,2
2026-01-11 17:30:00,7,1
2026-01-11 17:45:00,10,60
2026-01-11 18:00:00,12,12
2026-01-11 18:15:00,4,1
2026-01-11 18:30:00,10,13
2026-01-11 18:45:00,0,4
2026-01-11 19:00:00,3,0
2026-01-11 19:15:00,5,2
2026-01-11 19:30:00,9,8
2026-01-11 19:45:00,2,0
2026-01-11 20:15:00,4,0
2026-01-11 20:30:00,6,1
2026-01-11 20:45:00,2,0
2026-01-11 21:00:00,3,3
2026-01-11 21:15:00,3,2
2026-01-11 21:30:00,9,3
2026-01-11 21:45:00,1,0
2026-01-11 22:00:00,2,0
2026-01-11 22:15:00,1,2
2026-01-11 22:30:00,8,3
2026-01-11 23:15:00,2,0
2026-01-11 23:30:00,1,0
2026-01-12 00:00:00,0,1
2026-01-12 06:15:00,7,8
2026-01-12 06:30:00,5,10
2026-01-12 06:45:00,1,0
2026-01-12 07:00:00,8,0
2026-01-12 07:15:00,6,1
2026-01-12 07:30:00,15,3
2026-01-12 07:45:00,1,0
2026-01-12 08:00:00,21,15
2026-01-12 08:15:00,29,6
2026-01-12 08:30:00,1,1
2026-01-12 08:45:00,5,4
2026-01-12 09:00:00,6,3
2026-01-12 09:15:00,4,2
2026-01-12 09:30:00,7,4
2026-01-12 10:00:00,1,2
2026-01-12 10:15:00,160,159
2026-01-12 10:30:00,8,4
2026-01-12 11:15:00,7,4
2026-01-12 11:30:00,7,12
2026-01-12 11:45:00,3,3
2026-01-12 12:00:00,13,5
2026-01-12 12:15:00,4,0
2026-01-12 12:30:00,12,23
2026-01-12 12:45:00,5,3
2026-01-12 13:15:00,7,7
2026-01-12 13:30:00,12,7
2026-01-12 14:00:00,9,4
2026-01-12 14:15:00,6,16
2026-01-12 14:30:00,14,19
2026-01-12 14:45:00,2,3
2026-01-12 15:00:00,1,1
2026-01-12 15:15:00,5,6
2026-01-12 15:30:00,26,3
2026-01-12 15:45:00,7,3
2026-01-12 16:00:00,17,26
2026-01-12 16:15:00,4,1
2026-01-12 16:30:00,23,14
2026-01-12 16:45:00,3,3
2026-01-12 17:15:00,16,7
2026-01-12 17:30:00,21,2
2026-01-12 17:45:00,4,1
2026-01-12 18:00:00,9,2
2026-01-12 18:15:00,11,8
2026-01-12 18:30:00,9,0
2026-01-12 18:45:00,2,0
2026-01-12 19:00:00,4,4
2026-01-12 19:15:00,5,3
2026-01-12 19:30:00,17,36
2026-01-12 19:45:00,4,4
2026-01-12 20:00:00,1,0
2026-01-12 20:15:00,1,0
2026-01-12 20:30:00,10,4
2026-01-12 21:00:00,1,0
2026-01-12 21:15:00,1,0
2026-01-12 21:30:00,7,0
2026-01-12 22:00:00,3,40
2026-01-12 22:15:00,3,2
2026-01-12 22:30:00,3,0
2026-01-12 23:00:00,2,0
2026-01-12 23:30:00,4,2
2026-01-13 06:30:00,16,10
2026-01-13 06:45:00,5,2
2026-01-13 07:00:00,5,0
2026-01-13 07:15:00,5,2
2026-01-13 07:30:00,10,1
2026-01-13 07:45:00,2,0
2026-01-13 08:00:00,4,1
2026-01-13 08:15:00,33,13
2026-01-13 08:30:00,5,2
2026-01-13 08:45:00,3,0
2026-01-13 09:00:00,7,1
2026-01-13 09:15:00,3,3
2026-01-13 09:30:00,7,3
2026-01-13 09:45:00,2,3
2026-01-13 10:15:00,2,1
2026-01-13 10:30:00,14,16
2026-01-13 10:45:00,0,1
2026-01-13 11:00:00,1,1
2026-01-13 11:15:00,10,14
2026-01-13 11:30:00,10,5
2026-01-13 11:45:00,4,0
2026-01-13 12:00:00,8,1
2026-01-13 12:15:00,4,1
2026-01-13 12:30:00,6,2
2026-01-13 12:45:00,0,7
2026-01-13 13:00:00,1,1
2026-01-13 13:15:00,10,14
2026-01-13 13:30:00,19,11
2026-01-13 13:45:00,2,0
2026-01-13 14:00:00,11,4
2026-01-13 14:15:00,10,7
2026-01-13 14:30:00,9,1
2026-01-13 14:45:00,2,0
2026-01-13 15:00:00,2,4
2026-01-13 15:15:00,10,8
2026-01-13 15:30:00,153,145
2026-01-13 15:45:00,10,4
2026-01-13 16:00:00,21,29
2026-01-13 16:15:00,9,12
2026-01-13 16:30:00,42,24
2026-01-13 16:45:00,1,0
2026-01-13 17:00:00,6,5
2026-01-13 17:15:00,12,7
2026-01-13 17:30:00,21,8
2026-01-13 17:45:00,1,0
2026-01-13 18:00:00,14,0
2026-01-13 18:15:00,12,30
2026-01-13 18:30:00,14,21
2026-01-13 18:45:00,1,20
2026-01-13 19:00:00,8,6
2026-01-13 19:15:00,6,20
2026-01-13 19:30:00,13,15
2026-01-13 20:00:00,1,0
2026-01-13 20:15:00,1,0
2026-01-13 20:30:00,12,12
2026-01-13 21:00:00,1,0
2026-01-13 21:15:00,1,4
2026-01-13 21:30:00,13,2
2026-01-13 22:00:00,1,0
2026-01-13 22:15:00,3,1
2026-01-13 22:30:00,7,3
2026-01-13 23:00:00,2,0
2026-01-13 23:15:00,1,0
2026-01-13 23:30:00,1,0
2026-01-14 01:00:00,0,1
2026-01-14 06:15:00,7,7
2026-01-14 06:30:00,15,7
2026-01-14 06:45:00,2,0
2026-01-14 07:00:00,8,1
2026-01-14 07:15:00,3,0
2026-01-14 07:30:00,16,2
2026-01-14 07:45:00,2,0
2026-01-14 08:00:00,7,3
2026-01-14 08:15:00,32,11
2026-01-14 08:30:00,6,4
2026-01-14 08:45:00,3,2
2026-01-14 09:00:00,4,4
2026-01-14 09:15:00,1,1
2026-01-14 09:30:00,8,1
2026-01-14 09:45:00,0,2
2026-01-14 10:00:00,4,3
2026-01-14 10:15:00,2,3
2026-01-14 10:30:00,14,19
2026-01-14 10:45:00,7,2
2026-01-14 11:00:00,6,7
2026-01-14 11:15:00,3,2
2026-01-14 11:30:00,4,3
2026-01-14 11:45:00,1,1
2026-01-14 12:00:00,12,7
2026-01-14 12:15:00,6,4
2026-01-14 12:30:00,22,18
2026-01-14 12:45:00,4,4
2026-01-14 13:00:00,5,6
2026-01-14 13:15:00,4,3
2026-01-14 13:30:00,29,19
2026-01-14 13:45:00,4,2
2026-01-14 14:00:00,12,8
2026-01-14 14:15:00,7,3
2026-01-14 14:30:00,13,6
2026-01-14 14:45:00,0,10
2026-01-14 15:00:00,1,0
2026-01-14 15:15:00,7,6
2026-01-14 15:30:00,134,144
2026-01-14 15:45:00,7,1
2026-01-14 16:00:00,12,1
2026-01-14 16:15:00,4,5
2026-01-14 16:30:00,21,4
2026-01-14 16:45:00,2,0
2026-01-14 17:00:00,8,4
2026-01-14 17:15:00,10,23
2026-01-14 17:30:00,34,13
2026-01-14 17:45:00,4,0
2026-01-14 18:00:00,9,0
2026-01-14 18:15:00,5,0
2026-01-14 18:30:00,17,32
2026-01-14 18:45:00,3,3
2026-01-14 19:15:00,3,0
2026-01-14 19:30:00,7,0
2026-01-14 20:00:00,3,3
2026-01-14 20:15:00,7,1
2026-01-14 20:30:00,11,0
2026-01-14 20:45:00,1,0
2026-01-14 21:00:00,0,1
2026-01-14 21:15:00,6,1
2026-01-14 21:30:00,12,3
2026-01-14 22:15:00,1,1
2026-01-14 22:30:00,2,1
2026-01-14 23:00:00,1,0
2026-01-14 23:30:00,3,0
2026-01-15 01:00:00,0,2
2026-01-15 06:30:00,6,3
2026-01-15 07:00:00,2,0
2026-01-15 07:15:00,2,0
2026-01-15 07:30:00,4,0
2026-01-15 07:45:00,3,0
2026-01-15 08:00:00,1,0
2026-01-15 08:15:00,12,2
2026-01-15 09:00:00,9,2
2026-01-15 09:15:00,1,1
2026-01-15 09:30:00,4,3
2026-01-15 10:00:00,0,1
2026-01-15 10:15:00,2,20
2026-01-15 10:30:00,1,1
2026-01-15 11:15:00,4,0
2026-01-15 11:30:00,7,2
2026-01-15 12:00:00,4,4
2026-01-15 12:15:00,2,20
2026-01-15 12:30:00,5,0
2026-01-15 12:45:00,1,0
2026-01-15 13:00:00,1,0
2026-01-15 13:15:00,8,4
2026-01-15 13:30:00,8,0
2026-01-15 13:45:00,2,3
2026-01-15 14:00:00,8,7
2026-01-15 14:30:00,6,5
2026-01-15 14:45:00,1,0
2026-01-15 15:15:00,6,1
2026-01-15 15:30:00,5,0
2026-01-15 15:45:00,1,1
2026-01-15 16:00:00,9,11
2026-01-15 16:15:00,1,0
2026-01-15 16:30:00,12,5
2026-01-15 16:45:00,3,3
2026-01-15 17:00:00,1,0
2026-01-15 17:15:00,4,3
2026-01-15 17:30:00,12,1
2026-01-15 17:45:00,0,1
2026-01-15 18:00:00,6,1
2026-01-15 18:15:00,3,0
2026-01-15 18:30:00,6,1
2026-01-15 19:00:00,0,1
2026-01-15 19:15:00,2,1
2026-01-15 19:30:00,4,0
2026-01-15 20:00:00,2,2
2026-01-15 20:30:00,4,0
2026-01-15 21:15:00,1,0
2026-01-15 21:30:00,9,2
2026-01-15 22:15:00,1,0
2026-01-15 22:30:00,5,0
2026-01-15 23:00:00,2,0
2026-01-15 23:15:00,1,1
2026-01-16 00:30:00,0,1
2026-01-16 06:30:00,14,11
2026-01-16 06:45:00,1,0
2026-01-16 07:00:00,4,0
2026-01-16 07:15:00,2,0
2026-01-16 07:30:00,6,0
2026-01-16 07:45:00,2,0
2026-01-16 08:15:00,28,14
2026-01-16 08:45:00,2,0
2026-01-16 09:00:00,7,2
2026-01-16 09:15:00,6,5
2026-01-16 09:30:00,5,11
2026-01-16 09:45:00,0,1
2026-01-16 10:15:00,3,14
2026-01-16 10:30:00,6,1
2026-01-16 11:00:00,1,1
2026-01-16 11:15:00,11,8
2026-01-16 11:30:00,9,9
2026-01-16 11:45:00,5,5
2026-01-16 12:00:00,11,21
2026-01-16 12:15:00,8,4
2026-01-16 12:30:00,9,2
2026-01-16 13:00:00,5,2
2026-01-16 13:15:00,12,7
2026-01-16 13:30:00,23,17
2026-01-16 13:45:00,5,5
2026-01-16 14:00:00,20,32
2026-01-16 14:15:00,0,2
2026-01-16 14:30:00,16,15
2026-01-16 14:45:00,1,1
2026-01-16 15:00:00,5,11
2026-01-16 15:15:00,17,42
2026-01-16 15:30:00,17,9
2026-01-16 15:45:00,4,1
2026-01-16 16:00:00,20,5
2026-01-16 16:15:00,7,21
2026-01-16 16:30:00,23,23
2026-01-16 16:45:00,1,0
2026-01-16 17:00:00,1,0
2026-01-16 17:15:00,10,2
2026-01-16 17:30:00,15,15
2026-01-16 17:45:00,3,0
2026-01-16 18:00:00,9,2
2026-01-16 18:15:00,2,21
2026-01-16 18:30:00,12,0
2026-01-16 19:00:00,1,0
2026-01-16 19:15:00,7,1
2026-01-16 19:30:00,13,5
2026-01-16 20:00:00,1,1
2026-01-16 20:15:00,3,0
2026-01-16 20:30:00,7,1
2026-01-16 20:45:00,2,0
2026-01-16 21:00:00,0,1
2026-01-16 21:15:00,4,2
2026-01-16 21:30:00,12,0
2026-01-16 21:45:00,2,2
2026-01-16 22:15:00,3,2
2026-01-16 22:30:00,1,0
2026-01-16 22:45:00,3,0
2026-01-16 23:00:00,7,1
2026-01-16 23:15:00,2,1
2026-01-16 23:30:00,2,0
2026-01-17 03:00:00,0,1
2026-01-17 06:30:00,6,6
2026-01-17 07:00:00,1,1
2026-01-17 07:30:00,3,0
2026-01-17 07:45:00,0,3
2026-01-17 08:00:00,2,0
2026-01-17 08:15:00,2,1
2026-01-17 08:45:00,4,2
2026-01-17 09:00:00,4,0
2026-01-17 09:15:00,7,1
2026-01-17 09:30:00,6,20
2026-01-17 09:45:00,2,2
2026-01-17 10:15:00,2,1
2026-01-17 10:30:00,16,8
2026-01-17 11:00:00,4,3
2026-01-17 11:15:00,1,2
2026-01-17 11:30:00,19,15
2026-01-17 11:45:00,11,9
2026-01-17 12:00:00,6,9
2026-01-17 12:15:00,6,3
2026-01-17 12:30:00,25,20
2026-01-17 12:45:00,1,1
2026-01-17 13:00:00,7,4
2026-01-17 13:15:00,10,9
2026-01-17 13:30:00,20,14
2026-01-17 13:45:00,13,17
2026-01-17 14:00:00,29,13
2026-01-17 14:15:00,11,8
2026-01-17 14:30:00,23,24
2026-01-17 14:45:00,5,1
2026-01-17 15:00:00,11,18
2026-01-17 15:15:00,15,8
2026-01-17 15:30:00,25,27
2026-01-17 15:45:00,4,1
2026-01-17 16:00:00,22,6
2026-01-17 16:15:00,13,6
2026-01-17 16:30:00,37,28
2026-01-17 17:00:00,9,7
2026-01-17 17:15:00,18,9
2026-01-17 17:30:00,18,12
2026-01-17 17:45:00,10,7
2026-01-17 18:00:00,3,0
2026-01-17 18:30:00,17,28
2026-01-17 19:00:00,4,3
2026-01-17 19:15:00,4,0
2026-01-17 19:30:00,11,4
2026-01-17 20:00:00,2,2
2026-01-17 20:15:00,2,0
2026-01-17 20:30:00,13,1
2026-01-17 20:45:00,3,3
2026-01-17 21:00:00,0,2
2026-01-17 21:30:00,7,2
2026-01-17 22:15:00,6,0
2026-01-17 22:30:00,4,1
2026-01-17 23:00:00,7,0
2026-01-17 23:15:00,1,4
2026-01-17 23:30:00,8,1
2026-01-18 00:15:00,0,1
2026-01-18 02:00:00,0,4
2026-01-18 05:00:00,0,1
2026-01-18 05:45:00,0,2
2026-01-18 06:30:00,7,7
2026-01-18 07:30:00,2,0
2026-01-18 07:45:00,0,2
2026-01-18 08:15:00,2,1
2026-01-18 08:45:00,2,2
2026-01-18 09:00:00,10,19
2026-01-18 09:15:00,4,5
2026-01-18 09:30:00,7,3
2026-01-18 10:00:00,3,3
2026-01-18 10:15:00,7,7
2026-01-18 10:30:00,12,7
2026-01-18 10:45:00,0,5
2026-01-18 11:00:00,3,5
2026-01-18 11:15:00,8,13
2026-01-18 11:30:00,35,21
2026-01-18 11:45:00,6,8
2026-01-18 12:00:00,13,30
2026-01-18 12:15:00,14,9
2026-01-18 12:30:00,27,70
2026-01-18 12:45:00,4,7
2026-01-18 13:00:00,3,5
2026-01-18 13:15:00,11,14
2026-01-18 13:30:00,53,34
2026-01-18 13:45:00,23,26
2026-01-18 14:00:00,25,17
2026-01-18 14:15:00,14,10
2026-01-18 14:30:00,43,56
2026-01-18 14:45:00,3,4
2026-01-18 15:00:00,2,10
2026-01-18 15:15:00,14,7
2026-01-18 15:30:00,26,14
2026-01-18 15:45:00,21,18
2026-01-18 16:00:00,20,27
2026-01-18 16:15:00,15,11
2026-01-18 16:30:00,31,19
2026-01-18 16:45:00,1,0
2026-01-18 17:00:00,4,23
2026-01-18 17:15:00,19,13
2026-01-18 17:30:00,30,20
2026-01-18 17:45:00,18,12
2026-01-18 18:00:00,12,8
2026-01-18 18:15:00,3,3
2026-01-18 18:30:00,9,0
2026-01-18 19:00:00,2,2
2026-01-18 19:30:00,12,4
2026-01-18 20:15:00,0,4
2026-01-18 20:30:00,11,0
2026-01-18 21:15:00,4,3
2026-01-18 21:30:00,3,0
2026-01-18 21:45:00,1,0
2026-01-18 22:30:00,1,1
2026-01-18 23:15:00,1,0
2026-01-18 23:30:00,3,0
2026-01-19 03:30:00,0,2
2026-01-19 06:30:00,15,9
2026-01-19 06:45:00,3,0
2026-01-19 07:00:00,12,1
2026-01-19 07:15:00,3,0
2026-01-19 07:30:00,15,1
2026-01-19 07:45:00,2,2
2026-01-19 08:00:00,10,11
2026-01-19 08:15:00,27,12
2026-01-19 08:30:00,4,2
2026-01-19 08:45:00,4,1
2026-01-19 09:00:00,8,2
2026-01-19 09:15:00,5,4
2026-01-19 09:30:00,9,5
2026-01-19 09:45:00,1,4
2026-01-19 10:00:00,4,2
2026-01-19 10:15:00,2,5
2026-01-19 10:30:00,34,47
2026-01-19 10:45:00,149,149
2026-01-19 11:00:00,2,0
2026-01-19 11:15:00,7,2
2026-01-19 11:30:00,6,4
2026-01-19 11:45:00,1,0
2026-01-19 12:00:00,10,15
2026-01-19 12:15:00,3,4
2026-01-19 12:30:00,12,5
2026-01-19 12:45:00,1,0
2026-01-19 13:00:00,12,15
2026-01-19 13:15:00,9,12
2026-01-19 13:30:00,22,12
2026-01-19 13:45:00,4,1
2026-01-19 14:00:00,15,4
2026-01-19 14:15:00,5,0
2026-01-19 14:30:00,14,4
2026-01-19 14:45:00,1,0
2026-01-19 15:00:00,6,5
2026-01-19 15:15:00,3,0
2026-01-19 15:30:00,22,17
2026-01-19 15:45:00,5,2
2026-01-19 16:00:00,8,3
2026-01-19 16:15:00,12,7
2026-01-19 16:30:00,25,15
2026-01-19 16:45:00,5,2
2026-01-19 17:00:00,1,1
2026-01-19 17:15:00,0,1
2026-01-19 17:30:00,22,15
2026-01-19 18:00:00,13,9
2026-01-19 18:15:00,6,1
2026-01-19 18:30:00,9,3
2026-01-19 19:00:00,1,0
2026-01-19 19:15:00,3,2
2026-01-19 19:30:00,10,1
2026-01-19 20:15:00,3,2
2026-01-19 20:30:00,8,2
2026-01-19 21:00:00,1,0
2026-01-19 21:15:00,2,0
2026-01-19 21:30:00,11,2
2026-01-19 21:45:00,1,0
2026-01-19 22:00:00,1,0
2026-01-19 22:15:00,1,2
2026-01-19 22:30:00,4,0
2026-01-19 22:45:00,2,0
2026-01-20 06:15:00,1,0
2026-01-20 06:30:00,15,9
2026-01-20 06:45:00,3,0
2026-01-20 07:00:00,10,1
2026-01-20 07:15:00,5,4
2026-01-20 07:30:00,17,1
2026-01-20 07:45:00,2,0
2026-01-20 08:00:00,6,1
2026-01-20 08:15:00,26,11
2026-01-20 08:30:00,3,3
2026-01-20 08:45:00,5,1
2026-01-20 09:00:00,3,1
2026-01-20 09:30:00,3,40
2026-01-20 09:45:00,0,1
2026-01-20 10:00:00,5,1
2026-01-20 10:15:00,3,1
2026-01-20 10:30:00,80,77
2026-01-20 11:00:00,3,3
2026-01-20 11:30:00,13,2
2026-01-20 11:45:00,1,0
2026-01-20 12:00:00,5,4
2026-01-20 12:15:00,7,14
2026-01-20 12:30:00,8,7
2026-01-20 12:45:00,1,0
2026-01-20 13:00:00,2,4
2026-01-20 13:15:00,12,14
2026-01-20 13:30:00,24,31
2026-01-20 13:45:00,1,2
2026-01-20 14:00:00,13,8
2026-01-20 14:15:00,9,3
2026-01-20 14:30:00,15,6
2026-01-20 15:00:00,1,0
2026-01-20 15:15:00,3,2
2026-01-20 15:30:00,14,1
2026-01-20 15:45:00,4,0
2026-01-20 16:00:00,12,4
2026-01-20 16:15:00,1,0
2026-01-20 16:30:00,20,17
2026-01-20 17:00:00,1,1
2026-01-20 17:15:00,15,40
2026-01-20 17:30:00,20,12
2026-01-20 17:45:00,2,1
2026-01-20 18:00:00,13,5
2026-01-20 18:15:00,3,0
2026-01-20 18:30:00,16,0
2026-01-20 18:45:00,2,1
2026-01-20 19:00:00,4,2
2026-01-20 19:15:00,3,20
2026-01-20 19:30:00,12,11
2026-01-20 19:45:00,3,3
2026-01-20 20:00:00,2,3
2026-01-20 20:15:00,3,0
2026-01-20 20:30:00,12,2
2026-01-20 21:00:00,1,0
2026-01-20 21:30:00,8,0
2026-01-20 22:00:00,1,0
2026-01-20 22:15:00,1,0
2026-01-20 22:30:00,5,0
2026-01-20 23:00:00,2,20
2026-01-20 23:30:00,1,0
2026-01-21 01:00:00,0,1
2026-01-21 05:30:00,0,4
2026-01-21 06:15:00,1,4
2026-01-21 06:30:00,18,12
2026-01-21 06:45:00,4,0
2026-01-21 07:00:00,9,0
2026-01-21 07:15:00,9,0
2026-01-21 07:30:00,18,0
2026-01-21 07:45:00,2,2
2026-01-21 08:00:00,5,0
2026-01-21 08:15:00,21,1
2026-01-21 08:30:00,2,2
2026-01-21 08:45:00,2,1
2026-01-21 09:00:00,7,1
2026-01-21 09:15:00,4,2
2026-01-21 09:30:00,8,3
2026-01-21 10:00:00,4,4
2026-01-21 10:15:00,3,1
2026-01-21 10:30:00,4,0
2026-01-21 10:45:00,127,127
2026-01-21 11:15:00,4,0
2026-01-21 11:30:00,59,52
2026-01-21 11:45:00,6,2
2026-01-21 12:00:00,4,0
2026-01-21 12:15:00,3,0
2026-01-21 12:30:00,8,0
2026-01-21 12:45:00,2,3
2026-01-21 13:00:00,1,0
2026-01-21 13:15:00,5,1
2026-01-21 13:30:00,5,20
2026-01-21 13:45:00,8,3
2026-01-21 14:00:00,5,3
2026-01-21 14:15:00,2,0
2026-01-21 14:30:00,8,10
2026-01-21 15:00:00,1,1
2026-01-21 15:15:00,2,3
2026-01-21 15:30:00,21,1
2026-01-21 15:45:00,4,0
2026-01-21 16:00:00,12,1
2026-01-21 16:15:00,8,3
2026-01-21 16:30:00,5,0
2026-01-21 16:45:00,5,14
2026-01-21 17:00:00,5,5
2026-01-21 17:15:00,5,0
2026-01-21 17:30:00,17,1
2026-01-21 17:45:00,2,10
2026-01-21 18:00:00,14,1
2026-01-21 18:15:00,2,0
2026-01-21 18:30:00,7,1
2026-01-21 18:45:00,5,0
2026-01-21 19:00:00,1,2
2026-01-21 19:15:00,10,1
2026-01-21 19:30:00,8,1
2026-01-21 19:45:00,1,1
2026-01-21 20:00:00,1,0
2026-01-21 20:15:00,3,0
2026-01-21 20:30:00,17,2
2026-01-21 21:00:00,3,3
2026-01-21 21:15:00,2,2
2026-01-21 21:30:00,11,22
2026-01-21 22:00:00,5,3
2026-01-21 22:30:00,6,2
2026-01-21 22:45:00,1,0
2026-01-21 23:00:00,5,3
2026-01-21 23:30:00,2,1
2026-01-22 05:45:00,0,3
2026-01-22 06:00:00,0,5
2026-01-22 06:15:00,1,0
2026-01-22 06:30:00,14,7
2026-01-22 06:45:00,4,0
2026-01-22 07:00:00,7,0
2026-01-22 07:15:00,3,0
2026-01-22 07:30:00,10,2
2026-01-22 07:45:00,5,2
2026-01-22 08:00:00,6,0
2026-01-22 08:15:00,39,21
2026-01-22 08:30:00,7,0
2026-01-22 08:45:00,1,0
2026-01-22 09:00:00,8,5
2026-01-22 09:15:00,1,1
2026-01-22 09:30:00,6,2
2026-01-22 09:45:00,2,2
2026-01-22 10:00:00,6,3
2026-01-22 10:15:00,133,142
2026-01-22 10:30:00,12,14
2026-01-22 10:45:00,3,2
2026-01-22 11:00:00,3,3
2026-01-22 11:15:00,10,4
2026-01-22 11:30:00,20,15
2026-01-22 11:45:00,8,26
2026-01-22 12:00:00,9,2
2026-01-22 12:15:00,9,12
2026-01-22 12:30:00,13,5
2026-01-22 13:00:00,5,4
2026-01-22 13:15:00,12,8
2026-01-22 13:30:00,16,14
2026-01-22 13:45:00,4,2
2026-01-22 14:00:00,3,1
2026-01-22 14:15:00,1,0
2026-01-22 14:30:00,7,3
2026-01-22 14:45:00,4,4
2026-01-22 15:00:00,7,2
2026-01-22 15:15:00,1,0
2026-01-22 15:30:00,13,10
2026-01-22 15:45:00,8,4
2026-01-22 16:00:00,26,25
2026-01-22 16:15:00,10,6
2026-01-22 16:30:00,11,3
2026-01-22 16:45:00,11,5
2026-01-22 17:00:00,19,5
2026-01-22 17:15:00,1,1
2026-01-22 17:30:00,8,13
2026-01-22 17:45:00,14,8
2026-01-22 18:00:00,19,14
2026-01-22 18:15:00,3,2
2026-01-22 18:30:00,6,0
2026-01-22 18:45:00,8,4
2026-01-22 19:00:00,8,0
2026-01-22 19:45:00,1,0
2026-01-22 20:15:00,4,0
2026-01-22 20:30:00,11,0
2026-01-22 21:00:00,1,0
2026-01-22 21:30:00,3,0
2026-01-22 21:45:00,1,0
2026-01-22 22:15:00,2,2
2026-01-22 22:30:00,7,1
2026-01-22 23:15:00,1,0
2026-01-22 23:30:00,5,0
2026-01-23 06:15:00,0,1
2026-01-23 06:30:00,2,4
2026-01-23 06:45:00,3,0
2026-01-23 07:00:00,10,7
2026-01-23 07:15:00,7,0
2026-01-23 07:30:00,18,1
2026-01-23 07:45:00,2,0
2026-01-23 08:00:00,2,2
2026-01-23 08:15:00,15,8
2026-01-23 08:30:00,14,10
2026-01-23 08:45:00,5,0
2026-01-23 09:00:00,4,1
2026-01-23 09:15:00,7,8
2026-01-23 09:30:00,12,8
2026-01-23 09:45:00,1,3
2026-01-23 10:30:00,1,3
2026-01-23 10:45:00,5,4
2026-01-23 11:00:00,4,3
2026-01-23 11:15:00,5,5
2026-01-23 11:30:00,0,2
2026-01-23 11:45:00,4,7
2026-01-23 12:00:00,16,2
2026-01-23 12:15:00,8,8
2026-01-23 12:30:00,4,20
2026-01-23 12:45:00,4,1
2026-01-23 13:00:00,10,5
2026-01-23 13:15:00,2,1
2026-01-23 13:30:00,5,1
2026-01-23 13:45:00,10,6
2026-01-23 14:00:00,16,4
2026-01-23 14:15:00,2,2
2026-01-23 14:30:00,8,8
2026-01-23 14:45:00,2,1
2026-01-23 15:00:00,17,37
2026-01-23 15:15:00,1,0
2026-01-23 15:30:00,2,2
2026-01-23 15:45:00,113,105
2026-01-23 16:00:00,11,1
2026-01-23 16:15:00,3,1
2026-01-23 16:30:00,6,2
2026-01-23 16:45:00,5,5
2026-01-23 17:00:00,19,3
2026-01-23 17:30:00,5,14
2026-01-23 17:45:00,6,2
2026-01-23 18:00:00,17,11
2026-01-23 18:30:00,2,0
2026-01-23 18:45:00,2,2
2026-01-23 19:00:00,13,1
2026-01-23 19:15:00,1,0
2026-01-23 20:30:00,10,2
2026-01-23 20:45:00,2,0
2026-01-23 21:00:00,1,0
2026-01-23 21:15:00,2,0
2026-01-23 21:30:00,7,0
2026-01-23 22:00:00,3,0
2026-01-23 22:15:00,3,0
2026-01-23 22:30:00,6,0
2026-01-23 22:45:00,1,0
2026-01-23 23:00:00,1,0
2026-01-23 23:15:00,2,0
2026-01-23 23:30:00,1,0
2026-01-24 00:30:00,0,1
2026-01-24 06:30:00,1,0
2026-01-24 07:00:00,1,2
2026-01-24 07:15:00,0,3
2026-01-24 07:30:00,5,3
2026-01-24 08:15:00,1,0
2026-01-24 08:30:00,4,2
2026-01-24 09:00:00,5,5
2026-01-24 09:15:00,5,22
2026-01-24 09:30:00,13,4
2026-01-24 09:45:00,0,2
2026-01-24 10:30:00,2,2
2026-01-24 10:45:00,9,22
2026-01-24 11:00:00,38,25
2026-01-24 11:15:00,1,2
2026-01-24 11:30:00,0,4
2026-01-24 11:45:00,16,11
2026-01-24 12:00:00,21,11
2026-01-24 12:15:00,4,5
2026-01-24 12:30:00,10,8
2026-01-24 12:45:00,13,10
2026-01-24 13:00:00,42,29
2026-01-24 13:15:00,10,10
2026-01-24 13:30:00,8,8
2026-01-24 13:45:00,17,11
2026-01-24 14:00:00,25,26
2026-01-24 14:15:00,7,7
2026-01-24 14:30:00,8,6
2026-01-24 14:45:00,12,11
2026-01-24 15:00:00,24,18
2026-01-24 15:15:00,9,8
2026-01-24 15:30:00,21,15
2026-01-24 15:45:00,7,9
2026-01-24 16:00:00,32,24
2026-01-24 16:15:00,6,5
2026-01-24 16:30:00,1,1
2026-01-24 16:45:00,7,3
2026-01-24 17:00:00,18,10
2026-01-24 17:45:00,2,2
2026-01-24 18:00:00,14,7
2026-01-24 18:15:00,1,0
2026-01-24 18:45:00,2,1
2026-01-24 19:00:00,23,18
2026-01-24 19:45:00,1,0
2026-01-24 20:00:00,4,2
2026-01-24 20:15:00,9,7
2026-01-24 20:30:00,5,0
2026-01-24 21:15:00,3,1
2026-01-24 21:30:00,3,0
2026-01-24 21:45:00,1,1
2026-01-24 22:00:00,1,0
2026-01-24 22:15:00,2,0
2026-01-24 22:30:00,17,5
2026-01-24 23:15:00,3,0
2026-01-24 23:30:00,5,1
2026-01-25 06:30:00,12,10
2026-01-25 07:30:00,3,2
2026-01-25 08:15:00,1,1
2026-01-25 08:30:00,0,3
2026-01-25 08:45:00,1,0
2026-01-25 09:30:00,5,3
2026-01-25 10:15:00,0,24
2026-01-25 10:45:00,6,5
2026-01-25 11:00:00,3,3
2026-01-25 11:30:00,1,0
2026-01-25 11:45:00,1,2
2026-01-25 12:00:00,8,5
2026-01-25 12:15:00,0,10
2026-01-25 12:30:00,1,1
2026-01-25 13:00:00,7,2
2026-01-25 13:15:00,2,1
2026-01-25 13:30:00,2,0
2026-01-25 13:45:00,4,0
2026-01-25 14:00:00,20,9
2026-01-25 14:15:00,1,4
2026-01-25 14:30:00,2,0
2026-01-25 14:45:00,3,0
2026-01-25 15:00:00,14,39
2026-01-25 15:30:00,1,0
2026-01-25 15:45:00,2,2
2026-01-25 16:00:00,10,7
2026-01-25 16:15:00,5,1
2026-01-25 16:30:00,1,10
2026-01-25 16:45:00,7,0
2026-01-25 17:00:00,2,0
2026-01-25 18:00:00,3,2
2026-01-25 18:15:00,1,0
2026-01-25 18:30:00,2,0
2026-01-25 18:45:00,2,0
2026-01-25 19:15:00,1,0
2026-01-25 20:15:00,2,2
2026-01-25 20:30:00,3,0
2026-01-25 21:15:00,5,1
2026-01-25 21:30:00,1,0
2026-01-25 22:15:00,1,0
2026-01-25 23:30:00,1,1
2026-01-26 02:45:00,0,1
2026-01-26 06:30:00,13,8
2026-01-26 07:00:00,1,0
2026-01-26 07:30:00,3,2
2026-01-26 07:45:00,0,6
2026-01-26 08:00:00,1,1
2026-01-26 08:15:00,2,0
2026-01-26 08:30:00,6,0
2026-01-26 09:00:00,4,2
2026-01-26 09:15:00,5,1
2026-01-26 09:30:00,5,2
2026-01-26 09:45:00,0,1
2026-01-26 10:00:00,0,3
2026-01-26 10:15:00,2,2
2026-01-26 10:30:00,3,10
2026-01-26 10:45:00,8,6
2026-01-26 11:00:00,13,11
2026-01-26 11:15:00,5,5
2026-01-26 11:30:00,9,9
2026-01-26 11:45:00,4,4
2026-01-26 12:00:00,6,4
2026-01-26 12:30:00,9,6
2026-01-26 12:45:00,3,1
2026-01-26 13:00:00,13,28
2026-01-26 13:15:00,3,5
2026-01-26 13:30:00,6,5
2026-01-26 13:45:00,16,9
2026-01-26 14:00:00,14,9
2026-01-26 14:15:00,1,3
2026-01-26 14:30:00,4,4
2026-01-26 14:45:00,19,13
2026-01-26 15:00:00,8,2
2026-01-26 15:15:00,7,7
2026-01-26 15:30:00,5,5
2026-01-26 15:45:00,11,13
2026-01-26 16:00:00,14,7
2026-01-26 16:15:00,5,5
2026-01-26 16:30:00,13,10
2026-01-26 16:45:00,12,15
2026-01-26 17:00:00,14,7
2026-01-26 17:15:00,2,1
2026-01-26 17:30:00,8,5
2026-01-26 17:45:00,8,4
2026-01-26 18:00:00,3,1
2026-01-26 18:15:00,2,0
2026-01-26 18:30:00,2,1
2026-01-26 18:45:00,2,0
2026-01-26 19:00:00,6,11
2026-01-26 20:15:00,3,0
2026-01-26 20:30:00,8,3
2026-01-26 21:30:00,3,0
2026-01-26 22:00:00,0,1
2026-01-26 22:15:00,1,0
2026-01-26 22:30:00,2,0
2026-01-26 23:00:00,2,0
2026-01-26 23:30:00,1,0
2026-01-27 06:30:00,15,7
2026-01-27 07:00:00,2,0
2026-01-27 07:15:00,6,4
2026-01-27 07:30:00,17,21
2026-01-27 07:45:00,2,1
2026-01-27 08:00:00,1,0
2026-01-27 08:15:00,17,13
2026-01-27 08:30:00,14,2
2026-01-27 08:45:00,3,0
2026-01-27 09:00:00,3,1
2026-01-27 09:15:00,2,0
2026-01-27 09:30:00,7,3
2026-01-27 10:15:00,1,1
2026-01-27 10:30:00,120,119
2026-01-27 10:45:00,8,7
2026-01-27 11:00:00,10,5
2026-01-27 11:15:00,42,43
2026-01-27 11:30:00,1,3
2026-01-27 11:45:00,4,2
2026-01-27 12:00:00,9,4
2026-01-27 12:15:00,1,1
2026-01-27 12:30:00,5,2
2026-01-27 12:45:00,5,1
2026-01-27 13:00:00,10,1
2026-01-27 13:15:00,1,0
2026-01-27 13:30:00,2,0
2026-01-27 13:45:00,5,2
2026-01-27 14:00:00,3,10
2026-01-27 14:15:00,5,4
2026-01-27 14:30:00,4,1
2026-01-27 14:45:00,8,3
2026-01-27 15:00:00,15,7
2026-01-27 15:15:00,2,2
2026-01-27 15:30:00,2,0
2026-01-27 15:45:00,6,2
2026-01-27 16:00:00,19,3
2026-01-27 16:15:00,1,1
2026-01-27 16:30:00,6,11
2026-01-27 16:45:00,6,4
2026-01-27 17:00:00,26,10
2026-01-27 17:15:00,6,2
2026-01-27 17:30:00,3,1
2026-01-27 17:45:00,3,0
2026-01-27 18:00:00,17,0
2026-01-27 18:15:00,4,4
2026-01-27 18:30:00,3,0
2026-01-27 18:45:00,1,0
2026-01-27 19:00:00,17,35
2026-01-27 19:30:00,1,0
2026-01-27 19:45:00,3,2
2026-01-27 20:00:00,4,0
2026-01-27 20:15:00,1,0
2026-01-27 20:30:00,9,10
2026-01-27 21:00:00,1,0
2026-01-27 21:15:00,3,1
2026-01-27 21:30:00,3,0
2026-01-27 22:00:00,3,0
2026-01-27 22:15:00,2,0
2026-01-27 22:30:00,11,0
2026-01-27 23:15:00,1,0
2026-01-27 23:30:00,3,0
2026-01-28 02:30:00,0,2
2026-01-28 06:30:00,25,20
2026-01-28 06:45:00,3,0
2026-01-28 07:00:00,2,0
2026-01-28 07:15:00,10,3
2026-01-28 07:30:00,21,2
2026-01-28 07:45:00,0,1
2026-01-28 08:00:00,2,0
2026-01-28 08:15:00,14,9
2026-01-28 08:30:00,15,14
2026-01-28 08:45:00,6,3
2026-01-28 09:00:00,3,0
2026-01-28 09:15:00,4,4
2026-01-28 09:30:00,4,1
2026-01-28 10:00:00,0,1
2026-01-28 10:15:00,2,2
2026-01-28 10:30:00,132,131
2026-01-28 10:45:00,6,5
2026-01-28 11:00:00,8,5
2026-01-28 11:15:00,44,45
2026-01-28 11:30:00,4,1
2026-01-28 11:45:00,6,5
2026-01-28 12:00:00,13,23
2026-01-28 12:15:00,5,5
2026-01-28 12:30:00,3,3
2026-01-28 12:45:00,12,9
2026-01-28 13:00:00,7,4
2026-01-28 13:15:00,3,13
2026-01-28 13:30:00,9,8
2026-01-28 13:45:00,17,11
2026-01-28 14:00:00,13,5
2026-01-28 14:15:00,0,2
2026-01-28 14:30:00,2,2
2026-01-28 14:45:00,7,0
2026-01-28 15:00:00,10,4
2026-01-28 15:15:00,0,2
2026-01-28 15:30:00,3,0
2026-01-28 15:45:00,3,1
2026-01-28 16:00:00,36,39
2026-01-28 16:15:00,2,1
2026-01-28 16:30:00,10,10
2026-01-28 16:45:00,14,9
2026-01-28 17:00:00,28,24
2026-01-28 17:15:00,1,0
2026-01-28 17:30:00,14,12
2026-01-28 17:45:00,7,2
2026-01-28 18:00:00,22,7
2026-01-28 18:15:00,0,5
2026-01-28 18:30:00,3,1
2026-01-28 18:45:00,6,2
2026-01-28 19:00:00,13,21
2026-01-28 19:30:00,1,0
2026-01-28 19:45:00,1,0
2026-01-28 20:00:00,2,0
2026-01-28 20:15:00,4,0
2026-01-28 20:30:00,6,20
2026-01-28 20:45:00,1,1
2026-01-28 21:00:00,2,0
2026-01-28 21:15:00,3,0
2026-01-28 21:30:00,14,4
2026-01-28 22:00:00,2,0
2026-01-28 22:15:00,1,0
2026-01-28 22:30:00,5,1
2026-01-28 23:30:00,4,0
2026-01-28 23:45:00,0,4
2026-01-29 01:15:00,0,1
2026-01-29 06:15:00,0,4
2026-01-29 06:30:00,22,14
2026-01-29 06:45:00,2,1
2026-01-29 07:00:00,1,0
2026-01-29 07:15:00,17,3
2026-01-29 07:30:00,12,0
2026-01-29 08:00:00,4,2
2026-01-29 08:15:00,8,1
2026-01-29 08:30:00,25,11
2026-01-29 08:45:00,3,2
2026-01-29 09:00:00,2,2
2026-01-29 09:15:00,4,6
2026-01-29 09:30:00,6,11
2026-01-29 09:45:00,2,2
2026-01-29 10:15:00,4,6
2026-01-29 10:30:00,4,4
2026-01-29 10:45:00,8,9
2026-01-29 11:00:00,8,0
2026-01-29 11:15:00,2,2
2026-01-29 11:30:00,6,3
2026-01-29 11:45:00,10,9
2026-01-29 12:00:00,15,29
2026-01-29 12:15:00,5,5
2026-01-29 12:30:00,3,3
2026-01-29 12:45:00,6,5
2026-01-29 13:00:00,13,9
2026-01-29 13:15:00,1,0
2026-01-29 13:30:00,4,4
2026-01-29 13:45:00,8,20
2026-01-29 14:00:00,29,27
2026-01-29 14:15:00,5,1
2026-01-29 14:30:00,11,6
2026-01-29 14:45:00,13,17
2026-01-29 15:00:00,22,14
2026-01-29 15:15:00,4,6
2026-01-29 15:30:00,7,11
2026-01-29 15:45:00,18,29
2026-01-29 16:00:00,22,15
2026-01-29 16:15:00,3,0
2026-01-29 16:30:00,13,9
2026-01-29 16:45:00,23,17
2026-01-29 17:00:00,32,20
2026-01-29 17:15:00,18,17
2026-01-29 17:30:00,4,2
2026-01-29 17:45:00,8,3
2026-01-29 18:00:00,27,26
2026-01-29 19:00:00,12,11
2026-01-29 19:15:00,1,0
2026-01-29 19:30:00,1,0
2026-01-29 20:00:00,3,0
2026-01-29 20:15:00,5,2
2026-01-29 20:30:00,6,0
2026-01-29 20:45:00,2,1
2026-01-29 21:00:00,2,3
2026-01-29 21:15:00,4,7
2026-01-29 21:30:00,12,2
2026-01-29 22:00:00,0,1
2026-01-29 22:15:00,2,0
2026-01-29 22:30:00,7,2
2026-01-29 22:45:00,1,0
2026-01-29 23:00:00,2,1
2026-01-29 23:15:00,2,20
2026-01-29 23:30:00,7,1
2026-01-29 23:45:00,1,1
2026-01-30 06:30:00,11,6
2026-01-30 07:00:00,1,0
2026-01-30 07:15:00,11,1
2026-01-30 07:30:00,17,3
2026-01-30 08:00:00,4,3
2026-01-30 08:15:00,17,14
2026-01-30 08:30:00,10,4
2026-01-30 09:15:00,9,5
2026-01-30 09:30:00,14,7
2026-01-30 10:00:00,1,1
2026-01-30 10:15:00,7,7
2026-01-30 10:30:00,4,3
2026-01-30 10:45:00,5,6
2026-01-30 11:00:00,9,15
2026-01-30 11:15:00,261,261
2026-01-30 11:30:00,8,6
2026-01-30 11:45:00,3,1
2026-01-30 12:00:00,11,27
2026-01-30 12:15:00,7,8
2026-01-30 12:30:00,4,3
2026-01-30 12:45:00,6,3
2026-01-30 13:00:00,10,5
2026-01-30 13:15:00,1,0
2026-01-30 13:30:00,8,3
2026-01-30 13:45:00,16,11
2026-01-30 14:00:00,23,15
2026-01-30 14:15:00,25,9
2026-01-30 14:30:00,1,1
2026-01-30 14:45:00,13,8
2026-01-30 15:00:00,16,36
2026-01-30 15:15:00,4,2
2026-01-30 15:30:00,7,4
2026-01-30 15:45:00,14,12
2026-01-30 16:00:00,30,12
2026-01-30 16:15:00,0,1
2026-01-30 16:30:00,19,46
2026-01-30 16:45:00,21,32
2026-01-30 17:00:00,29,34
2026-01-30 17:15:00,2,5
2026-01-30 17:30:00,3,1
2026-01-30 17:45:00,1,10
2026-01-30 18:00:00,38,29
2026-01-30 18:15:00,1,2
2026-01-30 18:30:00,5,4
2026-01-30 18:45:00,13,1
2026-01-30 19:00:00,20,5
2026-01-30 19:30:00,5,1
2026-01-30 19:45:00,0,2
2026-01-30 20:00:00,1,2
2026-01-30 20:15:00,8,3
2026-01-30 20:30:00,13,2
2026-01-30 20:45:00,2,0
2026-01-30 21:15:00,3,0
2026-01-30 21:30:00,4,1
2026-01-30 21:45:00,1,0
2026-01-30 22:15:00,7,10
2026-01-30 22:30:00,2,1
2026-01-30 23:15:00,4,0
2026-01-30 23:30:00,9,0
2026-01-31 07:15:00,1,1
2026-01-31 07:30:00,6,6
2026-01-31 08:15:00,6,5
2026-01-31 08:30:00,5,23
2026-01-31 08:45:00,1,0
2026-01-31 09:00:00,8,9
2026-01-31 09:15:00,12,10
2026-01-31 09:30:00,25,12
2026-01-31 10:00:00,1,4
2026-01-31 10:15:00,0,1
2026-01-31 10:30:00,3,4
2026-01-31 10:45:00,16,9
2026-01-31 11:00:00,37,33
2026-01-31 11:15:00,11,19
2026-01-31 11:30:00,2,17
2026-01-31 11:45:00,25,34
2026-01-31 12:00:00,57,30
2026-01-31 12:15:00,11,9
2026-01-31 12:30:00,18,17
2026-01-31 12:45:00,19,14
2026-01-31 13:00:00,52,41
2026-01-31 13:15:00,7,9
2026-01-31 13:30:00,23,29
2026-01-31 13:45:00,35,31
2026-01-31 14:00:00,57,33
2026-01-31 14:15:00,17,19
2026-01-31 14:30:00,19,19
2026-01-31 14:45:00,36,38
2026-01-31 15:00:00,60,38
2026-01-31 15:15:00,13,9
2026-01-31 15:30:00,11,10
2026-01-31 15:45:00,29,30
2026-01-31 16:00:00,82,68
2026-01-31 16:15:00,13,14
2026-01-31 16:30:00,17,24
2026-01-31 16:45:00,29,26
2026-01-31 17:00:00,57,44
2026-01-31 17:15:00,5,5
2026-01-31 17:30:00,14,28
2026-01-31 17:45:00,17,17
2026-01-31 18:00:00,18,9
2026-01-31 18:15:00,1,2
2026-01-31 18:30:00,14,15
2026-01-31 18:45:00,1,0
2026-01-31 19:00:00,19,9
2026-01-31 19:30:00,1,2
2026-01-31 19:45:00,3,0
2026-01-31 20:00:00,3,0
2026-01-31 20:15:00,2,0
2026-01-31 20:30:00,17,5
2026-01-31 20:45:00,1,2
2026-01-31 21:00:00,0,2
2026-01-31 21:15:00,2,0
2026-01-31 21:30:00,3,3
2026-01-31 22:00:00,5,4
2026-01-31 22:30:00,11,1
2026-01-31 23:00:00,1,2
2026-01-31 23:15:00,1,1
2026-01-31 23:30:00,3,3
2026-02-01 04:00:00,0,4
2026-02-01 05:15:00,0,1
2026-02-01 06:15:00,0,4
2026-02-01 06:30:00,14,10
2026-02-01 07:00:00,0,1
2026-02-01 07:15:00,2,2
2026-02-01 07:30:00,11,8
2026-02-01 08:00:00,0,3
2026-02-01 08:15:00,1,6
2026-02-01 08:30:00,5,2
2026-02-01 08:45:00,0,6
2026-02-01 09:00:00,2,5
2026-02-01 09:15:00,3,10
2026-02-01 09:30:00,25,19
2026-02-01 09:45:00,0,2
2026-02-01 10:00:00,1,5
2026-02-01 10:15:00,4,12
2026-02-01 10:30:00,18,30
2026-02-01 10:45:00,38,30
2026-02-01 11:00:00,56,36
2026-02-01 11:15:00,2,13
2026-02-01 11:30:00,31,32
2026-02-01 11:45:00,37,36
2026-02-01 12:00:00,54,39
2026-02-01 12:15:00,9,12
2026-02-01 12:30:00,20,21
2026-02-01 12:45:00,41,40
2026-02-01 13:00:00,60,43
2026-02-01 13:15:00,16,24
2026-02-01 13:30:00,23,23
2026-02-01 13:45:00,39,42
2026-02-01 14:00:00,82,70
2026-02-01 14:15:00,16,15
2026-02-01 14:30:00,7,17
2026-02-01 14:45:00,2,14
2026-02-01 15:00:00,2,8
2026-02-01 15:15:00,2,4
2026-02-01 15:30:00,0,7
2026-02-01 15:45:00,3,14
2026-02-01 16:00:00,10,23
2026-02-01 16:30:00,0,6
2026-02-01 16:45:00,5,3
2026-02-01 17:00:00,45,52
2026-02-01 17:15:00,14,11
2026-02-01 17:30:00,14,10
2026-02-01 17:45:00,24,18
2026-02-01 18:00:00,23,23
2026-02-01 18:15:00,8,10
2026-02-01 18:30:00,18,18
2026-02-01 18:45:00,14,21
2026-02-01 19:00:00,9,7
2026-02-01 19:30:00,0,1
2026-02-01 19:45:00,0,1
2026-02-01 20:00:00,2,0
2026-02-01 20:15:00,6,3
2026-02-01 20:30:00,3,1
2026-02-01 21:00:00,1,1
2026-02-01 21:15:00,1,1
2026-02-01 21:30:00,8,5
2026-02-01 22:15:00,1,1
2026-02-01 22:30:00,5,0
2026-02-01 23:15:00,1,1
2026-02-01 23:30:00,1,1
2026-02-02 03:15:00,0,1
2026-02-02 05:45:00,0,1
2026-02-02 06:00:00,0,2
2026-02-02 06:15:00,0,1
2026-02-02 06:30:00,25,16
2026-02-02 06:45:00,3,1
2026-02-02 07:00:00,3,1
2026-02-02 07:15:00,9,1
2026-02-02 07:30:00,15,2
2026-02-02 07:45:00,3,1
2026-02-02 08:00:00,2,2
2026-02-02 08:15:00,10,10
2026-02-02 08:30:00,28,21
2026-02-02 08:45:00,1,3
2026-02-02 09:00:00,4,3
2026-02-02 09:15:00,1,1
2026-02-02 09:30:00,9,25
2026-02-02 09:45:00,1,6
2026-02-02 10:00:00,1,2
2026-02-02 10:15:00,1,0
2026-02-02 10:45:00,59,77
2026-02-02 11:00:00,15,6
2026-02-02 11:15:00,1,2
2026-02-02 11:30:00,6,10
2026-02-02 11:45:00,9,5
2026-02-02 12:00:00,12,9
2026-02-02 12:15:00,8,6
2026-02-02 12:30:00,8,7
2026-02-02 12:45:00,11,11
2026-02-02 13:00:00,24,16
2026-02-02 13:15:00,3,4
2026-02-02 13:30:00,9,6
2026-02-02 13:45:00,23,15
2026-02-02 14:00:00,29,29
2026-02-02 14:15:00,2,2
2026-02-02 14:30:00,17,12
2026-02-02 14:45:00,12,6
2026-02-02 15:00:00,19,5
2026-02-02 15:15:00,9,9
2026-02-02 15:30:00,12,10
2026-02-02 15:45:00,21,20
2026-02-02 16:00:00,49,55
2026-02-02 16:15:00,5,16
2026-02-02 16:30:00,23,12
2026-02-02 16:45:00,8,8
2026-02-02 17:00:00,34,31
2026-02-02 17:15:00,4,4
2026-02-02 17:30:00,12,11
2026-02-02 17:45:00,10,3
2026-02-02 18:00:00,28,38
2026-02-02 18:15:00,2,0
2026-02-02 18:30:00,3,2
2026-02-02 18:45:00,14,10
2026-02-02 19:00:00,12,5
2026-02-02 19:15:00,3,3
2026-02-02 20:00:00,1,0
2026-02-02 20:15:00,5,1
2026-02-02 20:30:00,5,3
2026-02-02 21:00:00,5,0
2026-02-02 21:15:00,0,1
2026-02-02 21:30:00,7,14
2026-02-02 21:45:00,0,1
2026-02-02 22:00:00,3,0
2026-02-02 22:15:00,4,10
2026-02-02 22:30:00,5,3
2026-02-02 23:00:00,2,1
2026-02-02 23:30:00,2,0
2026-02-03 01:00:00,0,1
2026-02-03 05:45:00,0,4
2026-02-03 06:15:00,0,1
2026-02-03 06:30:00,21,7
2026-02-03 06:45:00,2,0
2026-02-03 07:00:00,3,0
2026-02-03 07:15:00,7,50
2026-02-03 07:30:00,31,11
2026-02-03 08:00:00,4,1
2026-02-03 08:15:00,10,1
2026-02-03 08:30:00,17,2
2026-02-03 08:45:00,0,2
2026-02-03 09:00:00,1,1
2026-02-03 09:15:00,2,23
2026-02-03 09:30:00,8,24
2026-02-03 09:45:00,0,1
2026-02-03 10:00:00,1,0
2026-02-03 10:15:00,4,4
2026-02-03 10:30:00,1,1
2026-02-03 10:45:00,3,3
2026-02-03 11:00:00,17,12
2026-02-03 11:30:00,4,1
2026-02-03 11:45:00,241,258
2026-02-03 12:00:00,14,6
2026-02-03 12:15:00,2,2
2026-02-03 12:30:00,8,4
2026-02-03 12:45:00,13,24
2026-02-03 13:00:00,18,8
2026-02-03 13:15:00,1,20
2026-02-03 13:30:00,4,3
2026-02-03 13:45:00,9,15
2026-02-03 14:00:00,19,14
2026-02-03 14:15:00,7,4
2026-02-03 14:30:00,13,11
2026-02-03 14:45:00,7,7
2026-02-03 15:00:00,17,26
2026-02-03 15:15:00,2,2
2026-02-03 15:30:00,2,3
2026-02-03 15:45:00,14,30
2026-02-03 16:00:00,27,22
2026-02-03 16:15:00,4,6
2026-02-03 16:30:00,2,2
2026-02-03 16:45:00,12,4
2026-02-03 17:00:00,38,37
2026-02-03 17:15:00,5,4
2026-02-03 17:30:00,15,9
2026-02-03 17:45:00,7,7
2026-02-03 18:00:00,19,9
2026-02-03 18:15:00,5,0
2026-02-03 18:30:00,8,7
2026-02-03 18:45:00,8,1
2026-02-03 19:00:00,22,28
2026-02-03 19:45:00,1,0
2026-02-03 20:00:00,2,23
2026-02-03 20:15:00,4,2
2026-02-03 20:30:00,8,3
2026-02-03 21:15:00,3,10
2026-02-03 21:45:00,2,2
2026-02-03 22:15:00,1,0
2026-02-03 22:30:00,8,1
2026-02-03 22:45:00,2,0
2026-02-03 23:00:00,1,0
2026-02-03 23:15:00,0,2
2026-02-04 06:30:00,23,9
2026-02-04 06:45:00,4,5
2026-02-04 07:00:00,1,0
2026-02-04 07:15:00,11,0
2026-02-04 07:30:00,24,33
2026-02-04 07:45:00,1,1
2026-02-04 08:00:00,2,0
2026-02-04 08:15:00,6,0
2026-02-04 08:30:00,45,29
2026-02-04 08:45:00,4,5
2026-02-04 09:00:00,4,3
2026-02-04 09:15:00,1,1
2026-02-04 09:30:00,13,8
2026-02-04 09:45:00,1,0
2026-02-04 10:00:00,3,5
2026-02-04 10:15:00,2,4
2026-02-04 10:30:00,8,6
2026-02-04 10:45:00,9,26
2026-02-04 11:00:00,11,8
2026-02-04 11:15:00,7,8
2026-02-04 11:30:00,5,3
2026-02-04 11:45:00,11,16
2026-02-04 12:00:00,13,8
2026-02-04 12:15:00,1,1
2026-02-04 12:30:00,8,15
2026-02-04 12:45:00,20,17
2026-02-04 13:00:00,28,49
2026-02-04 13:15:00,11,11
2026-02-04 13:30:00,138,136
2026-02-04 13:45:00,59,54
2026-02-04 14:00:00,14,34
2026-02-04 14:15:00,9,7
2026-02-04 14:30:00,11,8
2026-02-04 14:45:00,15,24
2026-02-04 15:00:00,31,31
2026-02-04 15:15:00,13,15
2026-02-04 15:30:00,18,20
2026-02-04 15:45:00,13,17
2026-02-04 16:00:00,34,15
2026-02-04 16:15:00,6,5
2026-02-04 16:30:00,6,7
2026-02-04 16:45:00,9,4
2026-02-04 17:00:00,66,41
2026-02-04 17:30:00,18,15
2026-02-04 17:45:00,9,3
2026-02-04 18:00:00,22,9
2026-02-04 18:15:00,1,0
2026-02-04 18:30:00,2,1
2026-02-04 18:45:00,5,1
2026-02-04 19:00:00,21,5
2026-02-04 19:15:00,5,5
2026-02-04 19:30:00,2,0
2026-02-04 19:45:00,4,32
2026-02-04 20:15:00,5,0
2026-02-04 20:30:00,12,12
2026-02-04 20:45:00,1,0
2026-02-04 21:00:00,1,1
2026-02-04 21:15:00,2,2
2026-02-04 21:30:00,16,13
2026-02-04 21:45:00,1,0
2026-02-04 22:00:00,1,0
2026-02-04 22:15:00,3,1
2026-02-04 22:30:00,7,2
2026-02-04 23:15:00,7,3
2026-02-04 23:30:00,1,1
2026-02-05 00:15:00,0,2
2026-02-05 00:45:00,0,6
2026-02-05 01:00:00,0,3
2026-02-05 06:30:00,20,8
2026-02-05 06:45:00,0,4
2026-02-05 07:00:00,2,0
2026-02-05 07:15:00,12,12
2026-02-05 07:30:00,26,2
2026-02-05 07:45:00,1,0
2026-02-05 08:00:00,4,2
2026-02-05 08:15:00,17,6
2026-02-05 08:30:00,34,16
2026-02-05 09:00:00,2,1
2026-02-05 09:15:00,8,4
2026-02-05 09:30:00,13,7
2026-02-05 09:45:00,0,3
2026-02-05 10:30:00,1,7
2026-02-05 10:45:00,7,4
2026-02-05 11:00:00,24,13
2026-02-05 11:15:00,2,2
2026-02-05 11:45:00,16,17
2026-02-05 12:00:00,15,7
2026-02-05 12:15:00,1,1
2026-02-05 12:30:00,7,5
2026-02-05 12:45:00,18,15
2026-02-05 13:00:00,26,33
2026-02-05 13:15:00,3,2
2026-02-05 13:30:00,4,4
2026-02-05 13:45:00,14,7
2026-02-05 14:00:00,24,22
2026-02-05 14:15:00,3,14
2026-02-05 14:30:00,18,16
2026-02-05 14:45:00,12,17
2026-02-05 15:00:00,19,8
2026-02-05 15:15:00,1,1
2026-02-05 15:30:00,13,14
2026-02-05 15:45:00,16,14
2026-02-05 16:00:00,59,46
2026-02-05 16:15:00,0,3
2026-02-05 16:30:00,2,2
2026-02-05 16:45:00,20,26
2026-02-05 17:00:00,42,19
2026-02-05 17:15:00,5,4
2026-02-05 17:30:00,15,12
2026-02-05 17:45:00,12,15
2026-02-05 18:00:00,21,20
2026-02-05 18:15:00,6,7
2026-02-05 18:30:00,3,0
2026-02-05 18:45:00,4,2
2026-02-05 19:00:00,11,10
2026-02-05 19:45:00,1,1
2026-02-05 20:00:00,5,10
2026-02-05 20:15:00,7,4
2026-02-05 20:30:00,9,1
2026-02-05 21:00:00,4,1
2026-02-05 21:15:00,5,21
2026-02-05 21:30:00,5,2
2026-02-05 22:15:00,2,0
2026-02-05 22:30:00,4,0
2026-02-05 23:15:00,4,0
2026-02-05 23:30:00,9,0
2026-02-06 06:30:00,16,8
2026-02-06 07:00:00,1,0
2026-02-06 07:15:00,5,0
2026-02-06 07:30:00,18,1
2026-02-06 07:45:00,2,1
2026-02-06 08:00:00,3,1
2026-02-06 08:15:00,20,13
2026-02-06 08:30:00,18,1
2026-02-06 08:45:00,0,1
2026-02-06 09:00:00,3,4
2026-02-06 09:15:00,7,1
2026-02-06 09:30:00,18,8
2026-02-06 10:00:00,0,10
2026-02-06 10:30:00,4,4
2026-02-06 10:45:00,5,0
2026-02-06 11:00:00,17,27
2026-02-06 11:15:00,9,9
2026-02-06 11:30:00,9,9
2026-02-06 11:45:00,9,14
2026-02-06 12:00:00,10,5
2026-02-06 12:15:00,3,4
2026-02-06 12:30:00,5,2
2026-02-06 12:45:00,8,15
2026-02-06 13:00:00,12,10
2026-02-06 13:30:00,241,241
2026-02-06 13:45:00,18,12
2026-02-06 14:00:00,19,39
2026-02-06 14:15:00,7,4
2026-02-06 14:30:00,4,4
2026-02-06 14:45:00,25,21
2026-02-06 15:00:00,27,23
2026-02-06 15:15:00,2,2
2026-02-06 15:30:00,4,3
2026-02-06 15:45:00,9,9
2026-02-06 16:00:00,25,15
2026-02-06 16:15:00,4,4
2026-02-06 16:30:00,13,15
2026-02-06 16:45:00,15,11
2026-02-06 17:00:00,9,7
2026-02-06 17:15:00,5,4
2026-02-06 17:30:00,10,2
2026-02-06 17:45:00,9,2
2026-02-06 18:00:00,17,3
2026-02-06 18:30:00,3,0
2026-02-06 18:45:00,2,1
2026-02-06 19:00:00,17,1
2026-02-06 19:30:00,0,1
2026-02-06 20:00:00,4,2
2026-02-06 20:15:00,6,5
2026-02-06 20:30:00,11,3
2026-02-06 21:15:00,3,11
2026-02-06 21:30:00,8,2
2026-02-06 21:45:00,0,2
2026-02-06 22:00:00,0,1
2026-02-06 22:15:00,3,0
2026-02-06 22:30:00,12,0
2026-02-06 23:00:00,1,0
2026-02-06 23:30:00,5,5
2026-02-06 23:45:00,1,2
2026-02-07 00:15:00,0,2
2026-02-07 01:00:00,0,3
2026-02-07 01:45:00,0,4
2026-02-07 03:15:00,0,3
2026-02-07 06:30:00,10,5
2026-02-07 07:30:00,5,0
2026-02-07 07:45:00,4,4
2026-02-07 08:15:00,1,2
2026-02-07 08:30:00,6,0
2026-02-07 09:00:00,0,2
2026-02-07 09:15:00,10,6
2026-02-07 09:30:00,13,21
2026-02-07 09:45:00,0,4
2026-02-07 10:15:00,5,8
2026-02-07 10:30:00,10,8
2026-02-07 10:45:00,6,4
2026-02-07 11:00:00,27,11
2026-02-07 11:15:00,4,7
2026-02-07 11:30:00,14,25
2026-02-07 11:45:00,8,8
2026-02-07 12:00:00,39,28
2026-02-07 12:15:00,12,10
2026-02-07 12:30:00,7,17
2026-02-07 12:45:00,34,38
2026-02-07 13:00:00,45,37
2026-02-07 13:15:00,4,10
2026-02-07 13:30:00,17,23
2026-02-07 13:45:00,16,12
2026-02-07 14:00:00,92,84
2026-02-07 14:15:00,9,18
2026-02-07 14:30:00,28,22
2026-02-07 14:45:00,31,39
2026-02-07 15:00:00,62,67
2026-02-07 15:15:00,9,9
2026-02-07 15:30:00,24,26
2026-02-07 15:45:00,38,44
2026-02-07 16:00:00,71,41
2026-02-07 16:15:00,10,12
2026-02-07 16:30:00,25,16
2026-02-07 16:45:00,34,33
2026-02-07 17:00:00,62,57
2026-02-07 17:15:00,11,15
2026-02-07 17:30:00,19,15
2026-02-07 17:45:00,12,9
2026-02-07 18:00:00,20,10
2026-02-07 18:15:00,6,5
2026-02-07 18:30:00,8,6
2026-02-07 18:45:00,6,6
2026-02-07 19:00:00,7,3
2026-02-07 19:30:00,0,5
2026-02-07 20:15:00,10,9
2026-02-07 20:30:00,24,28
2026-02-07 20:45:00,3,3
2026-02-07 21:00:00,1,5
2026-02-07 21:15:00,10,12
2026-02-07 21:30:00,10,3
2026-02-07 21:45:00,0,1
2026-02-07 22:00:00,0,2
2026-02-07 22:15:00,4,1
2026-02-07 22:30:00,7,3
2026-02-07 22:45:00,0,1
2026-02-07 23:15:00,2,0
2026-02-07 23:30:00,8,6
2026-02-07 23:45:00,0,1
2026-02-08 01:00:00,0,1
2026-02-08 02:30:00,0,2
2026-02-08 02:45:00,0,1
2026-02-08 03:00:00,0,10
2026-02-08 04:15:00,0,2
2026-02-08 05:00:00,0,2
2026-02-08 05:30:00,0,1
2026-02-08 06:00:00,0,3
2026-02-08 06:15:00,0,2
2026-02-08 06:30:00,17,10
2026-02-08 06:45:00,8,10
2026-02-08 07:00:00,2,2
2026-02-08 07:15:00,0,3
2026-02-08 07:30:00,11,8
2026-02-08 07:45:00,2,0
2026-02-08 08:00:00,2,0
2026-02-08 08:15:00,9,8
2026-02-08 08:30:00,3,5
2026-02-08 08:45:00,1,3
2026-02-08 09:00:00,2,7
2026-02-08 09:15:00,14,9
2026-02-08 09:30:00,16,7
2026-02-08 09:45:00,4,9
2026-02-08 10:00:00,2,7
2026-02-08 10:15:00,5,23
2026-02-08 10:30:00,9,13
2026-02-08 10:45:00,25,29
2026-02-08 11:00:00,56,64
2026-02-08 11:15:00,10,26
2026-02-08 11:30:00,38,46
2026-02-08 11:45:00,45,64
2026-02-08 12:00:00,83,54
2026-02-08 12:15:00,23,38
2026-02-08 12:30:00,16,22
2026-02-08 12:45:00,51,54
2026-02-08 13:00:00,100,63
2026-02-08 13:15:00,34,41
2026-02-08 13:30:00,52,41
2026-02-08 13:45:00,86,93
2026-02-08 14:00:00,110,88
2026-02-08 14:15:00,19,30
2026-02-08 14:30:00,23,49
2026-02-08 14:45:00,23,45
2026-02-08 15:00:00,13,56
2026-02-08 15:15:00,128,63
2026-02-08 15:30:00,55,61
2026-02-08 15:45:00,34,40
2026-02-08 16:00:00,62,75
2026-02-08 16:15:00,55,45
2026-02-08 16:30:00,65,47
2026-02-08 16:45:00,56,42
2026-02-08 17:00:00,34,17
2026-02-08 17:15:00,13,9
2026-02-08 17:30:00,21,21
2026-02-08 17:45:00,37,32
2026-02-08 18:00:00,19,8
2026-02-08 18:15:00,2,2
2026-02-08 18:30:00,3,3
2026-02-08 18:45:00,2,0
2026-02-08 19:00:00,8,0
2026-02-08 19:15:00,4,4
2026-02-08 20:00:00,3,0
2026-02-08 20:15:00,1,0
2026-02-08 20:30:00,8,6
2026-02-08 20:45:00,2,0
2026-02-08 21:30:00,5,0
2026-02-08 21:45:00,0,2
2026-02-08 22:15:00,11,0
2026-02-08 22:30:00,8,5
2026-02-08 23:00:00,1,0
2026-02-08 23:15:00,1,0
2026-02-08 23:30:00,5,0
2026-02-09 06:30:00,19,10
2026-02-09 07:00:00,3,0
2026-02-09 07:15:00,6,2
2026-02-09 07:30:00,23,2
2026-02-09 08:15:00,14,1
2026-02-09 08:30:00,28,25
2026-02-09 08:45:00,1,1
2026-02-09 09:00:00,7,8
2026-02-09 09:15:00,5,1
2026-02-09 09:30:00,8,6
2026-02-09 09:45:00,4,6
2026-02-09 10:15:00,8,7
2026-02-09 10:30:00,8,7
2026-02-09 10:45:00,57,54
2026-02-09 11:00:00,16,9
2026-02-09 11:30:00,2,1
2026-02-09 11:45:00,14,10
2026-02-09 12:00:00,9,9
2026-02-09 12:15:00,0,2
2026-02-09 12:30:00,4,6
2026-02-09 12:45:00,15,13
2026-02-09 13:00:00,27,21
2026-02-09 13:15:00,8,6
2026-02-09 13:30:00,10,29
2026-02-09 13:45:00,18,11
2026-02-09 14:00:00,46,38
2026-02-09 14:15:00,4,8
2026-02-09 14:30:00,14,12
2026-02-09 14:45:00,11,11
2026-02-09 15:00:00,26,24
2026-02-09 15:15:00,2,6
2026-02-09 15:30:00,11,11
2026-02-09 15:45:00,19,13
2026-02-09 16:00:00,60,38
2026-02-09 16:15:00,4,8
2026-02-09 16:30:00,13,13
2026-02-09 16:45:00,28,26
2026-02-09 17:00:00,57,38
2026-02-09 17:15:00,4,4
2026-02-09 17:30:00,7,5
2026-02-09 17:45:00,15,11
2026-02-09 18:00:00,35,37
2026-02-09 18:30:00,2,2
2026-02-09 18:45:00,5,0
2026-02-09 19:00:00,17,3
2026-02-09 19:15:00,4,7
2026-02-09 19:45:00,2,2
2026-02-09 20:00:00,2,0
2026-02-09 20:15:00,2,0
2026-02-09 20:30:00,16,11
2026-02-09 21:30:00,7,0
2026-02-09 22:00:00,1,0
2026-02-09 22:15:00,4,5
2026-02-09 22:30:00,1,0
2026-02-09 23:00:00,0,1
2026-02-09 23:30:00,2,0
2026-02-10 01:45:00,0,1
2026-02-10 03:00:00,0,2
2026-02-10 06:15:00,0,2
2026-02-10 06:30:00,24,9
2026-02-10 07:00:00,5,3
2026-02-10 07:15:00,9,1
2026-02-10 07:30:00,24,2
2026-02-10 07:45:00,0,2
2026-02-10 08:00:00,3,0
2026-02-10 08:15:00,14,3
2026-02-10 08:30:00,38,23
2026-02-10 08:45:00,3,0
2026-02-10 09:00:00,1,0
2026-02-10 09:15:00,1,3
2026-02-10 09:30:00,14,11
2026-02-10 09:45:00,1,0
2026-02-10 10:00:00,1,1
2026-02-10 10:15:00,4,4
2026-02-10 10:30:00,8,7
2026-02-10 10:45:00,13,12
2026-02-10 11:00:00,20,12
2026-02-10 11:15:00,4,3
2026-02-10 11:30:00,2,5
2026-02-10 11:45:00,6,2
2026-02-10 12:00:00,17,8
2026-02-10 12:15:00,4,6
2026-02-10 12:30:00,6,5
2026-02-10 12:45:00,17,9
2026-02-10 13:00:00,31,34
2026-02-10 13:15:00,7,8
2026-02-10 13:30:00,7,8
2026-02-10 13:45:00,19,10
2026-02-10 14:00:00,137,127
2026-02-10 14:15:00,127,129
2026-02-10 14:30:00,16,16
2026-02-10 14:45:00,12,24
2026-02-10 15:00:00,36,24
2026-02-10 15:15:00,8,8
2026-02-10 15:30:00,8,5
2026-02-10 15:45:00,20,15
2026-02-10 16:00:00,56,61
2026-02-10 16:15:00,4,7
2026-02-10 16:30:00,15,13
2026-02-10 16:45:00,21,15
2026-02-10 17:00:00,51,56
2026-02-10 17:15:00,10,7
2026-02-10 17:30:00,15,10
2026-02-10 17:45:00,21,15
2026-02-10 18:00:00,30,20
2026-02-10 18:15:00,4,3
2026-02-10 18:30:00,7,4
2026-02-10 18:45:00,7,5
2026-02-10 19:00:00,15,1
2026-02-10 19:15:00,2,1
2026-02-10 19:30:00,7,5
2026-02-10 19:45:00,4,4
2026-02-10 20:00:00,1,0
2026-02-10 20:15:00,3,2
2026-02-10 20:30:00,10,16
2026-02-10 21:00:00,1,0
2026-02-10 21:15:00,3,3
2026-02-10 21:30:00,6,21
2026-02-10 21:45:00,1,2
2026-02-10 22:00:00,1,0
2026-02-10 22:15:00,3,2
2026-02-10 22:30:00,5,0
2026-02-10 23:00:00,0,2
2026-02-10 23:15:00,1,0
2026-02-10 23:30:00,6,2
2026-02-10 23:45:00,0,1
2026-02-11 06:30:00,26,13
2026-02-11 06:45:00,1,0
2026-02-11 07:00:00,6,2
2026-02-11 07:15:00,10,2
2026-02-11 07:30:00,23,2
2026-02-11 07:45:00,1,0
2026-02-11 08:00:00,2,10
2026-02-11 08:15:00,7,0
2026-02-11 08:30:00,34,12
2026-02-11 08:45:00,1,2
2026-02-11 09:15:00,8,28
2026-02-11 09:30:00,10,6
2026-02-11 09:45:00,0,3
2026-02-11 10:00:00,0,2
2026-02-11 10:15:00,0,10
2026-02-11 10:30:00,4,2
2026-02-11 10:45:00,3,1
2026-02-11 11:00:00,15,15
2026-02-11 11:15:00,3,1
2026-02-11 11:30:00,1,0
2026-02-11 11:45:00,21,17
2026-02-11 12:00:00,15,4
2026-02-11 12:15:00,6,7
2026-02-11 12:30:00,6,8
2026-02-11 12:45:00,12,17
2026-02-11 13:00:00,18,12
2026-02-11 13:15:00,0,5
2026-02-11 13:30:00,9,11
2026-02-11 13:45:00,15,11
2026-02-11 14:00:00,21,14
2026-02-11 14:15:00,13,13
2026-02-11 14:30:00,10,18
2026-02-11 14:45:00,16,20
2026-02-11 15:00:00,35,68
2026-02-11 15:15:00,4,4
2026-02-11 15:30:00,11,9
2026-02-11 15:45:00,126,117
2026-02-11 16:00:00,34,20
2026-02-11 16:15:00,9,10
2026-02-11 16:30:00,23,18
2026-02-11 16:45:00,17,11
2026-02-11 17:00:00,32,15
2026-02-11 17:15:00,6,5
2026-02-11 17:30:00,6,5
2026-02-11 17:45:00,21,15
2026-02-11 18:00:00,30,7
2026-02-11 18:15:00,7,5
2026-02-11 18:30:00,10,6
2026-02-11 18:45:00,9,3
2026-02-11 19:00:00,32,5
2026-02-11 19:15:00,2,2
2026-02-11 20:15:00,2,0
2026-02-11 20:30:00,9,12
2026-02-11 21:00:00,6,0
2026-02-11 21:15:00,1,0
2026-02-11 21:30:00,8,0
2026-02-11 22:00:00,2,0
2026-02-11 22:15:00,2,0
2026-02-11 22:30:00,9,0
2026-02-11 22:45:00,1,0
2026-02-11 23:00:00,2,2
2026-02-11 23:30:00,4,0
2026-02-12 01:30:00,0,1
2026-02-12 02:00:00,0,2
2026-02-12 06:15:00,0,3
2026-02-12 06:30:00,26,7
2026-02-12 06:45:00,2,2
2026-02-12 07:00:00,5,1
2026-02-12 07:15:00,11,0
2026-02-12 07:30:00,20,2
2026-02-12 07:45:00,2,2
2026-02-12 08:00:00,6,4
2026-02-12 08:15:00,10,2
2026-02-12 08:30:00,36,19
2026-02-12 08:45:00,0,5
2026-02-12 09:00:00,2,4
2026-02-12 09:15:00,6,3
2026-02-12 09:30:00,14,4
2026-02-12 09:45:00,3,3
2026-02-12 10:15:00,1,5
2026-02-12 10:30:00,4,5
2026-02-12 10:45:00,11,13
2026-02-12 11:00:00,20,10
2026-02-12 11:15:00,7,8
2026-02-12 11:30:00,9,10
2026-02-12 11:45:00,17,12
2026-02-12 12:00:00,16,17
2026-02-12 12:15:00,9,11
2026-02-12 12:30:00,9,12
2026-02-12 12:45:00,16,9
2026-02-12 13:00:00,3,4
2026-02-12 13:15:00,0,3
2026-02-12 13:30:00,10,49
2026-02-12 13:45:00,11,17
2026-02-12 14:00:00,22,7
2026-02-12 14:15:00,6,5
2026-02-12 14:30:00,13,9
2026-02-12 14:45:00,25,17
2026-02-12 15:00:00,25,12
2026-02-12 15:15:00,10,10
2026-02-12 15:30:00,20,24
2026-02-12 15:45:00,26,21
2026-02-12 16:00:00,45,26
2026-02-12 16:15:00,8,4
2026-02-12 16:30:00,8,9
2026-02-12 16:45:00,32,22
2026-02-12 17:00:00,48,43
2026-02-12 17:15:00,5,3
2026-02-12 17:30:00,13,5
2026-02-12 17:45:00,10,6
2026-02-12 18:00:00,48,22
2026-02-12 18:15:00,2,2
2026-02-12 18:30:00,7,9
2026-02-12 18:45:00,8,3
2026-02-12 19:00:00,22,6
2026-02-12 19:45:00,3,3
2026-02-12 20:00:00,5,2
2026-02-12 20:15:00,8,22
2026-02-12 20:30:00,6,0
2026-02-12 21:00:00,1,0
2026-02-12 21:15:00,1,0
2026-02-12 21:30:00,15,16
2026-02-12 21:45:00,0,8
2026-02-12 22:00:00,0,1
2026-02-12 22:15:00,4,13
2026-02-12 22:30:00,7,0
2026-02-12 22:45:00,0,1
2026-02-12 23:00:00,2,21
2026-02-12 23:15:00,1,0
2026-02-12 23:30:00,9,3
2026-02-13 00:00:00,0,2
2026-02-13 00:15:00,0,2
2026-02-13 01:00:00,0,2
2026-02-13 01:30:00,0,2
2026-02-13 03:15:00,0,2
2026-02-13 04:00:00,0,2
2026-02-13 05:45:00,0,1
2026-02-13 06:30:00,21,9
2026-02-13 06:45:00,3,2
2026-02-13 07:00:00,1,0
2026-02-13 07:15:00,9,1
2026-02-13 07:30:00,20,2
2026-02-13 07:45:00,120,120
2026-02-13 08:00:00,5,2
2026-02-13 08:15:00,8,0
2026-02-13 08:30:00,27,17
2026-02-13 08:45:00,0,3
2026-02-13 09:00:00,1,12
2026-02-13 09:15:00,13,4
2026-02-13 09:30:00,13,5
2026-02-13 09:45:00,2,4
2026-02-13 10:00:00,2,3
2026-02-13 10:15:00,15,17
2026-02-13 10:30:00,9,17
2026-02-13 10:45:00,21,12
2026-02-13 11:00:00,33,33
2026-02-13 11:15:00,8,14
2026-02-13 11:30:00,19,14
2026-02-13 11:45:00,15,18
2026-02-13 12:00:00,27,13
2026-02-13 12:15:00,6,9
2026-02-13 12:30:00,11,11
2026-02-13 12:45:00,13,4
2026-02-13 13:00:00,28,23
2026-02-13 13:15:00,8,15
2026-02-13 13:30:00,30,24
2026-02-13 13:45:00,23,20
2026-02-13 14:00:00,48,29
2026-02-13 14:15:00,4,7
2026-02-13 14:30:00,16,17
2026-02-13 14:45:00,21,16
2026-02-13 15:00:00,45,51
2026-02-13 15:15:00,11,19
2026-02-13 15:30:00,27,47
2026-02-13 15:45:00,19,19
2026-02-13 16:00:00,53,59
2026-02-13 16:15:00,11,26
2026-02-13 16:30:00,17,17
2026-02-13 16:45:00,35,20
2026-02-13 17:00:00,41,30
2026-02-13 17:15:00,1,1
2026-02-13 17:30:00,12,10
2026-02-13 17:45:00,19,8
2026-02-13 18:00:00,35,20
2026-02-13 18:15:00,5,3
2026-02-13 18:30:00,3,3
2026-02-13 18:45:00,8,7
2026-02-13 19:00:00,17,2
2026-02-13 19:45:00,0,1
2026-02-13 20:15:00,10,6
2026-02-13 20:30:00,6,1
2026-02-13 21:00:00,8,9
2026-02-13 21:15:00,9,4
2026-02-13 21:30:00,11,20
2026-02-13 21:45:00,6,5
2026-02-13 22:00:00,6,13
2026-02-13 22:15:00,7,6
2026-02-13 22:30:00,2,1
2026-02-13 22:45:00,1,4
2026-02-13 23:00:00,0,2
2026-02-13 23:15:00,0,1
2026-02-13 23:30:00,6,59
2026-02-14 00:00:00,0,2
2026-02-14 00:15:00,0,1
2026-02-14 00:30:00,0,2
2026-02-14 01:00:00,0,3
2026-02-14 02:30:00,0,2
2026-02-14 04:30:00,0,3
2026-02-14 06:00:00,0,3
2026-02-14 06:15:00,0,1
2026-02-14 06:30:00,16,10
2026-02-14 07:00:00,0,2
2026-02-14 07:30:00,4,0
2026-02-14 07:45:00,0,1
2026-02-14 08:00:00,3,2
2026-02-14 08:15:00,2,1
2026-02-14 08:30:00,12,12
2026-02-14 08:45:00,2,6
2026-02-14 09:00:00,1,12
2026-02-14 09:15:00,7,21
2026-02-14 09:30:00,20,15
2026-02-14 09:45:00,5,6
2026-02-14 10:00:00,3,5
2026-02-14 10:15:00,11,14
2026-02-14 10:30:00,33,40
2026-02-14 10:45:00,28,38
2026-02-14 11:00:00,47,44
2026-02-14 11:15:00,18,30
2026-02-14 11:30:00,49,42
2026-02-14 11:45:00,45,27
2026-02-14 12:00:00,75,56
2026-02-14 12:15:00,12,29
2026-02-14 12:30:00,42,61
2026-02-14 12:45:00,71,74
2026-02-14 13:00:00,104,71
2026-02-14 13:15:00,19,33
2026-02-14 13:30:00,56,51
2026-02-14 13:45:00,42,51
2026-02-14 14:00:00,118,88
2026-02-14 14:15:00,55,55
2026-02-14 14:30:00,78,67
2026-02-14 14:45:00,98,85
2026-02-14 15:00:00,98,95
2026-02-14 15:15:00,73,63
2026-02-14 15:30:00,63,59
2026-02-14 15:45:00,75,63
2026-02-14 16:00:00,115,91
2026-02-14 16:15:00,50,45
2026-02-14 16:30:00,74,62
2026-02-14 16:45:00,82,69
2026-02-14 17:00:00,96,81
2026-02-14 17:15:00,44,36
2026-02-14 17:30:00,40,36
2026-02-14 17:45:00,40,39
2026-02-14 18:00:00,39,21
2026-02-14 18:15:00,14,9
2026-02-14 18:30:00,19,13
2026-02-14 18:45:00,5,6
2026-02-14 19:00:00,24,5
2026-02-14 19:15:00,7,10
2026-02-14 19:30:00,4,4
2026-02-14 19:45:00,3,2
2026-02-14 20:00:00,10,26
2026-02-14 20:15:00,9,4
2026-02-14 20:30:00,20,18
2026-02-14 20:45:00,0,2
2026-02-14 21:00:00,0,2
2026-02-14 21:15:00,8,7
2026-02-14 21:30:00,9,3
2026-02-14 21:45:00,1,4
2026-02-14 22:00:00,5,17
2026-02-14 22:15:00,1,9
2026-02-14 22:30:00,10,3
2026-02-14 22:45:00,2,1
2026-02-14 23:00:00,0,2
2026-02-14 23:30:00,4,2
2026-02-15 00:00:00,0,1
2026-02-15 00:15:00,0,1
2026-02-15 00:30:00,0,2
2026-02-15 00:45:00,0,4
2026-02-15 01:15:00,0,1
2026-02-15 01:30:00,0,1
2026-02-15 02:15:00,0,2
2026-02-15 06:15:00,5,5
2026-02-15 06:30:00,3,3
2026-02-15 07:15:00,0,5
2026-02-15 07:30:00,5,0
2026-02-15 07:45:00,0,1
2026-02-15 08:00:00,1,2
2026-02-15 08:15:00,2,4
2026-02-15 08:30:00,10,10
2026-02-15 08:45:00,0,13
2026-02-15 09:00:00,5,10
2026-02-15 09:15:00,30,24
2026-02-15 09:30:00,21,13
2026-02-15 09:45:00,0,3
2026-02-15 10:00:00,5,15
2026-02-15 10:15:00,3,13
2026-02-15 10:30:00,21,38
2026-02-15 10:45:00,37,27
2026-02-15 11:00:00,60,43
2026-02-15 11:15:00,31,45
2026-02-15 11:30:00,24,26
2026-02-15 11:45:00,37,61
2026-02-15 12:00:00,49,46
2026-02-15 12:15:00,7,19
2026-02-15 12:30:00,32,43
2026-02-15 12:45:00,74,71
2026-02-15 13:00:00,81,74
2026-02-15 13:15:00,35,32
2026-02-15 13:30:00,41,33
2026-02-15 13:45:00,92,72
2026-02-15 14:00:00,124,85
2026-02-15 14:15:00,38,42
2026-02-15 14:30:00,72,63
2026-02-15 14:45:00,80,88
2026-02-15 15:00:00,98,100
2026-02-15 15:15:00,75,70
2026-02-15 15:30:00,89,94
2026-02-15 15:45:00,59,74
2026-02-15 16:00:00,92,86
2026-02-15 16:15:00,53,69
2026-02-15 16:30:00,107,71
2026-02-15 16:45:00,74,77
2026-02-15 17:00:00,95,70
2026-02-15 17:15:00,72,73
2026-02-15 17:30:00,64,65
2026-02-15 17:45:00,17,15
2026-02-15 18:00:00,28,20
2026-02-15 18:15:00,18,17
2026-02-15 18:30:00,11,7
2026-02-15 18:45:00,4,3
2026-02-15 19:00:00,36,35
2026-02-15 19:15:00,2,5
2026-02-15 19:30:00,16,14
2026-02-15 19:45:00,6,6
2026-02-15 20:00:00,4,0
2026-02-15 20:15:00,10,25
2026-02-15 20:30:00,9,0
2026-02-15 20:45:00,0,4
2026-02-15 21:00:00,3,3
2026-02-15 21:15:00,6,2
2026-02-15 21:30:00,5,1
2026-02-15 21:45:00,2,5
2026-02-15 22:15:00,3,8
2026-02-15 22:30:00,5,16
2026-02-15 22:45:00,0,2
2026-02-15 23:30:00,2,1
2026-02-16 06:15:00,7,7
2026-02-16 06:30:00,11,9
2026-02-16 06:45:00,1,0
2026-02-16 07:15:00,1,2
2026-02-16 07:30:00,4,1
2026-02-16 08:00:00,1,1
2026-02-16 08:15:00,3,4
2026-02-16 08:30:00,7,3
2026-02-16 08:45:00,0,4
2026-02-16 09:00:00,4,4
2026-02-16 09:15:00,7,7
2026-02-16 09:30:00,22,25
2026-02-16 09:45:00,2,11
2026-02-16 10:00:00,4,7
2026-02-16 10:15:00,23,36
2026-02-16 10:30:00,31,39
2026-02-16 10:45:00,42,37
2026-02-16 11:00:00,28,24
2026-02-16 11:15:00,10,15
2026-02-16 11:30:00,24,20
2026-02-16 11:45:00,36,46
2026-02-16 12:00:00,46,40
2026-02-16 12:15:00,17,25
2026-02-16 12:30:00,31,34
2026-02-16 12:45:00,44,30
2026-02-16 13:00:00,86,66
2026-02-16 13:15:00,32,34
2026-02-16 13:30:00,30,46
2026-02-16 13:45:00,72,76
2026-02-16 14:00:00,107,92
2026-02-16 14:15:00,47,48
2026-02-16 14:30:00,31,33
2026-02-16 14:45:00,67,48
2026-02-16 15:00:00,94,113
2026-02-16 15:15:00,48,49
2026-02-16 15:30:00,83,77
2026-02-16 15:45:00,64,67
2026-02-16 16:00:00,100,75
2026-02-16 16:15:00,47,57
2026-02-16 16:30:00,64,64
2026-02-16 16:45:00,58,48
2026-02-16 17:00:00,78,68
2026-02-16 17:15:00,39,32
2026-02-16 17:30:00,22,23
2026-02-16 17:45:00,38,33
2026-02-16 18:00:00,37,27
2026-02-16 18:15:00,6,3
2026-02-16 18:30:00,9,6
2026-02-16 18:45:00,15,11
2026-02-16 19:00:00,7,7
2026-02-16 19:15:00,5,5
2026-02-16 19:45:00,1,0
2026-02-16 20:00:00,10,13
2026-02-16 20:15:00,7,2
2026-02-16 20:30:00,6,10
2026-02-16 21:15:00,4,4
2026-02-16 21:30:00,3,10
2026-02-16 22:15:00,3,0
2026-02-16 23:30:00,6,5
2026-02-17 00:00:00,0,1
2026-02-17 00:30:00,0,8
2026-02-17 01:45:00,0,2
2026-02-17 02:30:00,0,1
2026-02-17 06:30:00,25,10
2026-02-17 06:45:00,1,0
2026-02-17 07:00:00,6,2
2026-02-17 07:15:00,11,3
2026-02-17 07:30:00,27,8
2026-02-17 07:45:00,1,1
2026-02-17 08:00:00,2,2
2026-02-17 08:15:00,11,4
2026-02-17 08:30:00,46,18
2026-02-17 08:45:00,2,1
2026-02-17 09:00:00,6,4
2026-02-17 09:15:00,10,10
2026-02-17 09:30:00,15,17
2026-02-17 09:45:00,0,8
2026-02-17 10:00:00,1,2
2026-02-17 10:15:00,7,5
2026-02-17 10:30:00,14,16
2026-02-17 10:45:00,31,37
2026-02-17 11:00:00,117,117
2026-02-17 11:15:00,18,28
2026-02-17 11:30:00,24,18
2026-02-17 11:45:00,19,33
2026-02-17 12:00:00,32,35
2026-02-17 12:15:00,13,20
2026-02-17 12:30:00,12,9
2026-02-17 12:45:00,50,39
2026-02-17 13:00:00,38,28
2026-02-17 13:15:00,22,24
2026-02-17 13:30:00,17,18
2026-02-17 13:45:00,42,31
2026-02-17 14:00:00,44,52
2026-02-17 14:15:00,14,16
2026-02-17 14:30:00,34,38
2026-02-17 14:45:00,44,36
2026-02-17 15:00:00,91,76
2026-02-17 15:15:00,28,28
2026-02-17 15:30:00,19,15
2026-02-17 15:45:00,32,16
2026-02-17 16:00:00,39,39
2026-02-17 16:15:00,9,8
2026-02-17 16:30:00,14,26
2026-02-17 16:45:00,22,11
2026-02-17 17:00:00,56,39
2026-02-17 17:15:00,15,18
2026-02-17 17:30:00,23,15
2026-02-17 17:45:00,31,19
2026-02-17 18:00:00,39,40
2026-02-17 18:15:00,2,0
2026-02-17 18:30:00,1,1
2026-02-17 18:45:00,18,8
2026-02-17 19:00:00,23,28
2026-02-17 19:15:00,2,6
2026-02-17 19:30:00,6,4
2026-02-17 19:45:00,4,3
2026-02-17 20:00:00,4,4
2026-02-17 20:15:00,4,2
2026-02-17 20:30:00,15,7
2026-02-17 21:00:00,2,0
2026-02-17 21:15:00,6,5
2026-02-17 21:30:00,8,2
2026-02-17 21:45:00,2,0
2026-02-17 22:00:00,5,4
2026-02-17 22:15:00,6,4
2026-02-17 22:30:00,7,1
2026-02-17 23:00:00,2,0
2026-02-17 23:15:00,0,6
2026-02-17 23:30:00,1,0
2026-02-18 03:30:00,0,2
2026-02-18 03:45:00,0,4
2026-02-18 06:30:00,6,0
2026-02-18 07:00:00,1,0
2026-02-18 07:15:00,3,0
2026-02-18 07:30:00,9,30
2026-02-18 08:00:00,4,4
2026-02-18 08:15:00,4,0
2026-02-18 08:30:00,7,0
2026-02-18 08:45:00,2,1
2026-02-18 09:15:00,1,1
2026-02-18 09:30:00,3,3
2026-02-18 10:15:00,1,0
2026-02-18 15:30:00,121,117
2026-02-18 15:45:00,0,1
2026-02-18 16:00:00,0,1
2026-02-18 16:30:00,1,0
2026-02-18 16:45:00,1,10
2026-02-18 17:00:00,1,1
2026-02-18 17:15:00,1,0
2026-02-18 17:30:00,2,0
2026-02-18 17:45:00,0,2
2026-02-18 18:00:00,2,0
2026-02-18 18:15:00,0,3
2026-02-18 18:30:00,2,0
2026-02-18 19:00:00,2,2
2026-02-18 19:15:00,2,2
2026-02-18 19:30:00,2,1
2026-02-18 20:00:00,1,0
2026-02-18 21:15:00,5,0
2026-02-18 21:30:00,2,0
2026-02-18 22:45:00,0,1
2026-02-19 06:30:00,14,2
2026-02-19 06:45:00,1,0
2026-02-19 07:00:00,1,0
2026-02-19 07:15:00,12,3
2026-02-19 07:30:00,17,3
2026-02-19 07:45:00,1,0
2026-02-19 08:00:00,1,1
2026-02-19 08:15:00,26,24
2026-02-19 08:30:00,12,0
2026-02-19 08:45:00,1,0
2026-02-19 09:00:00,2,4
2026-02-19 09:15:00,7,8
2026-02-19 09:30:00,8,13
2026-02-19 09:45:00,3,1
2026-02-19 10:15:00,2,2
2026-02-19 10:45:00,2,1
2026-02-19 11:30:00,0,3
2026-02-19 11:45:00,5,3
2026-02-19 12:00:00,1,0
2026-02-19 12:45:00,0,2
2026-02-19 13:00:00,17,11
2026-02-19 13:30:00,5,1
2026-02-19 13:45:00,13,2
2026-02-19 14:00:00,12,0
2026-02-19 14:15:00,1,0
2026-02-19 14:30:00,3,1
2026-02-19 14:45:00,6,0
2026-02-19 15:00:00,10,21
2026-02-19 15:15:00,1,2
2026-02-19 15:30:00,1,4
2026-02-19 15:45:00,5,10
2026-02-19 16:00:00,12,0
2026-02-19 16:30:00,7,2
2026-02-19 16:45:00,9,3
2026-02-19 17:00:00,12,3
2026-02-19 17:15:00,0,2
2026-02-19 17:30:00,3,20
2026-02-19 17:45:00,5,0
2026-02-19 18:00:00,12,0
2026-02-19 18:15:00,1,0
2026-02-19 18:30:00,2,0
2026-02-19 18:45:00,3,0
2026-02-19 19:00:00,7,0
2026-02-19 19:30:00,0,2
2026-02-19 20:15:00,1,0
2026-02-19 20:30:00,11,1
2026-02-19 21:15:00,2,0
2026-02-19 21:30:00,3,0
2026-02-19 22:15:00,3,0
2026-02-19 22:30:00,6,0
2026-02-20 05:45:00,0,1
2026-02-20 06:30:00,4,0
2026-02-20 07:00:00,5,1
2026-02-20 07:15:00,12,12
2026-02-20 07:30:00,20,2
2026-02-20 07:45:00,0,2
2026-02-20 08:00:00,1,1
2026-02-20 08:15:00,9,0
2026-02-20 08:30:00,15,2
2026-02-20 08:45:00,3,3
2026-02-20 09:00:00,3,0
2026-02-20 09:15:00,1,2
2026-02-20 09:30:00,10,14
2026-02-20 10:15:00,1,1
2026-02-20 10:30:00,14,11
2026-02-20 10:45:00,3,0
2026-02-20 11:00:00,2,1
2026-02-20 11:15:00,1,0
2026-02-20 11:30:00,1,1
2026-02-20 11:45:00,4,2
2026-02-20 12:00:00,10,104
2026-02-20 12:15:00,1,1
2026-02-20 13:15:00,2,0
2026-02-20 13:30:00,4,0
2026-02-20 13:45:00,7,2
2026-02-20 14:00:00,3,1
2026-02-20 14:30:00,2,10
2026-02-20 14:45:00,1,0
2026-02-20 15:00:00,11,20
2026-02-20 15:15:00,0,2
2026-02-20 15:30:00,1,0
2026-02-20 15:45:00,7,0
2026-02-20 16:00:00,12,0
2026-02-20 16:30:00,5,2
2026-02-20 16:45:00,8,13
2026-02-20 17:00:00,21,2
2026-02-20 17:30:00,1,0
2026-02-20 17:45:00,6,0
2026-02-20 18:00:00,15,2
2026-02-20 18:15:00,1,0
2026-02-20 18:30:00,1,0
2026-02-20 18:45:00,5,1
2026-02-20 19:00:00,4,0
2026-02-20 19:30:00,1,0
2026-02-20 20:00:00,1,0
2026-02-20 20:15:00,5,7
2026-02-20 20:30:00,5,1
2026-02-20 21:15:00,1,0
2026-02-20 21:30:00,7,1
2026-02-20 22:00:00,0,2
2026-02-20 22:15:00,1,0
2026-02-20 22:30:00,8,1
2026-02-20 23:00:00,0,2
2026-02-20 23:30:00,4,2
2026-02-21 00:15:00,0,2
2026-02-21 02:30:00,0,1
2026-02-21 06:30:00,3,0
2026-02-21 07:00:00,1,0
2026-02-21 07:45:00,0,1
2026-02-21 08:00:00,1,0
2026-02-21 08:15:00,3,0
2026-02-21 08:30:00,4,11
2026-02-21 09:15:00,5,0
2026-02-21 09:30:00,37,29
2026-02-21 09:45:00,0,6
2026-02-21 10:00:00,3,2
2026-02-21 10:15:00,4,1
2026-02-21 10:30:00,13,19
2026-02-21 10:45:00,10,7
2026-02-21 11:00:00,20,25
2026-02-21 11:15:00,11,6
2026-02-21 11:30:00,16,20
2026-02-21 11:45:00,25,20
2026-02-21 12:00:00,43,36
2026-02-21 12:15:00,0,1
2026-02-21 12:30:00,11,13
2026-02-21 12:45:00,20,15
2026-02-21 13:00:00,19,37
2026-02-21 13:15:00,2,3
2026-02-21 13:30:00,16,13
2026-02-21 13:45:00,15,20
2026-02-21 14:00:00,38,24
2026-02-21 14:15:00,23,15
2026-02-21 14:30:00,15,16
2026-02-21 14:45:00,34,37
2026-02-21 15:00:00,33,36
2026-02-21 15:15:00,11,9
2026-02-21 15:30:00,14,7
2026-02-21 15:45:00,201,193
2026-02-21 16:00:00,41,20
2026-02-21 16:15:00,17,15
2026-02-21 16:30:00,31,20
2026-02-21 16:45:00,7,15
2026-02-21 17:00:00,42,43
2026-02-21 17:15:00,10,9
2026-02-21 17:30:00,17,14
2026-02-21 17:45:00,20,14
2026-02-21 18:00:00,32,21
2026-02-21 18:15:00,1,1
2026-02-21 18:30:00,8,6
2026-02-21 18:45:00,9,3
2026-02-21 19:00:00,10,3
2026-02-21 19:15:00,9,9
2026-02-21 19:30:00,2,2
2026-02-21 20:00:00,7,5
2026-02-21 20:15:00,4,1
2026-02-21 20:30:00,23,9
2026-02-21 21:00:00,1,2
2026-02-21 21:15:00,6,3
2026-02-21 21:30:00,13,13
2026-02-21 22:15:00,2,0
2026-02-21 22:30:00,2,0
2026-02-21 23:15:00,1,0
2026-02-21 23:30:00,1,1
2026-02-21 23:45:00,1,1
2026-02-22 01:30:00,0,1
2026-02-22 08:30:00,1,1
2026-02-22 09:00:00,1,1
2026-02-22 09:15:00,5,15
2026-02-22 09:30:00,3,10
2026-02-22 10:00:00,1,0
2026-02-22 10:30:00,1,0
2026-02-22 10:45:00,0,3
2026-02-22 11:00:00,1,0
2026-02-22 11:30:00,1,0
2026-02-22 11:45:00,1,0
2026-02-22 12:00:00,3,4
2026-02-22 12:30:00,3,3
2026-02-22 12:45:00,1,0
2026-02-22 13:00:00,6,1
2026-02-22 13:15:00,1,1
2026-02-22 13:30:00,1,2
2026-02-22 13:45:00,2,7
2026-02-22 14:00:00,12,6
2026-02-22 14:15:00,3,0
2026-02-22 14:45:00,0,1
2026-02-22 15:00:00,5,6
2026-02-22 15:15:00,3,3
2026-02-22 15:30:00,1,0
2026-02-22 15:45:00,2,1
2026-02-22 16:00:00,7,7
2026-02-22 16:30:00,1,2
2026-02-22 16:45:00,1,2
2026-02-22 17:00:00,6,0
2026-02-22 17:45:00,8,10
2026-02-22 18:00:00,12,1
2026-02-22 18:15:00,1,0
2026-02-22 18:30:00,6,1
2026-02-22 19:00:00,4,21
2026-02-22 19:15:00,1,2
2026-02-22 19:45:00,4,0
2026-02-22 20:00:00,1,10
2026-02-22 20:15:00,4,21
2026-02-22 20:30:00,7,1
2026-02-22 21:00:00,1,0
2026-02-22 21:30:00,2,0
2026-02-22 22:00:00,0,1
2026-02-22 22:15:00,2,0
2026-02-22 22:30:00,1,0
2026-02-23 06:30:00,10,8
2026-02-23 07:00:00,8,1
2026-02-23 07:15:00,10,3
2026-02-23 07:30:00,28,4
2026-02-23 07:45:00,1,0
2026-02-23 08:00:00,5,1
2026-02-23 08:15:00,12,3
2026-02-23 08:30:00,33,14
2026-02-23 08:45:00,1,0
2026-02-23 09:00:00,1,2
2026-02-23 09:15:00,2,1
2026-02-23 09:30:00,8,5
2026-02-23 09:45:00,3,3
2026-02-23 10:30:00,3,2
2026-02-23 10:45:00,3,0
2026-02-23 11:00:00,66,66
2026-02-23 11:30:00,0,2
2026-02-23 11:45:00,4,2
2026-02-23 12:00:00,6,1
2026-02-23 12:30:00,1,0
2026-02-23 12:45:00,3,2
2026-02-23 13:00:00,2,2
2026-02-23 13:15:00,1,0
2026-02-23 13:30:00,1,0
2026-02-23 13:45:00,13,14
2026-02-23 14:00:00,14,3
2026-02-23 14:15:00,0,3
2026-02-23 14:30:00,0,5
2026-02-23 14:45:00,4,1
2026-02-23 15:00:00,10,1
2026-02-23 15:15:00,0,1
2026-02-23 15:45:00,6,1
2026-02-23 16:00:00,16,11
2026-02-23 16:15:00,1,1
2026-02-23 16:30:00,4,3
2026-02-23 16:45:00,10,12
2026-02-23 17:00:00,16,0
2026-02-23 17:30:00,1,1
2026-02-23 17:45:00,7,0
2026-02-23 18:00:00,10,13
2026-02-23 18:15:00,7,2
2026-02-23 18:30:00,1,0
2026-02-23 18:45:00,4,1
2026-02-23 19:00:00,9,1
2026-02-23 19:45:00,1,0
2026-02-23 20:00:00,2,1
2026-02-23 20:15:00,3,0
2026-02-23 20:30:00,9,1
2026-02-23 20:45:00,3,0
2026-02-23 21:00:00,1,0
2026-02-23 21:15:00,4,0
2026-02-23 21:30:00,4,0
2026-02-23 22:00:00,4,0
2026-02-23 22:15:00,2,0
2026-02-23 22:30:00,4,0
2026-02-23 22:45:00,0,2
2026-02-23 23:15:00,0,2
2026-02-24 00:30:00,0,1
2026-02-24 04:45:00,0,1
2026-02-24 06:30:00,12,4
2026-02-24 07:00:00,3,0
2026-02-24 07:15:00,14,3
2026-02-24 07:30:00,29,2
2026-02-24 07:45:00,2,4
2026-02-24 08:00:00,1,0
2026-02-24 08:15:00,28,21
2026-02-24 08:30:00,18,0
2026-02-24 08:45:00,2,20
2026-02-24 09:15:00,4,0
2026-02-24 09:30:00,8,12
2026-02-24 10:00:00,2,0
2026-02-24 10:15:00,1,1
2026-02-24 10:30:00,3,2
2026-02-24 11:00:00,6,5
2026-02-24 11:30:00,1,0
2026-02-24 11:45:00,2,0
2026-02-24 12:00:00,5,4
2026-02-24 13:00:00,1,0
2026-02-24 13:30:00,1,1
2026-02-24 13:45:00,10,11
2026-02-24 14:00:00,4,0
2026-02-24 14:15:00,2,1
2026-02-24 14:30:00,3,3
2026-02-24 14:45:00,4,0
2026-02-24 15:00:00,10,21
2026-02-24 15:15:00,0,3
2026-02-24 15:30:00,1,1
2026-02-24 15:45:00,7,0
2026-02-24 16:00:00,15,61
2026-02-24 16:15:00,1,43
2026-02-24 16:30:00,0,1
2026-02-24 16:45:00,8,13
2026-02-24 17:00:00,14,42
2026-02-24 17:30:00,3,0
2026-02-24 17:45:00,6,20
2026-02-24 18:00:00,18,52
2026-02-24 18:30:00,1,0
2026-02-24 18:45:00,6,11
2026-02-24 19:00:00,17,0
2026-02-24 19:45:00,1,20
2026-02-24 20:00:00,2,12
2026-02-24 20:15:00,3,20
2026-02-24 20:30:00,11,20
2026-02-24 20:45:00,1,0
2026-02-24 21:00:00,2,3
2026-02-24 21:15:00,2,60
2026-02-24 21:30:00,5,0
2026-02-24 21:45:00,1,0
2026-02-24 22:00:00,1,1
2026-02-24 22:15:00,1,0
2026-02-24 22:30:00,10,61
2026-02-24 23:30:00,2,0
2026-02-24 23:45:00,0,4
2026-02-25 05:15:00,0,1
2026-02-25 06:30:00,23,10
2026-02-25 06:45:00,1,0
2026-02-25 07:00:00,3,0
2026-02-25 07:15:00,9,1
2026-02-25 07:30:00,23,2
2026-02-25 07:45:00,2,2
2026-02-25 08:00:00,3,0
2026-02-25 08:15:00,9,2
2026-02-25 08:30:00,27,33
2026-02-25 08:45:00,2,2
2026-02-25 09:00:00,2,3
2026-02-25 09:15:00,4,6
2026-02-25 09:30:00,7,24
2026-02-25 10:00:00,4,0
2026-02-25 10:15:00,3,1
2026-02-25 10:30:00,231,231
2026-02-25 10:45:00,147,149
2026-02-25 11:00:00,7,4
2026-02-25 11:15:00,2,2
2026-02-25 11:30:00,5,6
2026-02-25 11:45:00,4,12
2026-02-25 12:00:00,2,0
2026-02-25 12:15:00,1,0
2026-02-25 12:30:00,10,52
2026-02-25 12:45:00,10,54
2026-02-25 13:00:00,7,84
2026-02-25 13:15:00,4,4
2026-02-25 13:30:00,10,27
2026-02-25 13:45:00,15,37
2026-02-25 14:00:00,19,13
2026-02-25 14:15:00,2,2
2026-02-25 14:30:00,20,308
2026-02-25 14:45:00,14,42
2026-02-25 15:00:00,23,184
2026-02-25 15:15:00,2,2
2026-02-25 15:30:00,7,3
2026-02-25 15:45:00,14,29
2026-02-25 16:00:00,25,45
2026-02-25 16:15:00,12,49
2026-02-25 16:30:00,8,6
2026-02-25 16:45:00,10,98
2026-02-25 17:00:00,21,70
2026-02-25 17:15:00,1,0
2026-02-25 17:30:00,9,5
2026-02-25 17:45:00,12,27
2026-02-25 18:00:00,24,84
2026-02-25 18:30:00,2,12
2026-02-25 18:45:00,4,21
2026-02-25 19:00:00,15,64
2026-02-25 19:30:00,1,0
2026-02-25 19:45:00,2,0
2026-02-25 20:00:00,2,3
2026-02-25 20:15:00,6,4
2026-02-25 20:30:00,14,10
2026-02-25 20:45:00,1,1
2026-02-25 21:00:00,0,1
2026-02-25 21:30:00,6,21
2026-02-25 21:45:00,1,0
2026-02-25 22:15:00,1,0
2026-02-25 22:30:00,7,0
2026-02-25 23:15:00,1,0
2026-02-25 23:45:00,0,3
2026-02-26 00:00:00,0,1
2026-02-26 00:45:00,0,1
2026-02-26 05:30:00,0,1
2026-02-26 06:30:00,16,1
2026-02-26 07:00:00,4,2
2026-02-26 07:15:00,11,3
2026-02-26 07:30:00,21,5
2026-02-26 08:00:00,3,2
2026-02-26 08:15:00,9,1
2026-02-26 08:30:00,26,4
2026-02-26 08:45:00,1,0
2026-02-26 09:00:00,13,11
2026-02-26 09:15:00,5,24
2026-02-26 09:30:00,11,403
2026-02-26 10:00:00,3,5
2026-02-26 10:15:00,3,4
2026-02-26 10:30:00,8,146
2026-02-26 10:45:00,10,26
2026-02-26 11:00:00,12,8
2026-02-26 11:15:00,3,6
2026-02-26 11:30:00,6,4
2026-02-26 11:45:00,14,11
2026-02-26 12:00:00,21,36
2026-02-26 12:15:00,1,1
2026-02-26 12:30:00,3,2
2026-02-26 12:45:00,18,19
2026-02-26 13:00:00,10,5
2026-02-26 13:15:00,8,27
2026-02-26 13:30:00,3,31
2026-02-26 13:45:00,9,88
2026-02-26 14:00:00,22,62
2026-02-26 14:15:00,1,1
2026-02-26 14:30:00,17,10
2026-02-26 14:45:00,9,51
2026-02-26 15:00:00,41,141
2026-02-26 15:15:00,11,8
2026-02-26 15:30:00,8,7
2026-02-26 15:45:00,154,181
2026-02-26 16:00:00,29,47
2026-02-26 16:15:00,7,66
2026-02-26 16:30:00,24,19
2026-02-26 16:45:00,13,48
2026-02-26 17:00:00,27,68
2026-02-26 17:15:00,5,8
2026-02-26 17:30:00,20,16
2026-02-26 17:45:00,19,18
2026-02-26 18:00:00,44,79
2026-02-26 18:15:00,2,20
2026-02-26 18:30:00,7,9
2026-02-26 18:45:00,5,3
2026-02-26 19:00:00,9,21
2026-02-26 19:45:00,0,100
2026-02-26 20:00:00,6,50
2026-02-26 20:15:00,4,0
2026-02-26 20:30:00,20,44
2026-02-26 20:45:00,1,10
2026-02-26 21:15:00,8,20
2026-02-26 21:30:00,8,41
2026-02-26 21:45:00,0,1
2026-02-26 22:15:00,9,12
2026-02-26 22:30:00,9,2
2026-02-26 23:15:00,0,1
2026-02-26 23:30:00,5,0
2026-02-27 05:00:00,0,1
2026-02-27 06:30:00,13,2
2026-02-27 07:00:00,2,0
2026-02-27 07:15:00,9,4
2026-02-27 07:30:00,20,24
2026-02-27 07:45:00,1,2
2026-02-27 08:00:00,1,2
2026-02-27 08:15:00,10,41
2026-02-27 08:30:00,28,27
2026-02-27 09:00:00,1,4
2026-02-27 09:15:00,7,31
2026-02-27 09:30:00,11,4
2026-02-27 09:45:00,0,2
2026-02-27 10:00:00,3,6
2026-02-27 10:15:00,4,5
2026-02-27 10:30:00,4,106
2026-02-27 10:45:00,11,76
2026-02-27 11:00:00,25,25
2026-02-27 11:15:00,3,4
2026-02-27 11:30:00,6,2
2026-02-27 11:45:00,14,51
2026-02-27 12:00:00,16,10
2026-02-27 12:15:00,0,1
2026-02-27 12:30:00,6,2
2026-02-27 12:45:00,13,79
2026-02-27 13:00:00,27,198
2026-02-27 13:15:00,8,18
2026-02-27 13:30:00,18,21
2026-02-27 13:45:00,21,16
2026-02-27 14:00:00,36,64
2026-02-27 14:15:00,8,7
2026-02-27 14:30:00,13,15
2026-02-27 14:45:00,36,51
2026-02-27 15:00:00,45,80
2026-02-27 15:15:00,13,70
2026-02-27 15:30:00,33,73
2026-02-27 15:45:00,36,66
2026-02-27 16:00:00,42,61
2026-02-27 16:15:00,8,11
2026-02-27 16:30:00,22,24
2026-02-27 16:45:00,52,108
2026-02-27 17:00:00,76,61
2026-02-27 17:15:00,7,4
2026-02-27 17:30:00,46,42
2026-02-27 17:45:00,35,64
2026-02-27 18:00:00,64,107
2026-02-27 18:15:00,7,7
2026-02-27 18:30:00,8,7
2026-02-27 18:45:00,10,4
2026-02-27 19:00:00,22,54
2026-02-27 19:15:00,2,2
2026-02-27 20:00:00,3,4
2026-02-27 20:15:00,4,1
2026-02-27 20:30:00,15,63
2026-02-27 20:45:00,0,2
2026-02-27 21:15:00,4,3
2026-02-27 21:30:00,9,8
2026-02-27 21:45:00,2,40
2026-02-27 22:00:00,1,1
2026-02-27 22:15:00,2,3
2026-02-27 22:30:00,11,14
2026-02-27 22:45:00,2,3
2026-02-27 23:00:00,2,5
2026-02-27 23:15:00,3,2
2026-02-27 23:30:00,6,1
2026-02-28 02:30:00,0,1
2026-02-28 05:45:00,0,1
2026-02-28 06:00:00,0,2
2026-02-28 06:30:00,0,2
2026-02-28 06:45:00,7,3
2026-02-28 07:00:00,1,1
2026-02-28 07:15:00,1,1
2026-02-28 07:30:00,4,5
2026-02-28 08:00:00,0,1
2026-02-28 08:15:00,2,6
2026-02-28 08:30:00,9,93
2026-02-28 08:45:00,2,53
2026-02-28 09:00:00,4,4
2026-02-28 09:15:00,6,5
2026-02-28 09:30:00,16,47
2026-02-28 09:45:00,2,4
2026-02-28 10:00:00,5,16
2026-02-28 10:15:00,1,6
2026-02-28 10:30:00,18,289
2026-02-28 10:45:00,30,66
2026-02-28 11:00:00,45,68
2026-02-28 11:15:00,5,8
2026-02-28 11:30:00,26,33
2026-02-28 11:45:00,31,24
2026-02-28 12:00:00,44,84
2026-02-28 12:15:00,153,204
2026-02-28 12:30:00,28,37
2026-02-28 12:45:00,33,27
2026-02-28 13:00:00,35,105
2026-02-28 13:15:00,28,23
2026-02-28 13:30:00,29,85
2026-02-28 13:45:00,29,38
2026-02-28 14:00:00,74,70
2026-02-28 14:15:00,11,11
2026-02-28 14:30:00,37,45
2026-02-28 14:45:00,33,94
2026-02-28 15:00:00,41,120
2026-02-28 15:15:00,15,11
2026-02-28 15:30:00,39,80
2026-02-28 15:45:00,23,28
2026-02-28 16:00:00,72,235
2026-02-28 16:15:00,20,20
2026-02-28 16:30:00,52,48
2026-02-28 16:45:00,40,37
2026-02-28 17:00:00,53,93
2026-02-28 17:15:00,19,28
2026-02-28 17:30:00,36,70
2026-02-28 17:45:00,24,61
2026-02-28 18:00:00,30,48
2026-02-28 18:15:00,10,10
2026-02-28 18:30:00,18,6
2026-02-28 18:45:00,12,29
2026-02-28 19:00:00,28,29
2026-02-28 19:15:00,0,2
2026-02-28 19:30:00,5,6
2026-02-28 19:45:00,2,2
2026-02-28 20:00:00,6,4
2026-02-28 20:15:00,4,1
2026-02-28 20:30:00,29,62
2026-02-28 21:00:00,2,2
2026-02-28 21:15:00,1,2
2026-02-28 21:30:00,5,0
2026-02-28 22:00:00,2,4
2026-02-28 22:15:00,5,4
2026-02-28 22:30:00,10,21
2026-02-28 23:15:00,1,20
2026-02-28 23:30:00,1,5
2026-03-01 02:30:00,0,2
2026-03-01 05:45:00,0,55
2026-03-01 06:30:00,0,1
2026-03-01 07:00:00,1,2
2026-03-01 07:15:00,1,2
2026-03-01 07:30:00,5,0
2026-03-01 08:00:00,1,0
2026-03-01 08:30:00,2,0
2026-03-01 09:00:00,1,6
2026-03-01 09:15:00,11,7
2026-03-01 09:30:00,7,1
2026-03-01 09:45:00,2,2
2026-03-01 10:00:00,1,3
2026-03-01 10:15:00,0,1
2026-03-01 10:30:00,13,13
2026-03-01 10:45:00,6,6
2026-03-01 11:00:00,25,23
2026-03-01 11:15:00,2,3
2026-03-01 11:30:00,2,2
2026-03-01 11:45:00,9,10
2026-03-01 12:00:00,22,18
2026-03-01 12:15:00,1,9
2026-03-01 12:30:00,4,7
2026-03-01 12:45:00,15,19
2026-03-01 13:00:00,22,15
2026-03-01 13:15:00,16,15
2026-03-01 13:30:00,12,11
2026-03-01 13:45:00,23,21
2026-03-01 14:00:00,34,27
2026-03-01 14:15:00,4,4
2026-03-01 14:30:00,20,13
2026-03-01 14:45:00,20,15
2026-03-01 15:00:00,42,30
2026-03-01 15:15:00,7,5
2026-03-01 15:30:00,13,15
2026-03-01 15:45:00,25,31
2026-03-01 16:00:00,47,35
2026-03-01 16:15:00,4,12
2026-03-01 16:30:00,54,66
2026-03-01 16:45:00,28,15
2026-03-01 17:00:00,29,98
2026-03-01 17:15:00,3,5
2026-03-01 17:30:00,59,46
2026-03-01 17:45:00,25,25
2026-03-01 18:00:00,37,18
2026-03-01 18:15:00,3,5
2026-03-01 18:45:00,5,1
2026-03-01 19:00:00,12,2
2026-03-01 19:15:00,3,1
2026-03-01 20:00:00,5,5
2026-03-01 20:15:00,12,17
2026-03-01 20:30:00,9,10
2026-03-01 20:45:00,0,1
2026-03-01 21:00:00,5,3
2026-03-01 21:15:00,5,3
2026-03-01 21:30:00,7,1
2026-03-01 21:45:00,0,2
2026-03-01 22:00:00,0,1
2026-03-01 22:15:00,2,2
2026-03-01 22:30:00,2,0
2026-03-01 22:45:00,2,0
2026-03-01 23:00:00,1,1
2026-03-01 23:15:00,4,2
2026-03-01 23:30:00,2,1
2026-03-02 00:45:00,0,2
2026-03-02 01:00:00,0,1
2026-03-02 02:00:00,0,1
2026-03-02 06:15:00,0,1
2026-03-02 06:30:00,18,13
2026-03-02 06:45:00,2,2
2026-03-02 07:00:00,2,1
2026-03-02 07:15:00,13,3
2026-03-02 07:30:00,28,5
2026-03-02 08:00:00,2,2
2026-03-02 08:15:00,12,10
2026-03-02 08:30:00,31,20
2026-03-02 09:00:00,3,2
2026-03-02 09:15:00,4,4
2026-03-02 09:30:00,8,7
2026-03-02 09:45:00,0,5
2026-03-02 10:00:00,0,7
2026-03-02 10:15:00,52,52
2026-03-02 10:30:00,128,126
2026-03-02 10:45:00,19,7
2026-03-02 11:00:00,14,12
2026-03-02 11:15:00,7,5
2026-03-02 11:30:00,5,24
2026-03-02 11:45:00,7,4
2026-03-02 12:00:00,9,6
2026-03-02 12:15:00,6,7
2026-03-02 12:30:00,2,2
2026-03-02 12:45:00,12,9
2026-03-02 13:00:00,16,11
2026-03-02 13:15:00,4,3
2026-03-02 13:30:00,16,11
2026-03-02 13:45:00,17,16
2026-03-02 14:00:00,43,25
2026-03-02 14:15:00,3,2
2026-03-02 14:30:00,15,19
2026-03-02 14:45:00,14,11
2026-03-02 15:00:00,22,8
2026-03-02 15:15:00,3,4
2026-03-02 15:30:00,10,6
2026-03-02 15:45:00,20,20
2026-03-02 16:00:00,37,30
2026-03-02 16:15:00,8,5
2026-03-02 16:30:00,25,27
2026-03-02 16:45:00,56,47
2026-03-02 17:00:00,40,19
2026-03-02 17:15:00,12,12
2026-03-02 17:30:00,25,16
2026-03-02 17:45:00,15,15
2026-03-02 18:00:00,29,23
2026-03-02 18:15:00,8,6
2026-03-02 18:30:00,2,2
2026-03-02 18:45:00,14,13
2026-03-02 19:00:00,15,4
2026-03-02 19:15:00,2,0
2026-03-02 19:45:00,0,1
2026-03-02 20:00:00,1,4
2026-03-02 20:15:00,6,7
2026-03-02 20:30:00,22,7
2026-03-02 20:45:00,3,3
2026-03-02 21:00:00,2,0
2026-03-02 21:15:00,1,0
2026-03-02 21:30:00,8,4
2026-03-02 22:00:00,0,1
2026-03-02 22:15:00,3,0
2026-03-02 22:30:00,6,0
2026-03-02 23:15:00,1,2
2026-03-02 23:30:00,1,0
2026-03-03 00:45:00,0,2
2026-03-03 06:30:00,25,9
2026-03-03 06:45:00,1,1000
2026-03-03 07:00:00,3,1
2026-03-03 07:15:00,9,12
2026-03-03 07:30:00,31,10
2026-03-03 08:00:00,0,1
2026-03-03 08:15:00,10,1
2026-03-03 08:30:00,28,13
2026-03-03 08:45:00,5,3
2026-03-03 09:00:00,1,1
2026-03-03 09:15:00,4,4
2026-03-03 09:30:00,12,11
2026-03-03 10:00:00,4,3
2026-03-03 10:30:00,4,2
2026-03-03 10:45:00,12,9
2026-03-03 11:00:00,15,6
2026-03-03 11:15:00,3,3
2026-03-03 11:30:00,3,1
2026-03-03 11:45:00,15,4
2026-03-03 12:00:00,16,17
2026-03-03 12:15:00,3,1
2026-03-03 12:30:00,6,1
2026-03-03 12:45:00,10,8
2026-03-03 13:00:00,12,4
2026-03-03 13:15:00,1,0
2026-03-03 13:30:00,6,5
2026-03-03 13:45:00,15,10
2026-03-03 14:00:00,22,14
2026-03-03 14:15:00,3,13
2026-03-03 14:30:00,6,6
2026-03-03 14:45:00,8,5
2026-03-03 15:00:00,18,10
2026-03-03 15:15:00,7,8
2026-03-03 15:30:00,10,9
2026-03-03 15:45:00,21,12
2026-03-03 16:00:00,23,12
2026-03-03 16:15:00,7,5
2026-03-03 16:30:00,5,6
2026-03-03 16:45:00,17,6
2026-03-03 17:00:00,47,25
2026-03-03 17:15:00,6,4
2026-03-03 17:30:00,14,13
2026-03-03 17:45:00,7,5
2026-03-03 18:00:00,34,11
2026-03-03 18:15:00,10,9
2026-03-03 18:30:00,8,4
2026-03-03 18:45:00,4,2
2026-03-03 19:00:00,23,12
2026-03-03 19:15:00,1,0
2026-03-03 20:00:00,10,7
2026-03-03 20:15:00,5,8
2026-03-03 20:30:00,13,4
2026-03-03 21:30:00,5,1
2026-03-03 21:45:00,1,0
2026-03-03 22:00:00,2,0
2026-03-03 22:15:00,5,2
2026-03-03 22:30:00,11,5
2026-03-03 23:15:00,2,1
2026-03-03 23:30:00,3,2
2026-03-04 06:15:00,0,1
2026-03-04 06:30:00,22,6
2026-03-04 06:45:00,1,0
2026-03-04 07:15:00,16,5
2026-03-04 07:30:00,23,0
2026-03-04 08:00:00,2,2
2026-03-04 08:15:00,9,0
2026-03-04 08:30:00,26,16
2026-03-04 09:00:00,6,6
2026-03-04 09:15:00,7,6
2026-03-04 09:30:00,14,9
2026-03-04 09:45:00,0,3
2026-03-04 10:00:00,9,3
2026-03-04 10:15:00,1,2
2026-03-04 10:30:00,7,9
2026-03-04 10:45:00,15,14
2026-03-04 11:00:00,24,14
2026-03-04 11:15:00,5,6
2026-03-04 11:30:00,20,20
2026-03-04 11:45:00,3,2
2026-03-04 12:00:00,26,27
2026-03-04 12:15:00,5,5
2026-03-04 12:30:00,4,8
2026-03-04 12:45:00,23,20
2026-03-04 13:00:00,17,34
2026-03-04 13:15:00,3,1
2026-03-04 13:30:00,16,18
2026-03-04 13:45:00,25,15
2026-03-04 14:00:00,21,16
2026-03-04 14:15:00,11,12
2026-03-04 14:30:00,33,33
2026-03-04 14:45:00,12,7
2026-03-04 15:00:00,43,30
2026-03-04 15:15:00,19,18
2026-03-04 15:30:00,18,16
2026-03-04 15:45:00,339,326
2026-03-04 16:00:00,30,16
2026-03-04 16:15:00,20,21
2026-03-04 16:30:00,25,25
2026-03-04 16:45:00,31,23
2026-03-04 17:00:00,61,32
2026-03-04 17:15:00,10,9
2026-03-04 17:30:00,32,32
2026-03-04 17:45:00,17,16
2026-03-04 18:00:00,43,61
2026-03-04 18:15:00,3,2
2026-03-04 18:30:00,8,6
2026-03-04 18:45:00,10,8
2026-03-04 19:00:00,27,15
2026-03-04 19:30:00,7,7
2026-03-04 19:45:00,3,3
2026-03-04 20:00:00,2,0
2026-03-04 20:15:00,14,10
2026-03-04 20:30:00,12,4
2026-03-04 21:15:00,4,1
2026-03-04 21:30:00,13,2
2026-03-04 22:00:00,3,2
2026-03-04 22:15:00,1,0
2026-03-04 22:30:00,11,3
2026-03-04 22:45:00,1,0
2026-03-04 23:15:00,2,0
2026-03-04 23:30:00,6,0
2026-03-05 01:45:00,0,1
2026-03-05 05:00:00,0,1
2026-03-05 06:30:00,19,3
2026-03-05 06:45:00,2,2
2026-03-05 07:00:00,1,1
2026-03-05 07:15:00,7,4
2026-03-05 07:30:00,33,0
2026-03-05 08:00:00,1,0
2026-03-05 08:15:00,11,2
2026-03-05 08:30:00,32,17
2026-03-05 09:00:00,9,9
2026-03-05 09:15:00,4,5
2026-03-05 09:30:00,16,11
2026-03-05 09:45:00,2,2
2026-03-05 10:15:00,1,0
2026-03-05 10:30:00,0,23
2026-03-05 10:45:00,5,5
2026-03-05 11:00:00,23,6
2026-03-05 11:15:00,2,0
2026-03-05 11:30:00,9,7
2026-03-05 11:45:00,11,9
2026-03-05 12:00:00,4,2
2026-03-05 12:15:00,3,2
2026-03-05 12:30:00,9,5
2026-03-05 12:45:00,3,3
2026-03-05 13:00:00,10,32
2026-03-05 13:15:00,2,1
2026-03-05 13:30:00,9,8
2026-03-05 13:45:00,7,2
2026-03-05 14:00:00,16,4
2026-03-05 14:15:00,3,3
2026-03-05 14:30:00,2,2
2026-03-05 14:45:00,9,5
2026-03-05 15:00:00,16,1
2026-03-05 15:30:00,6,6
2026-03-05 15:45:00,4,0
2026-03-05 16:00:00,21,6
2026-03-05 16:15:00,3,2
2026-03-05 16:30:00,5,3
2026-03-05 16:45:00,11,0
2026-03-05 17:00:00,19,4
2026-03-05 17:15:00,0,4
2026-03-05 17:30:00,7,2
2026-03-05 17:45:00,10,1
2026-03-05 18:00:00,28,8
2026-03-05 18:30:00,1,0
2026-03-05 18:45:00,8,7
2026-03-05 19:00:00,15,6
2026-03-05 19:30:00,4,5
2026-03-05 20:00:00,5,2
2026-03-05 20:15:00,5,4
2026-03-05 20:30:00,19,3
2026-03-05 20:45:00,0,1
2026-03-05 21:00:00,1,0
2026-03-05 21:15:00,3,0
2026-03-05 21:30:00,5,0
2026-03-05 22:30:00,3,0
2026-03-05 22:45:00,0,2
2026-03-05 23:15:00,4,2
2026-03-05 23:30:00,3,0
2026-03-06 01:45:00,0,1
2026-03-06 04:15:00,0,3
2026-03-06 05:15:00,0,5
2026-03-06 06:30:00,11,2
2026-03-06 06:45:00,0,2
2026-03-06 07:15:00,8,2
2026-03-06 07:30:00,19,0
2026-03-06 08:00:00,8,9
2026-03-06 08:15:00,12,0
2026-03-06 08:30:00,32,18
2026-03-06 08:45:00,0,1
2026-03-06 09:00:00,2,1
2026-03-06 09:15:00,6,4
2026-03-06 09:30:00,7,2
2026-03-06 10:15:00,4,3
2026-03-06 10:30:00,10,3
2026-03-06 10:45:00,1,1
2026-03-06 11:00:00,18,10
2026-03-06 11:15:00,7,4
2026-03-06 11:30:00,3,2
2026-03-06 11:45:00,13,9
2026-03-06 12:00:00,10,6
2026-03-06 12:15:00,7,7
2026-03-06 12:30:00,5,4
2026-03-06 12:45:00,4,2
2026-03-06 13:00:00,9,5
2026-03-06 13:15:00,3,2
2026-03-06 13:30:00,9,8
2026-03-06 13:45:00,7,0
2026-03-06 14:00:00,20,8
2026-03-06 14:15:00,2,3
2026-03-06 14:30:00,4,0
2026-03-06 14:45:00,13,10
2026-03-06 15:00:00,10,0
2026-03-06 15:15:00,0,1
2026-03-06 15:30:00,4,15
2026-03-06 15:45:00,8,2
2026-03-06 16:00:00,18,6
2026-03-06 16:15:00,1,0
2026-03-06 16:30:00,2,2
2026-03-06 16:45:00,8,17
2026-03-06 17:00:00,14,3
2026-03-06 17:15:00,5,5
2026-03-06 17:30:00,8,9
2026-03-06 17:45:00,5,1
2026-03-06 18:00:00,23,7
2026-03-06 18:15:00,5,3
2026-03-06 18:30:00,4,2
2026-03-06 18:45:00,11,4
2026-03-06 19:00:00,24,8
2026-03-06 19:15:00,1,1
2026-03-06 19:30:00,2,1
2026-03-06 20:00:00,6,2
2026-03-06 20:15:00,8,1
2026-03-06 20:30:00,23,2
2026-03-06 21:00:00,3,0
2026-03-06 21:15:00,9,1
2026-03-06 21:30:00,11,4
2026-03-06 22:00:00,2,0
2026-03-06 22:15:00,6,0
2026-03-06 22:30:00,9,0
2026-03-06 23:00:00,1,1
2026-03-06 23:30:00,10,2
2026-03-07 00:15:00,0,2
2026-03-07 01:45:00,0,2
2026-03-07 06:30:00,2,0
2026-03-07 07:30:00,2,1
2026-03-07 07:45:00,1,0
2026-03-07 08:15:00,4,3
2026-03-07 08:30:00,4,0
2026-03-07 09:00:00,2,1
2026-03-07 09:15:00,2,1
2026-03-07 09:30:00,15,5
2026-03-07 09:45:00,4,2
2026-03-07 10:00:00,4,5
2026-03-07 10:15:00,6,7
2026-03-07 10:30:00,1,1
2026-03-07 10:45:00,3,4
2026-03-07 11:00:00,9,9
2026-03-07 11:15:00,8,11
2026-03-07 11:30:00,12,9
2026-03-07 11:45:00,14,17
2026-03-07 12:00:00,31,22
2026-03-07 12:15:00,9,6
2026-03-07 12:30:00,23,20
2026-03-07 12:45:00,8,6
2026-03-07 13:00:00,1,4
2026-03-07 13:15:00,13,15
2026-03-07 13:30:00,17,19
2026-03-07 13:45:00,26,11
2026-03-07 14:00:00,18,12
2026-03-07 14:15:00,30,20
2026-03-07 14:30:00,21,16
2026-03-07 14:45:00,7,4
2026-03-07 15:00:00,20,15
2026-03-07 15:15:00,15,12
2026-03-07 15:30:00,31,51
2026-03-07 15:45:00,27,25
2026-03-07 16:00:00,31,33
2026-03-07 16:15:00,14,7
2026-03-07 16:30:00,18,17
2026-03-07 16:45:00,59,58
2026-03-07 17:00:00,19,20
2026-03-07 17:15:00,35,27
2026-03-07 17:30:00,21,20
2026-03-07 17:45:00,30,14
2026-03-07 18:00:00,7,5
2026-03-07 18:15:00,14,7
2026-03-07 18:30:00,17,7
2026-03-07 18:45:00,4,5
2026-03-07 19:15:00,5,1
2026-03-07 19:30:00,20,18
2026-03-07 19:45:00,15,20
2026-03-07 20:00:00,2,0
2026-03-07 20:15:00,6,5
2026-03-07 20:30:00,2,3
2026-03-07 21:00:00,11,6
2026-03-07 21:30:00,5,4
2026-03-07 21:45:00,8,9
2026-03-07 22:00:00,9,8
2026-03-07 22:30:00,4,9
2026-03-07 22:45:00,3,10
2026-03-07 23:15:00,14,13
2026-03-07 23:45:00,0,1
2026-03-08 05:15:00,0,2
2026-03-08 06:15:00,0,1
2026-03-08 06:30:00,2,2
2026-03-08 06:45:00,0,10
2026-03-08 07:00:00,0,1
2026-03-08 07:15:00,1,1
2026-03-08 07:30:00,2,10
2026-03-08 07:45:00,2,0
2026-03-08 08:00:00,0,1
2026-03-08 08:30:00,2,1
2026-03-08 08:45:00,2,4
2026-03-08 09:00:00,8,16
2026-03-08 09:15:00,17,21
2026-03-08 09:30:00,24,27
2026-03-08 09:45:00,8,11
2026-03-08 10:00:00,18,21
2026-03-08 10:15:00,23,18
2026-03-08 10:30:00,2,4
2026-03-08 10:45:00,13,11
2026-03-08 11:00:00,20,8
2026-03-08 11:15:00,23,15
2026-03-08 11:30:00,26,36
2026-03-08 11:45:00,14,12
2026-03-08 12:00:00,37,28
2026-03-08 12:15:00,21,20
2026-03-08 12:30:00,41,37
2026-03-08 12:45:00,31,26
2026-03-08 13:00:00,22,32
2026-03-08 13:15:00,28,33
2026-03-08 13:30:00,48,46
2026-03-08 13:45:00,62,47
2026-03-08 14:00:00,44,45
2026-03-08 14:15:00,70,63
2026-03-08 14:30:00,28,22
2026-03-08 14:45:00,22,29
2026-03-08 15:00:00,79,65
2026-03-08 15:15:00,46,42
2026-03-08 15:30:00,79,70
2026-03-08 15:45:00,60,49
2026-03-08 16:00:00,25,26
2026-03-08 16:15:00,86,75
2026-03-08 16:30:00,53,44
2026-03-08 16:45:00,83,75
2026-03-08 17:00:00,28,32
2026-03-08 17:15:00,33,31
2026-03-08 17:30:00,38,33
2026-03-08 17:45:00,60,53
2026-03-08 18:00:00,28,31
2026-03-08 18:15:00,29,26
2026-03-08 18:30:00,51,33
2026-03-08 18:45:00,6,5
2026-03-08 19:00:00,9,3
2026-03-08 19:15:00,4,12
2026-03-08 19:30:00,6,4
2026-03-08 19:45:00,16,8
2026-03-08 20:15:00,5,5
2026-03-08 20:30:00,12,5
2026-03-08 20:45:00,1,0
2026-03-08 21:00:00,9,6
2026-03-08 21:15:00,6,4
2026-03-08 21:30:00,2,2
2026-03-08 21:45:00,11,7
2026-03-08 22:00:00,3,2
2026-03-08 22:15:00,1,1
2026-03-08 22:30:00,3,2
2026-03-08 22:45:00,0,3
2026-03-08 23:15:00,5,1
2026-03-09 00:00:00,0,1
2026-03-09 00:15:00,0,1
2026-03-09 00:30:00,0,1
2026-03-09 00:45:00,0,3
2026-03-09 02:15:00,0,3
2026-03-09 06:30:00,21,10
2026-03-09 06:45:00,2,0
2026-03-09 07:00:00,2,0
2026-03-09 07:15:00,8,0
2026-03-09 07:30:00,6,0
2026-03-09 07:45:00,13,12
2026-03-09 08:00:00,6,1
2026-03-09 08:15:00,12,13
2026-03-09 08:30:00,31,25
2026-03-09 08:45:00,0,2
2026-03-09 09:00:00,1,7
2026-03-09 09:15:00,8,7
2026-03-09 09:30:00,13,26
2026-03-09 09:45:00,9,5
2026-03-09 10:00:00,9,6
2026-03-09 10:15:00,14,19
2026-03-09 10:30:00,3,4
2026-03-09 10:45:00,59,60
2026-03-09 11:00:00,21,20
2026-03-09 11:15:00,20,11
2026-03-09 11:30:00,22,30
2026-03-09 11:45:00,20,16
2026-03-09 12:00:00,23,16
2026-03-09 12:15:00,10,9
2026-03-09 12:30:00,37,28
2026-03-09 12:45:00,50,29
2026-03-09 13:00:00,136,133
2026-03-09 13:15:00,47,56
2026-03-09 13:30:00,24,23
2026-03-09 13:45:00,53,47
2026-03-09 14:00:00,21,15
2026-03-09 14:15:00,56,51
2026-03-09 14:30:00,34,28
2026-03-09 14:45:00,32,36
2026-03-09 15:00:00,40,38
2026-03-09 15:15:00,39,48
2026-03-09 15:30:00,50,46
2026-03-09 15:45:00,53,117
2026-03-09 16:00:00,71,70
2026-03-09 16:15:00,32,33
2026-03-09 16:30:00,30,14
2026-03-09 16:45:00,45,39
2026-03-09 17:00:00,24,25
2026-03-09 17:15:00,54,42
2026-03-09 17:30:00,83,45
2026-03-09 17:45:00,37,33
2026-03-09 18:00:00,57,41
2026-03-09 18:15:00,60,61
2026-03-09 18:30:00,52,43
2026-03-09 18:45:00,37,33
2026-03-09 19:00:00,14,14
2026-03-09 19:15:00,34,32
2026-03-09 19:30:00,22,19
2026-03-09 19:45:00,5,5
2026-03-09 20:00:00,19,21
2026-03-09 20:15:00,7,5
2026-03-09 20:30:00,15,11
2026-03-09 20:45:00,3,3
2026-03-09 21:00:00,13,12
2026-03-09 21:15:00,15,22
2026-03-09 21:30:00,10,4
2026-03-09 21:45:00,2,0
2026-03-09 22:15:00,4,0
2026-03-09 22:30:00,7,1
2026-03-09 23:15:00,1,0
2026-03-09 23:30:00,3,0
2026-03-10 06:15:00,3,1
2026-03-10 06:30:00,23,8
2026-03-10 06:45:00,2,2
2026-03-10 07:00:00,11,1
2026-03-10 07:15:00,3,0
2026-03-10 07:30:00,18,3
2026-03-10 07:45:00,7,4
2026-03-10 08:00:00,11,0
2026-03-10 08:15:00,34,16
2026-03-10 08:30:00,7,8
2026-03-10 08:45:00,1,0
2026-03-10 09:00:00,11,6
2026-03-10 09:15:00,6,5
2026-03-10 09:30:00,14,10
2026-03-10 09:45:00,7,9
2026-03-10 10:00:00,11,3
2026-03-10 10:15:00,4,5
2026-03-10 10:30:00,14,18
2026-03-10 10:45:00,10,12
2026-03-10 11:00:00,8,7
2026-03-10 11:15:00,7,7
2026-03-10 11:30:00,19,14
2026-03-10 11:45:00,13,12
2026-03-10 12:00:00,135,130
2026-03-10 12:15:00,7,6
2026-03-10 12:30:00,25,20
2026-03-10 12:45:00,8,8
2026-03-10 13:00:00,9,6
2026-03-10 13:15:00,28,21
2026-03-10 13:30:00,21,21
2026-03-10 13:45:00,7,4
2026-03-10 14:00:00,14,9
2026-03-10 14:15:00,8,10
2026-03-10 14:30:00,21,4
2026-03-10 14:45:00,12,12
2026-03-10 15:00:00,21,19
2026-03-10 15:15:00,17,23
2026-03-10 15:30:00,32,10
2026-03-10 15:45:00,5,4
2026-03-10 16:00:00,40,32
2026-03-10 16:15:00,20,13
2026-03-10 16:30:00,17,11
2026-03-10 16:45:00,12,10
2026-03-10 17:00:00,9,5
2026-03-10 17:15:00,31,29
2026-03-10 17:30:00,29,11
2026-03-10 17:45:00,4,4
2026-03-10 18:00:00,27,12
2026-03-10 18:15:00,10,7
2026-03-10 18:30:00,24,15
2026-03-10 18:45:00,3,2
2026-03-10 19:00:00,9,9
2026-03-10 19:15:00,25,18
2026-03-10 19:30:00,10,0
2026-03-10 19:45:00,1,0
2026-03-10 20:00:00,5,3
2026-03-10 20:15:00,3,0
2026-03-10 20:30:00,8,4
2026-03-10 20:45:00,4,3
2026-03-10 21:00:00,1,0
2026-03-10 21:15:00,4,0
2026-03-10 21:30:00,8,0
2026-03-10 21:45:00,1,0
2026-03-10 22:15:00,1,0
2026-03-10 22:30:00,7,5
2026-03-10 22:45:00,2,0
2026-03-10 23:00:00,7,2
2026-03-10 23:15:00,1,0
2026-03-10 23:30:00,1,0
2026-03-10 23:45:00,0,1
2026-03-11 00:00:00,2,2
2026-03-11 06:15:00,1,0
2026-03-11 06:30:00,26,9
2026-03-11 06:45:00,2,0
2026-03-11 07:00:00,6,0
2026-03-11 07:15:00,1,0
2026-03-11 07:30:00,17,0
2026-03-11 07:45:00,4,0
2026-03-11 08:00:00,14,12
2026-03-11 08:15:00,19,1
2026-03-11 08:30:00,2,2
2026-03-11 08:45:00,1,0
2026-03-11 09:00:00,1,1
2026-03-11 09:30:00,2,10
2026-03-11 09:45:00,1,1
2026-03-11 10:00:00,1,1
2026-03-11 10:15:00,4,4
2026-03-11 10:30:00,9,6
2026-03-11 10:45:00,4,3
2026-03-11 11:00:00,2,1
2026-03-11 11:15:00,4,1
2026-03-11 11:30:00,7,2
2026-03-11 11:45:00,1,0
2026-03-11 12:00:00,4,2
2026-03-11 12:15:00,4,8
2026-03-11 12:30:00,7,1
2026-03-11 13:00:00,1,0
2026-03-11 13:15:00,8,2
2026-03-11 13:30:00,8,10
2026-03-11 13:45:00,8,7
2026-03-11 14:00:00,4,1
2026-03-11 14:15:00,4,1
2026-03-11 14:30:00,8,2
2026-03-11 14:45:00,2,0
2026-03-11 15:00:00,1,0
2026-03-11 15:15:00,10,0
2026-03-11 15:30:00,11,4
2026-03-11 15:45:00,12,0
2026-03-11 16:00:00,144,131
2026-03-11 16:15:00,2,0
2026-03-11 16:30:00,6,2
2026-03-11 16:45:00,3,0
2026-03-11 17:00:00,1,2
2026-03-11 17:15:00,2,1
2026-03-11 17:30:00,16,0
2026-03-11 17:45:00,3,1
2026-03-11 18:00:00,6,2
2026-03-11 18:15:00,3,0
2026-03-11 18:30:00,16,20
2026-03-11 18:45:00,1,0
2026-03-11 19:00:00,1,10
2026-03-11 19:15:00,2,0
2026-03-11 19:30:00,16,17
2026-03-11 19:45:00,0,1
2026-03-11 20:00:00,0,3
2026-03-11 20:15:00,6,3
2026-03-11 20:30:00,8,10
2026-03-11 21:00:00,2,2
2026-03-11 21:15:00,2,1
2026-03-11 21:30:00,13,5
2026-03-11 22:00:00,1,4
2026-03-11 22:15:00,5,3
2026-03-11 22:30:00,8,4
2026-03-11 22:45:00,0,3
2026-03-11 23:00:00,2,0
2026-03-11 23:30:00,2,5
2026-03-11 23:45:00,2,7
2026-03-12 06:15:00,1,1
2026-03-12 06:30:00,26,10
2026-03-12 06:45:00,7,6
2026-03-12 07:00:00,15,4
2026-03-12 07:15:00,4,3
2026-03-12 07:30:00,23,1
2026-03-12 07:45:00,0,1
2026-03-12 08:00:00,5,0
2026-03-12 08:15:00,35,24
2026-03-12 08:30:00,4,0
2026-03-12 08:45:00,1,20
2026-03-12 09:00:00,9,4
2026-03-12 09:15:00,11,5
2026-03-12 09:30:00,13,6
2026-03-12 09:45:00,1,0
2026-03-12 10:00:00,2,4
2026-03-12 10:15:00,15,12
2026-03-12 10:30:00,9,4
2026-03-12 10:45:00,5,4
2026-03-12 11:00:00,10,20
2026-03-12 11:15:00,19,7
2026-03-12 11:30:00,10,14
2026-03-12 11:45:00,9,6
2026-03-12 12:00:00,23,13
2026-03-12 12:15:00,6,7
2026-03-12 12:30:00,12,9
2026-03-12 12:45:00,10,5
2026-03-12 13:00:00,2,1
2026-03-12 13:15:00,16,17
2026-03-12 13:30:00,24,8
2026-03-12 13:45:00,9,5
2026-03-12 14:00:00,22,16
2026-03-12 14:15:00,10,13
2026-03-12 14:30:00,395,383
2026-03-12 14:45:00,1,1
2026-03-12 15:00:00,19,22
2026-03-12 15:15:00,13,6
2026-03-12 15:30:00,12,11
2026-03-12 15:45:00,23,16
2026-03-12 16:00:00,28,11
2026-03-12 16:15:00,8,9
2026-03-12 16:30:00,20,9
2026-03-12 16:45:00,4,51
2026-03-12 17:00:00,12,10
2026-03-12 17:15:00,19,13
2026-03-12 17:30:00,17,25
2026-03-12 17:45:00,3,2
2026-03-12 18:00:00,13,2
2026-03-12 18:15:00,13,12
2026-03-12 18:30:00,17,8
2026-03-12 18:45:00,1,0
2026-03-12 19:00:00,6,6
2026-03-12 19:15:00,10,6
2026-03-12 19:30:00,17,4
2026-03-12 19:45:00,5,5
2026-03-12 20:00:00,2,1
2026-03-12 20:15:00,9,4
2026-03-12 20:30:00,4,1
2026-03-12 20:45:00,2,0
2026-03-12 21:00:00,1,1
2026-03-12 21:15:00,2,1
2026-03-12 21:30:00,19,7
2026-03-12 21:45:00,0,2
2026-03-12 22:00:00,1,0
2026-03-12 22:30:00,15,0
2026-03-12 22:45:00,0,1
2026-03-12 23:00:00,3,0
2026-03-12 23:15:00,1,0
2026-03-12 23:30:00,6,0
2026-03-13 00:30:00,0,2
2026-03-13 01:00:00,0,2
2026-03-13 06:30:00,27,11
2026-03-13 07:00:00,1,0
2026-03-13 07:15:00,9,2
2026-03-13 07:30:00,7,0
2026-03-13 08:00:00,11,0
2026-03-13 08:15:00,31,16
2026-03-13 08:30:00,7,3
2026-03-13 08:45:00,3,1
2026-03-13 09:00:00,5,2
2026-03-13 09:15:00,2,3
2026-03-13 09:30:00,8,2
2026-03-13 09:45:00,1,1
2026-03-13 10:00:00,2,2
2026-03-13 10:15:00,117,115
2026-03-13 10:30:00,8,1
2026-03-13 11:00:00,0,24
2026-03-13 11:15:00,6,7
2026-03-13 11:30:00,6,4
2026-03-13 11:45:00,3,0
2026-03-13 12:00:00,6,5
2026-03-13 12:15:00,4,0
2026-03-13 12:30:00,8,5
2026-03-13 13:15:00,4,0
2026-03-13 13:30:00,6,1
2026-03-13 13:45:00,4,0
2026-03-13 14:00:00,4,1
2026-03-13 14:15:00,11,2
2026-03-13 14:30:00,9,0
2026-03-13 14:45:00,2,0
2026-03-13 15:15:00,3,1
2026-03-13 15:30:00,10,3
2026-03-13 15:45:00,4,1
2026-03-13 16:00:00,13,15
2026-03-13 16:15:00,9,11
2026-03-13 16:30:00,11,5
2026-03-13 17:00:00,2,1
2026-03-13 17:15:00,8,5
2026-03-13 17:30:00,16,3
2026-03-13 17:45:00,2,3
2026-03-13 18:00:00,22,3
2026-03-13 18:15:00,1,1
2026-03-13 18:30:00,12,3
2026-03-13 18:45:00,1,1
2026-03-13 19:00:00,2,1
2026-03-13 19:15:00,6,2
2026-03-13 19:30:00,7,0
2026-03-13 19:45:00,1,0
2026-03-13 20:00:00,4,3
2026-03-13 20:15:00,4,2
2026-03-13 20:30:00,17,2
2026-03-13 20:45:00,2,2
2026-03-13 21:00:00,2,3
2026-03-13 21:15:00,7,4
2026-03-13 21:30:00,10,2
2026-03-13 22:00:00,1,0
2026-03-13 22:15:00,1,0
2026-03-13 22:30:00,6,3
2026-03-13 23:00:00,4,2
2026-03-13 23:15:00,2,0
2026-03-13 23:30:00,6,12
2026-03-14 02:00:00,0,2
2026-03-14 03:00:00,0,3
2026-03-14 06:15:00,0,2
2026-03-14 06:30:00,5,1
2026-03-14 07:00:00,1,2
2026-03-14 07:45:00,0,6
2026-03-14 08:00:00,2,0
2026-03-14 08:15:00,5,1
2026-03-14 08:30:00,1,0
2026-03-14 08:45:00,6,3
2026-03-14 09:00:00,7,6
2026-03-14 09:15:00,2,2
2026-03-14 09:30:00,16,23
2026-03-14 09:45:00,2,2
2026-03-14 10:00:00,9,9
2026-03-14 10:15:00,16,16
2026-03-14 10:30:00,24,12
2026-03-14 10:45:00,2,3
2026-03-14 11:00:00,16,12
2026-03-14 11:15:00,21,16
2026-03-14 11:30:00,30,20
2026-03-14 11:45:00,12,10
2026-03-14 12:00:00,13,13
2026-03-14 12:15:00,26,35
2026-03-14 12:30:00,38,28
2026-03-14 12:45:00,5,7
2026-03-14 13:00:00,9,8
2026-03-14 13:15:00,16,12
2026-03-14 13:30:00,29,23
2026-03-14 13:45:00,15,17
2026-03-14 14:00:00,12,9
2026-03-14 14:15:00,29,30
2026-03-14 14:30:00,39,42
2026-03-14 14:45:00,3,3
2026-03-14 15:00:00,17,18
2026-03-14 15:15:00,13,3
2026-03-14 15:30:00,34,27
2026-03-14 15:45:00,14,20
2026-03-14 16:00:00,42,41
2026-03-14 16:15:00,15,13
2026-03-14 16:30:00,39,36
2026-03-14 16:45:00,13,12
2026-03-14 17:00:00,18,17
2026-03-14 17:15:00,30,30
2026-03-14 17:30:00,39,30
2026-03-14 17:45:00,17,16
2026-03-14 18:00:00,27,19
2026-03-14 18:15:00,38,32
2026-03-14 18:30:00,33,20
2026-03-14 18:45:00,7,3
2026-03-14 19:00:00,28,22
2026-03-14 19:15:00,15,16
2026-03-14 19:30:00,36,23
2026-03-14 19:45:00,14,18
2026-03-14 20:00:00,3,1
2026-03-14 20:15:00,6,4
2026-03-14 20:30:00,22,12
2026-03-14 21:15:00,3,2
2026-03-14 21:30:00,5,2
2026-03-14 21:45:00,5,2
2026-03-14 22:00:00,1,0
2026-03-14 22:15:00,4,2
2026-03-14 22:30:00,8,1
2026-03-14 23:00:00,2,0
2026-03-14 23:15:00,1,0
2026-03-14 23:30:00,4,0
2026-03-15 03:45:00,0,3
2026-03-15 06:30:00,8,8
2026-03-15 07:00:00,3,0
2026-03-15 07:15:00,1,2
2026-03-15 07:30:00,5,15
2026-03-15 08:15:00,1,0
2026-03-15 08:45:00,2,2
2026-03-15 09:00:00,7,3
2026-03-15 09:15:00,3,11
2026-03-15 09:30:00,2,0
2026-03-15 09:45:00,0,1
2026-03-15 10:00:00,0,1
2026-03-15 10:15:00,3,3
2026-03-15 10:30:00,2,1
2026-03-15 10:45:00,3,3
2026-03-15 11:00:00,4,3
2026-03-15 11:15:00,10,9
2026-03-15 11:30:00,12,15
2026-03-15 11:45:00,8,9
2026-03-15 12:00:00,5,7
2026-03-15 12:15:00,6,5
2026-03-15 12:30:00,13,4
2026-03-15 12:45:00,0,5
2026-03-15 13:00:00,2,0
2026-03-15 13:15:00,15,8
2026-03-15 13:30:00,21,15
2026-03-15 13:45:00,11,8
2026-03-15 14:00:00,13,9
2026-03-15 14:15:00,9,9
2026-03-15 14:30:00,15,9
2026-03-15 14:45:00,0,3
2026-03-15 15:00:00,7,8
2026-03-15 15:15:00,12,9
2026-03-15 15:30:00,22,16
2026-03-15 15:45:00,4,3
2026-03-15 16:00:00,23,16
2026-03-15 16:15:00,8,6
2026-03-15 16:30:00,17,6
2026-03-15 16:45:00,7,5
2026-03-15 17:00:00,20,20
2026-03-15 17:15:00,8,3
2026-03-15 17:30:00,35,31
2026-03-15 17:45:00,20,20
2026-03-15 18:00:00,20,16
2026-03-15 18:15:00,20,19
2026-03-15 18:30:00,18,8
2026-03-15 18:45:00,12,18
2026-03-15 19:00:00,5,9
2026-03-15 19:15:00,29,21
2026-03-15 19:30:00,14,5
2026-03-15 19:45:00,3,3
2026-03-15 20:00:00,6,5
2026-03-15 20:15:00,10,37
2026-03-15 20:30:00,6,3
2026-03-15 20:45:00,1,1
2026-03-15 21:00:00,1,1
2026-03-15 21:15:00,5,3
2026-03-15 21:30:00,11,11
2026-03-15 22:00:00,5,3
2026-03-15 22:15:00,1,0
2026-03-15 22:30:00,5,3
2026-03-15 22:45:00,2,1
2026-03-15 23:00:00,3,0
2026-03-15 23:15:00,2,0
2026-03-15 23:30:00,4,0
2026-03-16 06:30:00,21,12
2026-03-16 07:00:00,13,5
2026-03-16 07:15:00,4,2
2026-03-16 07:30:00,4,1
2026-03-16 07:45:00,1,0
2026-03-16 08:00:00,7,2
2026-03-16 08:15:00,23,1
2026-03-16 08:30:00,2,2
2026-03-16 08:45:00,2,7
2026-03-16 09:00:00,5,2
2026-03-16 09:15:00,5,4
2026-03-16 09:30:00,20,17
2026-03-16 10:00:00,3,9
2026-03-16 10:15:00,16,30
2026-03-16 10:30:00,5,0
2026-03-16 10:45:00,2,2
2026-03-16 11:00:00,3,3
2026-03-16 11:15:00,9,10
2026-03-16 11:30:00,17,31
2026-03-16 11:45:00,12,9
2026-03-16 12:00:00,27,13
2026-03-16 12:15:00,7,6
2026-03-16 12:30:00,7,25
2026-03-16 12:45:00,4,24
2026-03-16 13:00:00,14,11
2026-03-16 13:15:00,18,23
2026-03-16 13:30:00,32,25
2026-03-16 13:45:00,21,22
2026-03-16 14:00:00,18,10
2026-03-16 14:15:00,23,19
2026-03-16 14:30:00,33,36
2026-03-16 14:45:00,2,3
2026-03-16 15:00:00,11,11
2026-03-16 15:15:00,17,11
2026-03-16 15:30:00,21,9
2026-03-16 15:45:00,12,9
2026-03-16 16:00:00,13,4
2026-03-16 16:15:00,11,2
2026-03-16 16:30:00,21,5
2026-03-16 16:45:00,8,8
2026-03-16 17:00:00,7,14
2026-03-16 17:15:00,2,6
2026-03-16 17:30:00,19,8
2026-03-16 17:45:00,11,9
2026-03-16 18:00:00,17,4
2026-03-16 18:15:00,4,2
2026-03-16 18:30:00,15,12
2026-03-16 18:45:00,0,2
2026-03-16 19:00:00,5,4
2026-03-16 19:15:00,8,0
2026-03-16 19:30:00,6,1
2026-03-16 19:45:00,1,0
2026-03-16 20:00:00,2,0
2026-03-16 20:15:00,0,2
2026-03-16 20:30:00,9,2
2026-03-16 20:45:00,0,1
2026-03-16 21:15:00,1,1
2026-03-16 21:30:00,4,0
2026-03-16 21:45:00,1,0
2026-03-16 22:00:00,8,8
2026-03-16 22:15:00,1,10
2026-03-16 22:30:00,6,0
2026-03-16 22:45:00,0,3
2026-03-16 23:00:00,4,11
2026-03-16 23:30:00,3,0
2026-03-16 23:45:00,0,1
2026-03-17 00:00:00,0,1
2026-03-17 06:30:00,18,7
2026-03-17 06:45:00,2,1
2026-03-17 07:00:00,9,3
2026-03-17 07:15:00,6,9
2026-03-17 07:30:00,3,0
2026-03-17 07:45:00,0,2
2026-03-17 08:00:00,4,1
2026-03-17 08:15:00,15,3
2026-03-17 08:30:00,3,2
2026-03-17 09:00:00,6,3
2026-03-17 09:15:00,5,7
2026-03-17 09:30:00,7,25
2026-03-17 09:45:00,1,1
2026-03-17 10:00:00,5,5
2026-03-17 10:15:00,3,3
2026-03-17 10:30:00,16,9
2026-03-17 10:45:00,1,0
2026-03-17 11:00:00,3,2
2026-03-17 11:15:00,3,2
2026-03-17 11:30:00,11,2
2026-03-17 11:45:00,2,0
2026-03-17 12:00:00,5,3
2026-03-17 12:15:00,4,1
2026-03-17 12:30:00,6,2
2026-03-17 12:45:00,4,3
2026-03-17 13:00:00,6,8
2026-03-17 13:15:00,4,1
2026-03-17 13:30:00,8,9
2026-03-17 13:45:00,15,14
2026-03-17 14:00:00,10,3
2026-03-17 14:15:00,6,4
2026-03-17 14:30:00,24,13
2026-03-17 14:45:00,8,7
2026-03-17 15:00:00,5,5
2026-03-17 15:15:00,3,3
2026-03-17 15:30:00,9,3
2026-03-17 15:45:00,7,7
2026-03-17 16:00:00,12,13
2026-03-17 16:15:00,6,2
2026-03-17 16:30:00,23,9
2026-03-17 17:00:00,9,8
2026-03-17 17:15:00,3,0
2026-03-17 17:30:00,22,5
2026-03-17 17:45:00,14,5
2026-03-17 18:00:00,11,3
2026-03-17 18:15:00,4,4
2026-03-17 18:30:00,23,8
2026-03-17 19:00:00,15,12
2026-03-17 19:15:00,20,9
2026-03-17 19:30:00,33,39
2026-03-17 20:00:00,4,3
2026-03-17 20:15:00,10,6
2026-03-17 20:30:00,6,2
2026-03-17 20:45:00,1,0
2026-03-17 21:00:00,3,2
2026-03-17 21:15:00,3,1
2026-03-17 21:30:00,11,0
2026-03-17 21:45:00,0,2
2026-03-17 22:00:00,4,4
2026-03-17 22:15:00,0,1
2026-03-17 22:30:00,8,0
2026-03-17 22:45:00,3,0
2026-03-17 23:00:00,6,0
2026-03-17 23:15:00,1,0
2026-03-17 23:30:00,10,1
2026-03-18 00:30:00,0,4
2026-03-18 01:30:00,0,2
2026-03-18 02:45:00,0,2
2026-03-18 04:15:00,0,1
2026-03-18 06:15:00,8,7
2026-03-18 06:30:00,15,4
2026-03-18 06:45:00,5,7
2026-03-18 07:00:00,9,2
2026-03-18 07:15:00,7,2
2026-03-18 07:30:00,4,1
2026-03-18 07:45:00,0,1
2026-03-18 08:00:00,2,2
2026-03-18 08:15:00,18,3
2026-03-18 08:30:00,6,3
2026-03-18 08:45:00,3,3
2026-03-18 09:00:00,8,7
2026-03-18 09:30:00,4,7
2026-03-18 09:45:00,0,6
2026-03-18 10:00:00,4,5
2026-03-18 10:15:00,11,18
2026-03-18 10:30:00,16,21
2026-03-18 10:45:00,1,4
2026-03-18 11:00:00,7,11
2026-03-18 11:15:00,23,14
2026-03-18 11:30:00,31,16
2026-03-18 11:45:00,1,6
2026-03-18 12:00:00,5,4
2026-03-18 12:15:00,6,5
2026-03-18 12:30:00,25,18
2026-03-18 12:45:00,2,2
2026-03-18 13:00:00,9,7
2026-03-18 13:15:00,7,0
2026-03-18 13:30:00,9,4
2026-03-18 13:45:00,4,3
2026-03-18 14:00:00,14,12
2026-03-18 14:15:00,12,9
2026-03-18 14:30:00,22,32
2026-03-18 14:45:00,12,10
2026-03-18 15:00:00,2,3
2026-03-18 15:15:00,24,19
2026-03-18 15:30:00,26,16
2026-03-18 15:45:00,3,0
2026-03-18 16:00:00,13,14
2026-03-18 16:15:00,8,6
2026-03-18 16:30:00,22,17
2026-03-18 16:45:00,5,19
2026-03-18 17:00:00,9,2
2026-03-18 17:15:00,14,9
2026-03-18 17:30:00,14,0
2026-03-18 17:45:00,5,11
2026-03-18 18:00:00,24,8
2026-03-18 18:15:00,2,1
2026-03-18 18:30:00,22,28
2026-03-18 18:45:00,10,10
2026-03-18 19:00:00,4,4
2026-03-18 19:15:00,14,7
2026-03-18 19:30:00,16,10
2026-03-18 19:45:00,1,1
2026-03-18 20:00:00,2,1
2026-03-18 20:15:00,1,13
2026-03-18 20:30:00,14,6
2026-03-18 20:45:00,0,2
2026-03-18 21:00:00,1,0
2026-03-18 21:15:00,2,1
2026-03-18 21:30:00,14,1
2026-03-18 21:45:00,0,2
2026-03-18 22:00:00,50,0
2026-03-18 22:15:00,2,0
2026-03-18 22:30:00,7,7
2026-03-18 22:45:00,2,1
2026-03-18 23:00:00,6,1
2026-03-18 23:15:00,2,1
2026-03-18 23:30:00,5,0
2026-03-19 03:15:00,0,3
2026-03-19 06:15:00,2,6
2026-03-19 06:30:00,28,13
2026-03-19 06:45:00,4,3
2026-03-19 07:00:00,7,1
2026-03-19 07:15:00,7,2
2026-03-19 07:30:00,9,0
2026-03-19 07:45:00,1,0
2026-03-19 08:00:00,4,3
2026-03-19 08:15:00,20,4
2026-03-19 08:30:00,2,10
2026-03-19 08:45:00,2,1
2026-03-19 09:00:00,6,3
2026-03-19 09:15:00,6,6
2026-03-19 09:30:00,4,0
2026-03-19 09:45:00,0,3
2026-03-19 10:00:00,1,2
2026-03-19 10:15:00,9,6
2026-03-19 10:30:00,22,15
2026-03-19 10:45:00,4,3
2026-03-19 11:00:00,7,12
2026-03-19 11:15:00,1,52
2026-03-19 11:30:00,19,18
2026-03-19 11:45:00,13,17
2026-03-19 12:00:00,14,6
2026-03-19 12:15:00,12,12
2026-03-19 12:30:00,17,11
2026-03-19 12:45:00,4,9
2026-03-19 13:00:00,7,9
2026-03-19 13:15:00,27,25
2026-03-19 13:30:00,19,13
2026-03-19 13:45:00,22,14
2026-03-19 14:00:00,32,17
2026-03-19 14:15:00,24,23
2026-03-19 14:30:00,26,22
2026-03-19 14:45:00,10,18
2026-03-19 15:00:00,16,16
2026-03-19 15:15:00,30,21
2026-03-19 15:30:00,41,25
2026-03-19 15:45:00,19,12
2026-03-19 16:00:00,43,25
2026-03-19 16:15:00,15,22
2026-03-19 16:30:00,42,37
2026-03-19 16:45:00,8,6
2026-03-19 17:00:00,32,39
2026-03-19 17:15:00,22,17
2026-03-19 17:30:00,38,28
2026-03-19 17:45:00,25,11
2026-03-19 18:00:00,27,20
2026-03-19 18:15:00,2,0
2026-03-19 18:30:00,35,26
2026-03-19 18:45:00,10,9
2026-03-19 19:00:00,10,10
2026-03-19 19:15:00,21,17
2026-03-19 19:30:00,27,16
2026-03-19 19:45:00,2,5
2026-03-19 20:00:00,2,2
2026-03-19 20:15:00,4,2
2026-03-19 20:30:00,19,5
2026-03-19 20:45:00,2,4
2026-03-19 21:00:00,3,3
2026-03-19 21:15:00,13,2
2026-03-19 21:30:00,15,5
2026-03-19 22:00:00,6,4
2026-03-19 22:15:00,3,1
2026-03-19 22:30:00,7,4
2026-03-19 23:00:00,0,1
2026-03-19 23:15:00,1,0
2026-03-19 23:30:00,4,0
2026-03-20 00:00:00,0,2
2026-03-20 01:45:00,0,5
2026-03-20 06:30:00,9,0
2026-03-20 06:45:00,2,0
2026-03-20 07:00:00,1,0
2026-03-20 07:15:00,4,4
2026-03-20 07:30:00,6,10
2026-03-20 08:00:00,1,0
2026-03-20 08:15:00,16,1
2026-03-20 08:30:00,2,0
2026-03-20 08:45:00,1,0
2026-03-20 09:00:00,5,0
2026-03-20 09:15:00,3,1
2026-03-20 09:30:00,6,2
2026-03-20 10:00:00,1,0
2026-03-20 10:30:00,7,0
2026-03-20 10:45:00,1,10
2026-03-20 11:00:00,8,3
2026-03-20 11:15:00,5,2
2026-03-20 11:30:00,15,12
2026-03-20 11:45:00,1,1
2026-03-20 12:00:00,8,1
2026-03-20 12:15:00,10,9
2026-03-20 12:30:00,8,1
2026-03-20 12:45:00,1,3
2026-03-20 13:00:00,1,0
2026-03-20 13:15:00,2,2
2026-03-20 13:30:00,9,13
2026-03-20 13:45:00,7,12
2026-03-20 14:00:00,9,22
2026-03-20 14:15:00,5,2
2026-03-20 14:30:00,9,6
2026-03-20 14:45:00,7,4
2026-03-20 15:00:00,7,4
2026-03-20 15:15:00,22,16
2026-03-20 15:30:00,26,15
2026-03-20 15:45:00,5,4
2026-03-20 16:00:00,24,6
2026-03-20 16:15:00,10,7
2026-03-20 16:30:00,18,16
2026-03-20 16:45:00,8,7
2026-03-20 17:00:00,12,13
2026-03-20 17:15:00,7,13
2026-03-20 17:30:00,27,10
2026-03-20 17:45:00,8,4
2026-03-20 18:00:00,25,17
2026-03-20 18:15:00,10,10
2026-03-20 18:30:00,35,20
2026-03-20 18:45:00,5,0
2026-03-20 19:15:00,6,4
2026-03-20 19:30:00,24,15
2026-03-20 19:45:00,3,1
2026-03-20 20:00:00,5,4
2026-03-20 20:15:00,10,11
2026-03-20 20:30:00,2,0
2026-03-20 20:45:00,5,7
2026-03-20 21:00:00,5,1
2026-03-20 21:15:00,11,7
2026-03-20 21:30:00,18,5
2026-03-20 21:45:00,0,3
2026-03-20 22:00:00,1,1
2026-03-20 22:15:00,10,0
2026-03-20 22:30:00,7,3
2026-03-20 22:45:00,2,1
2026-03-20 23:00:00,4,0
2026-03-20 23:15:00,3,2
2026-03-20 23:30:00,2,0
2026-03-21 00:00:00,0,4
2026-03-21 00:15:00,0,3
2026-03-21 00:45:00,0,1
2026-03-21 01:00:00,0,1
2026-03-21 01:45:00,0,2
2026-03-21 02:30:00,0,1
2026-03-21 06:15:00,1,2
2026-03-21 06:30:00,3,2
2026-03-21 06:45:00,1,0
2026-03-21 07:00:00,4,2
2026-03-21 07:15:00,5,7
2026-03-21 07:30:00,2,0
2026-03-21 07:45:00,0,3
2026-03-21 08:00:00,8,6
2026-03-21 08:15:00,12,8
2026-03-21 08:30:00,3,3
2026-03-21 08:45:00,21,13
2026-03-21 09:00:00,40,25
2026-03-21 09:15:00,9,3
2026-03-21 09:30:00,30,27
2026-03-21 09:45:00,0,1
2026-03-21 10:00:00,10,8
2026-03-21 10:15:00,15,12
2026-03-21 10:30:00,69,62
2026-03-21 10:45:00,16,23
2026-03-21 11:00:00,23,22
2026-03-21 11:15:00,34,30
2026-03-21 11:30:00,46,56
2026-03-21 11:45:00,25,25
2026-03-21 12:00:00,21,14
2026-03-21 12:15:00,36,31
2026-03-21 12:30:00,36,26
2026-03-21 12:45:00,18,32
2026-03-21 13:00:00,16,24
2026-03-21 13:15:00,39,31
2026-03-21 13:30:00,64,39
2026-03-21 13:45:00,31,27
2026-03-21 14:00:00,41,29
2026-03-21 14:15:00,23,30
2026-03-21 14:30:00,46,34
2026-03-21 14:45:00,23,23
2026-03-21 15:00:00,25,24
2026-03-21 15:15:00,28,26
2026-03-21 15:30:00,42,32
2026-03-21 15:45:00,45,39
2026-03-21 16:00:00,22,19
2026-03-21 16:15:00,28,24
2026-03-21 16:30:00,32,19
2026-03-21 16:45:00,26,26
2026-03-21 17:00:00,18,23
2026-03-21 17:15:00,42,37
2026-03-21 17:30:00,64,56
2026-03-21 17:45:00,10,8
2026-03-21 18:00:00,35,30
2026-03-21 18:15:00,2,4
2026-03-21 18:30:00,25,18
2026-03-21 18:45:00,3,4
2026-03-21 19:00:00,20,16
2026-03-21 19:15:00,15,10
2026-03-21 19:30:00,21,12
2026-03-21 19:45:00,7,10
2026-03-21 20:00:00,8,7
2026-03-21 20:15:00,9,4
2026-03-21 20:30:00,6,1
2026-03-21 21:00:00,8,4
2026-03-21 21:15:00,2,0
2026-03-21 21:30:00,21,16
2026-03-21 22:00:00,2,0
2026-03-21 22:15:00,4,4
2026-03-21 22:30:00,15,3
2026-03-21 22:45:00,2,3
2026-03-21 23:00:00,11,6
2026-03-21 23:15:00,3,0
2026-03-21 23:30:00,2,0
2026-03-21 23:45:00,0,1
2026-03-22 00:00:00,0,1
2026-03-22 00:15:00,0,2
2026-03-22 02:45:00,0,1
2026-03-22 06:30:00,8,8
2026-03-22 08:00:00,1,1
2026-03-22 08:15:00,0,1
2026-03-22 08:30:00,0,1
2026-03-22 08:45:00,1,2
2026-03-22 09:00:00,6,5
2026-03-22 09:15:00,7,5
2026-03-22 09:30:00,13,18
2026-03-22 10:15:00,4,3
2026-03-22 10:30:00,15,7
2026-03-22 10:45:00,1,0
2026-03-22 11:00:00,0,1
2026-03-22 11:15:00,8,1
2026-03-22 11:30:00,3,5
2026-03-22 11:45:00,1,1
2026-03-22 12:00:00,4,10
2026-03-22 12:15:00,3,0
2026-03-22 12:30:00,13,6
2026-03-22 13:00:00,6,5
2026-03-22 13:15:00,2,2
2026-03-22 13:30:00,32,24
2026-03-22 13:45:00,10,10
2026-03-22 14:00:00,14,8
2026-03-22 14:15:00,7,9
2026-03-22 14:30:00,21,8
2026-03-22 14:45:00,12,19
2026-03-22 15:00:00,9,8
2026-03-22 15:15:00,15,6
2026-03-22 15:30:00,31,32
2026-03-22 15:45:00,13,12
2026-03-22 16:00:00,27,54
2026-03-22 16:15:00,11,11
2026-03-22 16:30:00,45,31
2026-03-22 16:45:00,12,12
2026-03-22 17:00:00,22,21
2026-03-22 17:15:00,25,25
2026-03-22 17:30:00,26,21
2026-03-22 17:45:00,12,9
2026-03-22 18:00:00,30,28
2026-03-22 18:15:00,10,10
2026-03-22 18:30:00,17,11
2026-03-22 18:45:00,20,19
2026-03-22 19:00:00,4,2
2026-03-22 19:15:00,3,2
2026-03-22 19:30:00,36,31
2026-03-22 20:00:00,6,7
2026-03-22 20:15:00,6,0
2026-03-22 20:30:00,26,18
2026-03-22 21:00:00,1,2
2026-03-22 21:15:00,1,0
2026-03-22 21:30:00,5,4
2026-03-22 21:45:00,1,0
2026-03-22 22:00:00,5,5
2026-03-22 22:15:00,5,2
2026-03-22 22:30:00,1,0
2026-03-22 22:45:00,0,1
2026-03-22 23:00:00,4,2
2026-03-22 23:30:00,10,7
2026-03-23 00:00:00,0,2
2026-03-23 02:15:00,0,2
2026-03-23 06:15:00,7,7
2026-03-23 06:30:00,9,0
2026-03-23 06:45:00,1,0
2026-03-23 07:00:00,8,0
2026-03-23 07:15:00,8,4
2026-03-23 07:30:00,16,0
2026-03-23 08:00:00,5,2
2026-03-23 08:15:00,42,20
2026-03-23 08:30:00,3,1
2026-03-23 08:45:00,2,1
2026-03-23 09:00:00,10,5
2026-03-23 09:15:00,12,10
2026-03-23 09:30:00,5,3
2026-03-23 10:00:00,9,13
2026-03-23 10:15:00,7,15
2026-03-23 10:30:00,12,8
2026-03-23 10:45:00,64,64
2026-03-23 11:00:00,122,122
2026-03-23 11:15:00,7,3
2026-03-23 11:30:00,19,49
2026-03-23 11:45:00,9,2
2026-03-23 12:00:00,6,3
2026-03-23 12:15:00,12,12
2026-03-23 12:30:00,9,7
2026-03-23 12:45:00,4,3
2026-03-23 13:00:00,7,18
2026-03-23 13:15:00,11,30
2026-03-23 13:30:00,18,9
2026-03-23 13:45:00,8,7
2026-03-23 14:00:00,12,5
2026-03-23 14:15:00,15,9
2026-03-23 14:30:00,22,6
2026-03-23 14:45:00,7,5
2026-03-23 15:00:00,7,7
2026-03-23 15:15:00,9,8
2026-03-23 15:30:00,25,7
2026-03-23 15:45:00,16,18
2026-03-23 16:00:00,26,9
2026-03-23 16:15:00,7,11
2026-03-23 16:30:00,37,20
2026-03-23 16:45:00,15,9
2026-03-23 17:00:00,11,11
2026-03-23 17:15:00,8,4
2026-03-23 17:30:00,38,35
2026-03-23 17:45:00,8,6
2026-03-23 18:00:00,20,9
2026-03-23 18:15:00,7,14
2026-03-23 18:30:00,14,15
2026-03-23 18:45:00,2,0
2026-03-23 19:00:00,5,4
2026-03-23 19:15:00,9,7
2026-03-23 19:30:00,23,13
2026-03-23 19:45:00,3,2
2026-03-23 20:00:00,2,0
2026-03-23 20:15:00,7,4
2026-03-23 20:30:00,8,0
2026-03-23 21:00:00,6,8
2026-03-23 21:15:00,2,3
2026-03-23 21:30:00,12,6
2026-03-23 21:45:00,0,56
2026-03-23 22:00:00,5,0
2026-03-23 22:15:00,2,0
2026-03-23 22:30:00,4,3
2026-03-23 22:45:00,1,0
2026-03-23 23:00:00,1,0
2026-03-23 23:15:00,0,2
2026-03-23 23:30:00,1,0
2026-03-24 06:00:00,0,1
2026-03-24 06:15:00,8,7
2026-03-24 06:30:00,15,9
2026-03-24 06:45:00,2,0
2026-03-24 07:00:00,9,1
2026-03-24 07:15:00,2,0
2026-03-24 07:30:00,29,6
2026-03-24 07:45:00,1,1
2026-03-24 08:00:00,12,1
2026-03-24 08:15:00,30,14
2026-03-24 08:30:00,6,12
2026-03-24 08:45:00,9,5
2026-03-24 09:00:00,10,6
2026-03-24 09:15:00,7,3
2026-03-24 09:30:00,12,7
2026-03-24 09:45:00,5,5
2026-03-24 10:00:00,8,9
2026-03-24 10:15:00,8,15
2026-03-24 10:30:00,26,30
2026-03-24 10:45:00,129,128
2026-03-24 11:00:00,10,15
2026-03-24 11:15:00,9,6
2026-03-24 11:30:00,22,14
2026-03-24 11:45:00,7,6
2026-03-24 12:00:00,16,10
2026-03-24 12:15:00,18,25
2026-03-24 12:30:00,18,11
2026-03-24 12:45:00,9,8
2026-03-24 13:00:00,16,20
2026-03-24 13:15:00,19,23
2026-03-24 13:30:00,29,13
2026-03-24 13:45:00,7,6
2026-03-24 14:00:00,17,23
2026-03-24 14:15:00,15,5
2026-03-24 14:30:00,17,10
2026-03-24 14:45:00,3,5
2026-03-24 15:00:00,6,5
2026-03-24 15:15:00,3,3
2026-03-24 15:30:00,31,9
2026-03-24 15:45:00,8,7
2026-03-24 16:00:00,21,5
2026-03-24 16:15:00,11,9
2026-03-24 16:30:00,21,5
2026-03-24 16:45:00,8,7
2026-03-24 17:00:00,8,4
2026-03-24 17:15:00,11,6
2026-03-24 17:30:00,41,20
2026-03-24 17:45:00,8,6
2026-03-24 18:00:00,10,9
2026-03-24 18:15:00,12,10
2026-03-24 18:30:00,51,33
2026-03-24 18:45:00,2,0
2026-03-24 19:00:00,13,31
2026-03-24 19:15:00,8,14
2026-03-24 19:30:00,19,4
2026-03-24 19:45:00,1,1
2026-03-24 20:00:00,3,1
2026-03-24 20:15:00,5,10
2026-03-24 20:30:00,13,3
2026-03-24 21:00:00,5,7
2026-03-24 21:15:00,2,4
2026-03-24 21:30:00,8,3
2026-03-24 21:45:00,1,0
2026-03-24 22:00:00,3,0
2026-03-24 22:15:00,6,3
2026-03-24 22:30:00,6,11
2026-03-24 22:45:00,3,3
2026-03-24 23:00:00,5,2
2026-03-24 23:30:00,3,3
2026-03-25 01:45:00,0,3
2026-03-25 06:15:00,8,8
2026-03-25 06:30:00,28,22
2026-03-25 06:45:00,4,0
2026-03-25 07:00:00,10,6
2026-03-25 07:15:00,6,4
2026-03-25 07:30:00,25,0
2026-03-25 07:45:00,3,2
2026-03-25 08:00:00,8,2
2026-03-25 08:15:00,34,16
2026-03-25 08:30:00,4,0
2026-03-25 08:45:00,5,6
2026-03-25 09:00:00,7,22
2026-03-25 09:15:00,1,5
2026-03-25 09:30:00,16,8
2026-03-25 09:45:00,4,5
2026-03-25 10:00:00,3,3
2026-03-25 10:15:00,4,4
2026-03-25 10:30:00,20,19
2026-03-25 10:45:00,2,5
2026-03-25 11:00:00,7,15
2026-03-25 11:15:00,20,20
2026-03-25 11:30:00,50,38
2026-03-25 11:45:00,11,14
2026-03-25 12:00:00,23,10
2026-03-25 12:15:00,16,10
2026-03-25 12:30:00,30,23
2026-03-25 12:45:00,13,14
2026-03-25 13:00:00,7,1
2026-03-25 13:15:00,15,11
2026-03-25 13:30:00,10,15
2026-03-25 13:45:00,7,7
2026-03-25 14:00:00,26,21
2026-03-25 14:15:00,22,15
2026-03-25 14:30:00,19,9
2026-03-25 14:45:00,22,23
2026-03-25 15:00:00,11,10
2026-03-25 15:15:00,18,19
2026-03-25 15:30:00,29,4
2026-03-25 15:45:00,5,6
2026-03-25 16:00:00,26,29
2026-03-25 16:15:00,15,8
2026-03-25 16:30:00,28,11
2026-03-25 16:45:00,5,2
2026-03-25 17:00:00,1,0
2026-03-25 17:15:00,20,11
2026-03-25 17:30:00,21,15
2026-03-25 17:45:00,11,9
2026-03-25 18:00:00,27,2
2026-03-25 18:15:00,6,14
2026-03-25 18:30:00,29,22
2026-03-25 18:45:00,5,5
2026-03-25 19:00:00,2,5
2026-03-25 19:15:00,11,14
2026-03-25 19:30:00,20,9
2026-03-25 19:45:00,6,5
2026-03-25 20:00:00,9,6
2026-03-25 20:15:00,6,0
2026-03-25 20:30:00,17,28
2026-03-25 20:45:00,0,3
2026-03-25 21:00:00,5,5
2026-03-25 21:15:00,3,1
2026-03-25 21:30:00,28,6
2026-03-25 21:45:00,2,2
2026-03-25 22:00:00,3,0
2026-03-25 22:15:00,2,0
2026-03-25 22:30:00,4,0
2026-03-25 22:45:00,1,2
2026-03-25 23:00:00,5,0
2026-03-25 23:15:00,1,0
2026-03-25 23:30:00,4,0
2026-03-26 01:00:00,0,1
2026-03-26 06:15:00,0,3
2026-03-26 06:30:00,20,7
2026-03-26 06:45:00,1,0
2026-03-26 07:00:00,4,0
2026-03-26 07:15:00,3,1
2026-03-26 07:30:00,27,0
2026-03-26 07:45:00,2,5
2026-03-26 08:00:00,4,1
2026-03-26 08:15:00,44,19
2026-03-26 08:30:00,3,1
2026-03-26 08:45:00,6,7
2026-03-26 09:00:00,12,17
2026-03-26 09:15:00,131,128
2026-03-26 09:30:00,4,1
2026-03-26 09:45:00,5,3
2026-03-26 10:00:00,4,4
2026-03-26 10:15:00,128,128
2026-03-26 10:30:00,19,13
2026-03-26 10:45:00,0,3
2026-03-26 11:00:00,15,16
2026-03-26 11:15:00,18,15
2026-03-26 11:30:00,15,18
2026-03-26 11:45:00,9,8
2026-03-26 12:00:00,18,11
2026-03-26 12:15:00,15,17
2026-03-26 12:30:00,17,16
2026-03-26 12:45:00,9,7
2026-03-26 13:00:00,7,0
2026-03-26 13:15:00,6,2
2026-03-26 13:30:00,8,4
2026-03-26 14:00:00,11,5
2026-03-26 14:15:00,3,2
2026-03-26 14:30:00,7,16
2026-03-26 14:45:00,7,5
2026-03-26 15:00:00,5,2
2026-03-26 15:15:00,6,0
2026-03-26 15:30:00,15,14
2026-03-26 15:45:00,3,0
2026-03-26 16:00:00,17,8
2026-03-26 16:15:00,7,3
2026-03-26 16:30:00,19,13
2026-03-26 16:45:00,1,1
2026-03-26 17:00:00,3,23
2026-03-26 17:15:00,4,0
2026-03-26 17:30:00,21,5
2026-03-26 17:45:00,10,5
2026-03-26 18:00:00,24,4
2026-03-26 18:15:00,5,10
2026-03-26 18:30:00,12,3
2026-03-26 19:00:00,7,6
2026-03-26 19:15:00,7,5
2026-03-26 19:30:00,9,4
2026-03-26 19:45:00,1,6
2026-03-26 20:00:00,1,1
2026-03-26 20:15:00,4,2
2026-03-26 20:30:00,8,24
2026-03-26 20:45:00,0,3
2026-03-26 21:00:00,0,2
2026-03-26 21:15:00,7,5
2026-03-26 21:30:00,9,3
2026-03-26 21:45:00,1,0
2026-03-26 22:00:00,2,2
2026-03-26 22:15:00,6,2
2026-03-26 22:30:00,11,3
2026-03-26 22:45:00,1,0
2026-03-26 23:00:00,2,0
2026-03-26 23:15:00,0,1
2026-03-26 23:30:00,2,2
2026-03-26 23:45:00,0,1
2026-03-27 03:00:00,0,1
2026-03-27 05:15:00,0,2
2026-03-27 06:30:00,13,5
2026-03-27 06:45:00,4,3
2026-03-27 07:00:00,7,6
2026-03-27 07:15:00,5,2
2026-03-27 07:30:00,13,0
2026-03-27 07:45:00,3,5
2026-03-27 08:00:00,3,0
2026-03-27 08:15:00,34,15
2026-03-27 08:30:00,4,0
2026-03-27 08:45:00,3,4
2026-03-27 09:00:00,23,6
2026-03-27 09:15:00,2,23
2026-03-27 09:30:00,12,5
2026-03-27 09:45:00,4,5
2026-03-27 10:00:00,5,3
2026-03-27 10:15:00,7,7
2026-03-27 10:30:00,24,30
2026-03-27 10:45:00,18,18
2026-03-27 11:00:00,8,8
2026-03-27 11:15:00,13,20
2026-03-27 11:30:00,27,23
2026-03-27 11:45:00,11,7
2026-03-27 12:00:00,22,20
2026-03-27 12:15:00,31,27
2026-03-27 12:30:00,31,26
2026-03-27 12:45:00,4,4
2026-03-27 13:00:00,17,15
2026-03-27 13:15:00,31,37
2026-03-27 13:30:00,45,57
2026-03-27 13:45:00,26,21
2026-03-27 14:00:00,27,22
2026-03-27 14:15:00,4,9
2026-03-27 14:30:00,33,31
2026-03-27 14:45:00,16,20
2026-03-27 15:00:00,20,25
2026-03-27 15:15:00,35,32
2026-03-27 15:30:00,60,44
2026-03-27 15:45:00,10,27
2026-03-27 16:00:00,53,30
2026-03-27 16:15:00,14,19
2026-03-27 16:30:00,40,34
2026-03-27 16:45:00,20,26
2026-03-27 17:00:00,17,22
2026-03-27 17:15:00,7,6
2026-03-27 17:30:00,27,23
2026-03-27 17:45:00,35,105
2026-03-27 18:00:00,34,18
2026-03-27 18:15:00,22,23
2026-03-27 18:30:00,56,33
2026-03-27 18:45:00,7,4
2026-03-27 19:00:00,20,15
2026-03-27 19:15:00,10,10
2026-03-27 19:30:00,51,35
2026-03-27 20:00:00,7,4
2026-03-27 20:15:00,16,9
2026-03-27 20:30:00,12,1
2026-03-27 20:45:00,2,4
2026-03-27 21:15:00,8,3
2026-03-27 21:30:00,13,15
2026-03-27 21:45:00,0,2
2026-03-27 22:00:00,5,4
2026-03-27 22:15:00,5,4
2026-03-27 22:30:00,10,6
2026-03-27 23:00:00,7,12
2026-03-27 23:15:00,2,0
2026-03-27 23:30:00,10,1
2026-03-27 23:45:00,0,4
2026-03-28 04:15:00,0,1
2026-03-28 06:30:00,1,1
2026-03-28 06:45:00,2,1
2026-03-28 07:00:00,4,3
2026-03-28 07:15:00,2,2
2026-03-28 07:30:00,2,3
2026-03-28 08:00:00,5,3
2026-03-28 08:15:00,5,2
2026-03-28 08:30:00,5,6
2026-03-28 08:45:00,9,4
2026-03-28 09:00:00,7,2
2026-03-28 09:15:00,18,7
2026-03-28 09:30:00,20,13
2026-03-28 09:45:00,1,4
2026-03-28 10:00:00,6,7
2026-03-28 10:15:00,11,28
2026-03-28 10:30:00,36,18
2026-03-28 11:00:00,12,11
2026-03-28 11:15:00,22,24
2026-03-28 11:30:00,33,23
2026-03-28 11:45:00,21,22
2026-03-28 12:00:00,23,19
2026-03-28 12:15:00,32,32
2026-03-28 12:30:00,39,33
2026-03-28 12:45:00,10,15
2026-03-28 13:00:00,19,18
2026-03-28 13:15:00,20,21
2026-03-28 13:30:00,44,41
2026-03-28 13:45:00,14,11
2026-03-28 14:00:00,36,23
2026-03-28 14:15:00,24,22
2026-03-28 14:30:00,49,42
2026-03-28 14:45:00,8,7
2026-03-28 15:00:00,22,23
2026-03-28 15:15:00,28,26
2026-03-28 15:30:00,47,32
2026-03-28 15:45:00,27,24
2026-03-28 16:00:00,23,15
2026-03-28 16:15:00,16,16
2026-03-28 16:30:00,39,42
2026-03-28 16:45:00,3,3
2026-03-28 17:00:00,13,23
2026-03-28 17:15:00,15,17
2026-03-28 17:30:00,43,21
2026-03-28 17:45:00,9,19
2026-03-28 18:00:00,18,27
2026-03-28 18:15:00,14,9
2026-03-28 18:30:00,41,33
2026-03-28 18:45:00,7,3
2026-03-28 19:00:00,15,14
2026-03-28 19:15:00,23,19
2026-03-28 19:30:00,25,19
2026-03-28 19:45:00,1,0
2026-03-28 20:00:00,1,0
2026-03-28 20:15:00,3,3
2026-03-28 20:30:00,24,22
2026-03-28 20:45:00,3,1
2026-03-28 21:00:00,1,2
2026-03-28 21:15:00,3,0
2026-03-28 21:30:00,16,26
2026-03-28 21:45:00,2,0
2026-03-28 22:15:00,1,4
2026-03-28 22:30:00,8,5
2026-03-28 22:45:00,3,1
2026-03-28 23:00:00,5,2
2026-03-28 23:15:00,2,3
2026-03-28 23:30:00,7,2
2026-03-28 23:45:00,2,2
2026-03-29 00:00:00,0,3
2026-03-29 05:30:00,0,1
2026-03-29 06:15:00,0,1
2026-03-29 06:30:00,9,9
2026-03-29 06:45:00,1,25
2026-03-29 07:00:00,0,4
2026-03-29 07:15:00,0,2
2026-03-29 07:30:00,6,2
2026-03-29 08:15:00,1,1
2026-03-29 08:30:00,4,0
2026-03-29 08:45:00,0,3
2026-03-29 09:00:00,12,37
2026-03-29 09:15:00,5,6
2026-03-29 09:30:00,15,13
2026-03-29 10:00:00,4,8
2026-03-29 10:15:00,16,12
2026-03-29 10:30:00,43,44
2026-03-29 10:45:00,20,28
2026-03-29 11:00:00,6,38
2026-03-29 11:15:00,43,72
2026-03-29 11:30:00,73,50
2026-03-29 11:45:00,13,9
2026-03-29 12:00:00,40,47
2026-03-29 12:15:00,31,37
2026-03-29 12:30:00,74,52
2026-03-29 12:45:00,13,19
2026-03-29 13:00:00,47,53
2026-03-29 13:15:00,53,51
2026-03-29 13:30:00,65,56
2026-03-29 13:45:00,46,49
2026-03-29 14:00:00,60,36
2026-03-29 14:15:00,57,63
2026-03-29 14:30:00,54,67
2026-03-29 14:45:00,29,32
2026-03-29 15:00:00,32,40
2026-03-29 15:15:00,41,44
2026-03-29 15:30:00,46,44
2026-03-29 15:45:00,59,48
2026-03-29 16:00:00,25,15
2026-03-29 16:15:00,41,38
2026-03-29 16:30:00,63,35
2026-03-29 16:45:00,16,19
2026-03-29 17:00:00,38,30
2026-03-29 17:15:00,30,30
2026-03-29 17:30:00,59,44
2026-03-29 17:45:00,36,34
2026-03-29 18:00:00,17,6
2026-03-29 18:15:00,25,17
2026-03-29 18:30:00,35,35
2026-03-29 18:45:00,19,21
2026-03-29 19:00:00,24,16
2026-03-29 19:15:00,39,35
2026-03-29 19:30:00,22,16
2026-03-29 19:45:00,10,9
2026-03-29 20:00:00,19,21
2026-03-29 20:15:00,9,6
2026-03-29 20:30:00,18,8
2026-03-29 20:45:00,1,0
2026-03-29 21:00:00,10,12
2026-03-29 21:30:00,15,10
2026-03-29 21:45:00,2,2
2026-03-29 22:00:00,1,0
2026-03-29 22:15:00,3,3
2026-03-29 22:30:00,3,4
2026-03-29 23:00:00,2,4
2026-03-29 23:30:00,1,0
2026-03-30 02:30:00,0,3
2026-03-30 05:45:00,0,2
2026-03-30 06:00:00,0,1
2026-03-30 06:30:00,19,11
2026-03-30 06:45:00,1,3
2026-03-30 07:00:00,7,0
2026-03-30 07:15:00,3,0
2026-03-30 07:30:00,17,4
2026-03-30 08:00:00,5,2
2026-03-30 08:15:00,35,58
2026-03-30 08:30:00,19,8
2026-03-30 08:45:00,8,12
2026-03-30 09:00:00,10,13
2026-03-30 09:15:00,14,8
2026-03-30 09:30:00,21,18
2026-03-30 09:45:00,2,4
2026-03-30 10:00:00,4,25
2026-03-30 10:15:00,25,21
2026-03-30 10:30:00,206,211
2026-03-30 10:45:00,1,8
2026-03-30 11:00:00,3,3
2026-03-30 11:15:00,1,6
2026-03-30 11:30:00,8,16
2026-03-30 11:45:00,7,12
2026-03-30 12:00:00,6,4
2026-03-30 12:15:00,1,1
2026-03-30 12:30:00,4,10
2026-03-30 12:45:00,5,1
2026-03-30 13:00:00,2,2
2026-03-30 13:15:00,15,23
2026-03-30 13:30:00,31,33
2026-03-30 13:45:00,46,40
2026-03-30 14:00:00,53,38
2026-03-30 14:15:00,42,39
2026-03-30 14:30:00,70,45
2026-03-30 14:45:00,27,30
2026-03-30 15:00:00,72,67
2026-03-30 15:15:00,59,56
2026-03-30 15:30:00,84,62
2026-03-30 15:45:00,61,45
2026-03-30 16:00:00,42,40
2026-03-30 16:15:00,65,65
2026-03-30 16:30:00,58,34
2026-03-30 16:45:00,40,39
2026-03-30 17:00:00,35,32
2026-03-30 17:15:00,73,64
2026-03-30 17:30:00,70,48
2026-03-30 17:45:00,32,39
2026-03-30 18:00:00,91,85
2026-03-30 18:15:00,64,61
2026-03-30 18:30:00,67,54
2026-03-30 18:45:00,18,14
2026-03-30 19:00:00,16,15
2026-03-30 19:15:00,29,27
2026-03-30 19:30:00,51,30
2026-03-30 19:45:00,13,13
2026-03-30 20:00:00,7,18
2026-03-30 20:15:00,13,3
2026-03-30 20:30:00,30,26
2026-03-30 20:45:00,5,5
2026-03-30 21:00:00,6,5
2026-03-30 21:15:00,10,6
2026-03-30 21:30:00,8,4
2026-03-30 22:00:00,2,2
2026-03-30 22:15:00,6,3
2026-03-30 22:30:00,13,3
2026-03-30 22:45:00,2,0
2026-03-30 23:00:00,2,2
2026-03-30 23:15:00,0,2
2026-03-30 23:30:00,4,0
2026-03-31 00:30:00,0,2
2026-03-31 05:30:00,0,4
2026-03-31 07:15:00,5,7
2026-03-31 07:30:00,31,17
2026-03-31 07:45:00,4,0
2026-03-31 08:00:00,2,3
2026-03-31 08:15:00,21,1
2026-03-31 08:30:00,2,2
2026-03-31 08:45:00,2,0
2026-03-31 09:00:00,4,1
2026-03-31 09:15:00,3,1
2026-03-31 09:30:00,5,12
2026-03-31 09:45:00,1,0
2026-03-31 10:00:00,4,15
2026-03-31 10:15:00,11,10
2026-03-31 10:30:00,15,10
2026-03-31 10:45:00,3,5
2026-03-31 11:00:00,19,55
2026-03-31 11:15:00,17,15
2026-03-31 11:30:00,23,19
2026-03-31 11:45:00,20,20
2026-03-31 12:00:00,16,75
2026-03-31 12:15:00,10,4
2026-03-31 12:30:00,15,7
2026-03-31 12:45:00,8,4
2026-03-31 13:00:00,12,12
2026-03-31 13:15:00,3,22
2026-03-31 13:30:00,12,2
2026-03-31 13:45:00,10,9
2026-03-31 14:00:00,2,5
2026-03-31 14:15:00,14,15
2026-03-31 14:30:00,16,16
2026-03-31 14:45:00,2,2
2026-03-31 15:00:00,7,7
2026-03-31 15:15:00,11,21
2026-03-31 15:30:00,30,21
2026-03-31 15:45:00,9,13
2026-03-31 16:00:00,21,16
2026-03-31 16:15:00,22,39
2026-03-31 16:30:00,13,5
2026-03-31 16:45:00,0,7
2026-03-31 17:00:00,28,18
2026-03-31 17:15:00,10,7
2026-03-31 17:30:00,11,4
2026-03-31 17:45:00,4,1
2026-03-31 18:00:00,16,8
2026-03-31 18:15:00,1,1
2026-03-31 18:30:00,17,2
2026-03-31 18:45:00,3,2
2026-03-31 19:00:00,8,3
2026-03-31 19:15:00,6,1
2026-03-31 19:30:00,11,5
2026-03-31 20:15:00,0,3
2026-03-31 20:30:00,13,6
2026-03-31 20:45:00,1,2
2026-03-31 21:00:00,1,0
2026-03-31 21:15:00,6,11
2026-03-31 21:30:00,4,1
2026-03-31 21:45:00,4,3
2026-03-31 22:15:00,5,10
2026-03-31 22:30:00,10,3
2026-03-31 23:00:00,3,0
2026-03-31 23:15:00,1,1
2026-03-31 23:30:00,4,3
2026-04-01 00:45:00,0,2
2026-04-01 06:15:00,9,9
2026-04-01 06:30:00,12,3
2026-04-01 06:45:00,1,0
2026-04-01 07:00:00,8,2
2026-04-01 07:15:00,3,3
2026-04-01 07:30:00,21,7
2026-04-01 07:45:00,3,1
2026-04-01 08:00:00,6,4
2026-04-01 08:15:00,32,19
2026-04-01 08:30:00,6,8
2026-04-01 08:45:00,5,4
2026-04-01 09:00:00,14,12
2026-04-01 09:15:00,12,9
2026-04-01 09:30:00,21,20
2026-04-01 09:45:00,0,13
2026-04-01 10:00:00,4,3
2026-04-01 10:15:00,14,16
2026-04-01 10:30:00,20,25
2026-04-01 10:45:00,13,15
2026-04-01 11:00:00,15,46
2026-04-01 11:15:00,33,30
2026-04-01 11:30:00,35,49
2026-04-01 11:45:00,28,23
2026-04-01 12:00:00,5,9
2026-04-01 12:15:00,16,12
2026-04-01 12:30:00,29,13
2026-04-01 12:45:00,53,61
2026-04-01 13:00:00,16,24
2026-04-01 13:15:00,36,32
2026-04-01 13:30:00,40,43
2026-04-01 13:45:00,27,27
2026-04-01 14:00:00,42,36
2026-04-01 14:15:00,8,13
2026-04-01 14:30:00,37,18
2026-04-01 14:45:00,20,21
2026-04-01 15:00:00,12,13
2026-04-01 15:15:00,46,57
2026-04-01 15:30:00,38,63
2026-04-01 15:45:00,16,7
2026-04-01 16:00:00,26,38
2026-04-01 16:15:00,22,26
2026-04-01 16:30:00,36,28
2026-04-01 16:45:00,6,8
2026-04-01 17:00:00,10,9
2026-04-01 17:15:00,20,27
2026-04-01 17:30:00,40,44
2026-04-01 17:45:00,6,3
2026-04-01 18:00:00,33,17
2026-04-01 18:15:00,11,8
2026-04-01 18:30:00,33,26
2026-04-01 18:45:00,1,1
2026-04-01 19:00:00,4,4
2026-04-01 19:15:00,19,16
2026-04-01 19:30:00,24,10
2026-04-01 19:45:00,6,3
2026-04-01 20:00:00,7,9
2026-04-01 20:15:00,10,7
2026-04-01 20:30:00,10,2
2026-04-01 20:45:00,3,3
2026-04-01 21:00:00,3,9
2026-04-01 21:15:00,6,2
2026-04-01 21:30:00,14,12
2026-04-01 22:00:00,1,1
2026-04-01 22:30:00,4,2
2026-04-01 23:00:00,12,17
2026-04-01 23:30:00,3,1
2026-04-02 02:30:00,0,7
2026-04-02 03:15:00,0,3
2026-04-02 04:45:00,0,21
2026-04-02 06:30:00,19,4
2026-04-02 07:00:00,7,0
2026-04-02 07:15:00,3,0
2026-04-02 07:30:00,28,20
2026-04-02 07:45:00,1,0
2026-04-02 08:00:00,1,1
2026-04-02 08:15:00,24,14
2026-04-02 08:30:00,4,0
2026-04-02 08:45:00,6,1
2026-04-02 09:00:00,7,6
2026-04-02 09:15:00,7,2
2026-04-02 09:30:00,14,6
2026-04-02 09:45:00,1,1
2026-04-02 10:00:00,5,6
2026-04-02 10:15:00,17,16
2026-04-02 10:30:00,18,20
2026-04-02 10:45:00,7,10
2026-04-02 11:00:00,7,15
2026-04-02 11:15:00,21,38
2026-04-02 11:30:00,30,23
2026-04-02 11:45:00,13,4
2026-04-02 12:00:00,8,27
2026-04-02 12:15:00,10,9
2026-04-02 12:30:00,16,15
2026-04-02 12:45:00,5,7
2026-04-02 13:00:00,11,18
2026-04-02 13:15:00,6,14
2026-04-02 13:30:00,8,4
2026-04-02 13:45:00,8,1
2026-04-02 14:00:00,5,2
2026-04-02 14:15:00,6,0
2026-04-02 14:30:00,10,1
2026-04-02 14:45:00,3,5
2026-04-02 15:00:00,5,2
2026-04-02 15:15:00,5,7
2026-04-02 15:30:00,14,3
2026-04-02 15:45:00,369,367
2026-04-02 16:00:00,23,12
2026-04-02 16:15:00,3,13
2026-04-02 16:30:00,18,12
2026-04-02 16:45:00,12,14
2026-04-02 17:00:00,8,8
2026-04-02 17:15:00,6,1
2026-04-02 17:30:00,25,6
2026-04-02 17:45:00,3,4
2026-04-02 18:00:00,11,3
2026-04-02 18:15:00,9,9
2026-04-02 18:30:00,19,8
2026-04-02 18:45:00,2,2
2026-04-02 19:00:00,5,0
2026-04-02 19:15:00,4,14
2026-04-02 19:30:00,21,12
2026-04-02 20:00:00,7,12
2026-04-02 20:15:00,4,8
2026-04-02 20:30:00,6,4
2026-04-02 21:00:00,1,8
2026-04-02 21:15:00,9,8
2026-04-02 21:30:00,10,11
2026-04-02 21:45:00,0,6
2026-04-02 22:00:00,4,5
2026-04-02 22:15:00,2,10
2026-04-02 22:30:00,16,9
2026-04-02 23:00:00,2,2
2026-04-02 23:15:00,4,9
2026-04-02 23:30:00,3,4
2026-04-03 00:00:00,0,4
2026-04-03 00:45:00,0,1
2026-04-03 01:00:00,0,2
2026-04-03 04:45:00,0,2
2026-04-03 06:30:00,3,0
2026-04-03 06:45:00,2,4
2026-04-03 07:00:00,1,1
2026-04-03 07:15:00,2,5
2026-04-03 07:30:00,4,5
2026-04-03 07:45:00,1,6
2026-04-03 08:00:00,3,10
2026-04-03 08:15:00,3,6
2026-04-03 08:30:00,6,12
2026-04-03 08:45:00,6,19
2026-04-03 09:00:00,70,26
2026-04-03 09:15:00,11,15
2026-04-03 09:30:00,52,43
2026-04-03 09:45:00,16,36
2026-04-03 10:00:00,40,41
2026-04-03 10:15:00,99,77
2026-04-03 10:30:00,115,111
2026-04-03 10:45:00,46,49
2026-04-03 11:00:00,51,67
2026-04-03 11:15:00,75,88
2026-04-03 11:30:00,171,163
2026-04-03 11:45:00,145,159
2026-04-03 12:00:00,196,178
2026-04-03 12:15:00,142,165
2026-04-03 12:30:00,230,212
2026-04-03 12:45:00,112,109
2026-04-03 13:00:00,138,158
2026-04-03 13:15:00,219,230
2026-04-03 13:30:00,187,196
2026-04-03 13:45:00,191,182
2026-04-03 14:00:00,267,235
2026-04-03 14:15:00,194,191
2026-04-03 14:30:00,275,230
2026-04-03 14:45:00,180,181
2026-04-03 15:00:00,211,214
2026-04-03 15:15:00,186,218
2026-04-03 15:30:00,265,235
2026-04-03 15:45:00,217,219
2026-04-03 16:00:00,211,195
2026-04-03 16:15:00,213,200
2026-04-03 16:30:00,161,172
2026-04-03 16:45:00,186,185
2026-04-03 17:00:00,218,230
2026-04-03 17:15:00,191,195
2026-04-03 17:30:00,147,144
2026-04-03 17:45:00,186,185
2026-04-03 18:00:00,155,128
2026-04-03 18:15:00,63,79
2026-04-03 18:30:00,42,23
2026-04-03 18:45:00,1,6
