date,tmax,tmin,precip_mm,rain_mm,snow_cm,wind_max_kmh,is_forecast
2015-05-01,15.0,5.5,0.0,0.0,0.0,14.0,0
2015-05-02,12.5,5.6,0.0,0.0,0.0,15.0,0
2015-05-03,12.6,6.5,0.0,0.0,0.0,18.1,0
2015-05-04,12.7,7.9,0.7,0.7,0.0,22.1,0
2015-05-05,8.8,5.3,0.0,0.0,0.0,12.6,0
2015-05-06,10.8,5.1,0.0,0.0,0.0,11.5,0
2015-05-07,11.9,6.1,0.0,0.0,0.0,11.7,0
2015-05-08,14.1,9.2,0.0,0.0,0.0,11.9,0
2015-05-09,16.6,10.7,0.0,0.0,0.0,13.3,0
2015-05-10,15.3,8.1,0.6,0.6,0.0,11.0,0
2015-05-11,10.8,6.5,4.8,4.8,0.0,14.4,0
2015-05-12,12.5,9.1,4.8,4.8,0.0,28.5,0
2015-05-13,8.7,6.8,0.0,0.0,0.0,24.3,0
2015-05-14,9.3,5.1,0.0,0.0,0.0,12.8,0
2015-05-15,9.1,6.9,1.8,1.8,0.0,16.0,0
2015-05-16,18.1,7.4,0.0,0.0,0.0,14.4,0
2015-05-17,10.7,8.7,0.0,0.0,0.0,12.9,0
2015-05-18,16.3,9.1,0.0,0.0,0.0,17.6,0
2015-05-19,13.6,6.9,0.0,0.0,0.0,22.9,0
2015-05-20,11.8,5.0,0.0,0.0,0.0,22.2,0
2015-05-21,13.5,8.1,0.0,0.0,0.0,14.4,0
2015-05-22,11.4,7.3,0.0,0.0,0.0,25.0,0
2015-05-23,14.4,5.3,0.0,0.0,0.0,17.4,0
2015-05-24,17.0,10.7,0.0,0.0,0.0,16.6,0
2015-05-25,18.7,10.5,0.5,0.5,0.0,23.7,0
2015-05-26,17.9,14.0,0.0,0.0,0.0,22.2,0
2015-05-27,19.1,14.9,1.9,1.9,0.0,28.7,0
2015-05-28,20.0,13.0,0.0,0.0,0.0,20.6,0
2015-05-29,16.6,11.6,0.0,0.0,0.0,15.8,0
2015-05-30,19.4,13.7,15.6,15.6,0.0,21.2,0
2015-05-31,13.3,8.2,27.3,27.3,0.0,26.4,0
2015-06-01,11.6,8.8,0.0,0.0,0.0,16.8,0
2015-06-02,12.5,9.4,0.0,0.0,0.0,11.3,0
2015-06-03,12.9,9.8,0.0,0.0,0.0,16.5,0
2015-06-04,14.1,10.0,0.0,0.0,0.0,15.5,0
2015-06-05,19.3,11.7,10.2,10.2,0.0,19.5,0
2015-06-06,15.0,11.3,0.0,0.0,0.0,20.3,0
2015-06-07,17.2,10.8,2.6,2.6,0.0,18.4,0
2015-06-08,17.5,15.8,25.3,25.3,0.0,22.2,0
2015-06-09,18.5,14.7,6.2,6.2,0.0,13.7,0
2015-06-10,21.3,14.0,0.4,0.4,0.0,29.5,0
2015-06-11,20.3,13.6,0.0,0.0,0.0,17.7,0
2015-06-12,15.3,13.1,11.8,11.8,0.0,19.4,0
2015-06-13,16.9,12.8,0.0,0.0,0.0,11.3,0
2015-06-14,15.3,14.0,14.4,14.4,0.0,14.7,0
2015-06-15,19.1,14.6,0.2,0.2,0.0,8.4,0
2015-06-16,21.6,17.3,4.8,4.8,0.0,20.9,0
2015-06-17,16.7,14.5,0.0,0.0,0.0,17.1,0
2015-06-18,21.4,13.2,1.6,1.6,0.0,14.4,0
2015-06-19,17.6,14.7,2.5,2.5,0.0,16.0,0
2015-06-20,16.5,14.0,0.0,0.0,0.0,13.5,0
2015-06-21,22.0,15.5,1.8,1.8,0.0,19.9,0
2015-06-22,20.6,15.8,1.6,1.6,0.0,18.4,0
2015-06-23,20.5,16.6,15.5,15.5,0.0,29.6,0
2015-06-24,22.0,13.8,0.0,0.0,0.0,15.9,0
2015-06-25,19.0,16.6,0.6,0.6,0.0,10.4,0
2015-06-26,18.9,16.0,0.3,0.3,0.0,12.9,0
2015-06-27,17.8,14.9,21.5,21.5,0.0,31.3,0
2015-06-28,15.3,13.3,9.2,9.2,0.0,30.1,0
2015-06-29,19.8,14.5,0.5,0.5,0.0,13.0,0
2015-06-30,18.6,16.3,2.5,2.5,0.0,18.2,0
2015-07-01,20.5,16.2,1.1,1.1,0.0,20.6,0
2015-07-02,19.4,14.2,0.0,0.0,0.0,12.8,0
2015-07-03,19.1,13.8,0.0,0.0,0.0,13.3,0
2015-07-04,21.2,15.1,0.0,0.0,0.0,8.6,0
2015-07-05,21.8,16.3,0.0,0.0,0.0,15.1,0
2015-07-06,20.8,18.5,0.0,0.0,0.0,16.3,0
2015-07-07,24.3,17.0,10.8,10.8,0.0,24.9,0
2015-07-08,18.8,15.2,0.0,0.0,0.0,20.5,0
2015-07-09,19.9,17.0,0.0,0.0,0.0,7.4,0
2015-07-10,23.7,16.0,0.0,0.0,0.0,12.1,0
2015-07-11,24.8,17.6,0.0,0.0,0.0,12.5,0
2015-07-12,23.0,18.5,0.0,0.0,0.0,13.2,0
2015-07-13,22.7,19.4,0.0,0.0,0.0,17.0,0
2015-07-14,21.6,20.2,20.0,20.0,0.0,18.2,0
2015-07-15,20.8,14.4,0.0,0.0,0.0,26.7,0
2015-07-16,19.5,16.0,0.0,0.0,0.0,13.7,0
2015-07-17,21.9,17.5,8.3,8.3,0.0,17.1,0
2015-07-18,25.7,21.0,0.4,0.4,0.0,13.8,0
2015-07-19,26.3,22.5,3.2,3.2,0.0,17.3,0
2015-07-20,25.3,19.1,0.0,0.0,0.0,17.2,0
2015-07-21,23.3,19.5,0.6,0.6,0.0,22.7,0
2015-07-22,22.5,16.9,0.0,0.0,0.0,20.5,0
2015-07-23,24.0,16.4,0.0,0.0,0.0,13.1,0
2015-07-24,25.6,16.7,0.0,0.0,0.0,9.7,0
2015-07-25,26.1,20.5,1.4,1.4,0.0,20.3,0
2015-07-26,24.4,19.0,0.0,0.0,0.0,12.0,0
2015-07-27,26.4,20.1,0.0,0.0,0.0,10.7,0
2015-07-28,26.9,20.3,0.0,0.0,0.0,9.4,0
2015-07-29,26.6,22.6,0.0,0.0,0.0,17.8,0
2015-07-30,26.5,22.5,0.3,0.3,0.0,24.5,0
2015-07-31,26.6,19.1,0.0,0.0,0.0,20.6,0
2015-08-01,24.1,18.7,0.2,0.2,0.0,17.6,0
2015-08-02,25.7,18.7,0.0,0.0,0.0,25.5,0
2015-08-03,24.7,19.4,0.6,0.6,0.0,28.4,0
2015-08-04,23.9,18.4,1.5,1.5,0.0,19.7,0
2015-08-05,22.2,16.7,0.0,0.0,0.0,20.3,0
2015-08-06,22.3,15.7,0.0,0.0,0.0,10.5,0
2015-08-07,20.6,17.6,0.0,0.0,0.0,15.6,0
2015-08-08,20.1,18.6,0.0,0.0,0.0,16.6,0
2015-08-09,21.1,17.3,0.0,0.0,0.0,13.3,0
2015-08-10,22.4,18.2,21.4,21.4,0.0,10.5,0
2015-08-11,22.6,18.9,5.4,5.4,0.0,17.9,0
2015-08-12,21.5,17.3,0.0,0.0,0.0,20.5,0
2015-08-13,23.3,15.2,0.0,0.0,0.0,17.4,0
2015-08-14,24.5,20.6,1.0,1.0,0.0,19.1,0
2015-08-15,24.6,19.9,0.4,0.4,0.0,8.1,0
2015-08-16,26.8,21.8,0.0,0.0,0.0,16.3,0
2015-08-17,27.3,21.5,0.0,0.0,0.0,14.7,0
2015-08-18,23.8,21.7,0.1,0.1,0.0,13.8,0
2015-08-19,25.6,22.2,0.0,0.0,0.0,17.2,0
2015-08-20,24.4,20.8,11.1,11.1,0.0,23.1,0
2015-08-21,21.5,17.7,0.2,0.2,0.0,15.9,0
2015-08-22,21.9,16.0,0.0,0.0,0.0,10.7,0
2015-08-23,21.9,19.2,0.0,0.0,0.0,16.9,0
2015-08-24,21.8,18.2,3.7,3.7,0.0,20.0,0
2015-08-25,19.4,16.5,0.0,0.0,0.0,13.6,0
2015-08-26,19.2,15.7,0.0,0.0,0.0,16.3,0
2015-08-27,19.3,15.5,0.3,0.3,0.0,12.9,0
2015-08-28,21.0,15.4,0.0,0.0,0.0,11.0,0
2015-08-29,21.8,17.4,0.5,0.5,0.0,8.9,0
2015-08-30,22.2,19.8,0.0,0.0,0.0,9.8,0
2015-08-31,26.2,19.8,0.0,0.0,0.0,12.7,0
2015-09-01,24.6,18.1,0.0,0.0,0.0,11.2,0
2015-09-02,26.0,18.6,0.0,0.0,0.0,8.7,0
2015-09-03,25.0,21.9,0.1,0.1,0.0,9.8,0
2015-09-04,22.6,21.0,0.0,0.0,0.0,21.3,0
2015-09-05,24.6,19.2,0.0,0.0,0.0,14.8,0
2015-09-06,26.9,21.0,0.2,0.2,0.0,11.0,0
2015-09-07,28.5,22.6,0.0,0.0,0.0,20.4,0
2015-09-08,27.0,21.5,2.8,2.8,0.0,18.9,0
2015-09-09,25.0,19.5,1.0,1.0,0.0,17.1,0
2015-09-10,20.9,16.9,0.0,0.0,0.0,12.7,0
2015-09-11,21.5,16.3,5.3,5.3,0.0,19.0,0
2015-09-12,15.8,13.9,20.6,20.6,0.0,22.1,0
2015-09-13,14.6,13.3,15.9,15.9,0.0,23.5,0
2015-09-14,21.6,12.7,0.0,0.0,0.0,17.4,0
2015-09-15,23.8,16.0,0.0,0.0,0.0,15.7,0
2015-09-16,24.5,18.0,0.0,0.0,0.0,13.3,0
2015-09-17,24.8,18.7,0.0,0.0,0.0,15.4,0
2015-09-18,23.9,19.4,0.6,0.6,0.0,18.8,0
2015-09-19,22.8,15.4,11.0,11.0,0.0,30.2,0
2015-09-20,16.9,12.8,0.0,0.0,0.0,15.6,0
2015-09-21,18.1,15.6,0.0,0.0,0.0,17.7,0
2015-09-22,19.5,15.5,0.0,0.0,0.0,11.8,0
2015-09-23,21.0,14.3,0.0,0.0,0.0,7.7,0
2015-09-24,19.6,17.2,0.0,0.0,0.0,14.6,0
2015-09-25,18.4,16.5,0.0,0.0,0.0,16.2,0
2015-09-26,16.8,14.5,0.0,0.0,0.0,16.0,0
2015-09-27,19.7,16.2,0.0,0.0,0.0,14.5,0
2015-09-28,20.7,18.5,0.1,0.1,0.0,17.4,0
2015-09-29,20.6,17.4,3.1,3.1,0.0,19.9,0
2015-09-30,17.0,13.3,0.5,0.5,0.0,24.3,0
2015-10-01,14.1,8.8,0.0,0.0,0.0,23.5,0
2015-10-02,12.1,9.2,0.0,0.0,0.0,25.5,0
2015-10-03,11.3,9.1,1.9,1.9,0.0,33.0,0
2015-10-04,13.2,11.5,0.0,0.0,0.0,24.9,0
2015-10-05,14.2,13.0,0.2,0.2,0.0,8.0,0
2015-10-06,17.0,13.5,0.6,0.6,0.0,10.0,0
2015-10-07,18.8,13.3,0.0,0.0,0.0,14.8,0
2015-10-08,13.8,11.5,0.3,0.3,0.0,18.9,0
2015-10-09,16.2,11.5,14.4,14.4,0.0,28.5,0
2015-10-10,14.8,9.3,0.0,0.0,0.0,17.1,0
2015-10-11,18.3,13.0,0.0,0.0,0.0,21.9,0
2015-10-12,18.4,14.6,0.2,0.2,0.0,24.2,0
2015-10-13,17.2,13.3,0.5,0.5,0.0,27.1,0
2015-10-14,12.8,10.4,0.0,0.0,0.0,24.1,0
2015-10-15,15.5,9.0,1.8,1.8,0.0,26.0,0
2015-10-16,12.0,6.5,0.5,0.5,0.0,23.0,0
2015-10-17,6.7,3.7,0.0,0.0,0.0,19.1,0
2015-10-18,5.8,2.7,0.1,0.1,0.0,17.4,0
2015-10-19,13.5,3.3,0.0,0.0,0.0,31.6,0
2015-10-20,15.4,11.6,6.9,6.9,0.0,24.5,0
2015-10-21,14.8,11.4,1.6,1.6,0.0,15.2,0
2015-10-22,15.7,9.9,1.7,1.7,0.0,22.7,0
2015-10-23,9.1,4.4,0.0,0.0,0.0,17.6,0
2015-10-24,14.6,8.5,10.1,10.1,0.0,26.7,0
2015-10-25,14.6,8.1,1.2,1.2,0.0,27.1,0
2015-10-26,9.0,6.0,0.0,0.0,0.0,14.3,0
2015-10-27,10.3,8.4,0.0,0.0,0.0,22.0,0
2015-10-28,13.8,9.9,48.0,48.0,0.0,32.1,0
2015-10-29,13.5,7.2,0.6,0.6,0.0,35.5,0
2015-10-30,8.9,6.7,0.0,0.0,0.0,25.5,0
2015-10-31,10.2,5.9,1.5,1.5,0.0,15.9,0
2015-11-01,13.2,9.7,4.8,4.8,0.0,32.0,0
2015-11-02,12.4,7.2,0.0,0.0,0.0,12.2,0
2015-11-03,16.9,11.1,0.0,0.0,0.0,15.0,0
2015-11-04,14.1,11.6,0.0,0.0,0.0,10.3,0
2015-11-05,15.9,12.3,0.2,0.2,0.0,13.7,0
2015-11-06,16.2,11.2,5.4,5.4,0.0,35.9,0
2015-11-07,10.9,6.1,0.3,0.3,0.0,23.8,0
2015-11-08,9.3,5.1,0.0,0.0,0.0,16.3,0
2015-11-09,9.5,4.3,0.0,0.0,0.0,8.9,0
2015-11-10,9.3,6.9,2.7,2.7,0.0,15.0,0
2015-11-11,10.6,8.2,2.0,2.0,0.0,10.1,0
2015-11-12,12.0,8.1,6.3,6.3,0.0,34.9,0
2015-11-13,9.5,4.8,0.0,0.0,0.0,33.9,0
2015-11-14,6.5,3.6,0.0,0.0,0.0,23.6,0
2015-11-15,11.8,5.4,0.0,0.0,0.0,16.0,0
2015-11-16,8.3,4.8,0.0,0.0,0.0,11.9,0
2015-11-17,9.0,5.8,0.0,0.0,0.0,24.2,0
2015-11-18,12.0,8.7,4.9,4.9,0.0,22.6,0
2015-11-19,13.7,8.6,8.4,8.4,0.0,32.8,0
2015-11-20,7.8,4.4,0.0,0.0,0.0,32.0,0
2015-11-21,6.6,3.5,4.1,3.9,0.14,20.0,0
2015-11-22,6.5,-0.4,2.9,2.3,0.42,28.7,0
2015-11-23,2.5,-1.6,0.0,0.0,0.0,15.6,0
2015-11-24,5.8,0.8,0.0,0.0,0.0,13.6,0
2015-11-25,7.4,2.0,0.0,0.0,0.0,17.1,0
2015-11-26,11.3,7.3,0.0,0.0,0.0,25.9,0
2015-11-27,12.1,2.6,5.7,5.5,0.14,27.5,0
2015-11-28,2.6,0.6,0.4,0.1,0.21,16.5,0
2015-11-29,2.8,-0.0,0.0,0.0,0.0,11.1,0
2015-11-30,4.0,2.1,0.0,0.0,0.0,16.1,0
2015-12-01,8.2,4.2,0.6,0.6,0.0,21.0,0
2015-12-02,7.7,3.3,0.0,0.0,0.0,12.8,0
2015-12-03,6.4,2.6,0.0,0.0,0.0,24.2,0
2015-12-04,6.2,3.8,0.0,0.0,0.0,18.8,0
2015-12-05,6.7,2.5,0.0,0.0,0.0,11.5,0
2015-12-06,6.0,1.6,0.0,0.0,0.0,11.6,0
2015-12-07,4.4,1.8,0.0,0.0,0.0,9.4,0
2015-12-08,6.2,3.5,0.0,0.0,0.0,14.7,0
2015-12-09,9.1,5.5,1.5,1.5,0.0,17.9,0
2015-12-10,8.9,5.3,0.0,0.0,0.0,22.3,0
2015-12-11,10.7,6.7,0.3,0.3,0.0,31.1,0
2015-12-12,7.1,5.4,0.3,0.3,0.0,10.0,0
2015-12-13,7.0,5.8,2.2,2.2,0.0,20.5,0
2015-12-14,10.9,7.1,6.4,6.4,0.0,26.3,0
2015-12-15,9.0,3.0,0.0,0.0,0.0,27.6,0
2015-12-16,6.9,2.5,0.0,0.0,0.0,20.5,0
2015-12-17,8.5,4.2,2.3,2.3,0.0,16.2,0
2015-12-18,3.9,0.6,0.0,0.0,0.0,20.9,0
2015-12-19,0.7,-1.2,0.0,0.0,0.21,32.2,0
2015-12-20,4.6,-0.7,0.0,0.0,0.0,21.8,0
2015-12-21,7.7,4.9,6.3,6.3,0.0,23.3,0
2015-12-22,9.0,6.7,1.9,1.9,0.0,15.9,0
2015-12-23,10.6,6.1,0.0,0.0,0.0,19.6,0
2015-12-24,12.7,6.1,0.4,0.4,0.0,33.7,0
2015-12-25,7.7,4.3,1.1,1.1,0.0,10.3,0
2015-12-26,5.3,2.1,0.6,0.6,0.0,24.9,0
2015-12-27,6.0,1.6,8.2,8.2,0.0,22.7,0
2015-12-28,1.5,-3.2,7.7,0.4,5.11,38.5,0
2015-12-29,6.7,0.2,17.7,12.8,3.43,41.9,0
2015-12-30,3.5,1.7,0.0,0.0,0.0,15.0,0
2015-12-31,2.8,0.7,0.0,0.0,0.0,21.6,0
2016-01-01,0.7,-1.4,0.3,0.0,0.42,28.7,0
2016-01-02,1.6,-1.3,0.0,0.0,0.0,23.7,0
2016-01-03,1.9,-5.6,0.0,0.0,0.14,25.4,0
2016-01-04,-6.5,-12.6,0.0,0.0,0.0,22.9,0
2016-01-05,-2.0,-10.8,0.0,0.0,0.0,17.6,0
2016-01-06,2.4,-1.9,0.0,0.0,0.0,18.1,0
2016-01-07,2.9,-0.4,0.0,0.0,0.0,9.2,0
2016-01-08,3.3,1.9,1.7,1.3,0.28,17.7,0
2016-01-09,6.5,3.3,4.5,4.5,0.0,17.2,0
2016-01-10,6.1,-2.5,14.2,12.9,0.98,37.4,0
2016-01-11,-2.9,-6.3,0.0,0.0,0.21,34.6,0
2016-01-12,-0.2,-6.2,3.7,0.0,2.59,31.9,0
2016-01-13,-4.8,-8.0,0.3,0.0,0.35,25.3,0
2016-01-14,-0.9,-6.4,1.0,0.0,0.98,20.3,0
2016-01-15,3.9,-0.7,2.3,2.3,0.0,20.1,0
2016-01-16,3.9,-1.5,3.9,3.3,0.42,27.5,0
2016-01-17,-0.9,-7.1,0.7,0.0,0.56,24.9,0
2016-01-18,-6.0,-8.0,0.0,0.0,0.0,27.7,0
2016-01-19,-3.0,-10.2,0.0,0.0,0.0,31.2,0
2016-01-20,-2.9,-4.8,0.0,0.0,0.0,16.9,0
2016-01-21,-2.6,-6.6,0.0,0.0,0.0,11.4,0
2016-01-22,-2.2,-6.4,0.0,0.0,0.0,17.0,0
2016-01-23,-4.3,-8.0,0.0,0.0,0.0,20.6,0
2016-01-24,-0.1,-7.4,0.6,0.0,0.42,16.5,0
2016-01-25,3.3,-1.2,0.0,0.0,0.0,17.3,0
2016-01-26,5.4,1.6,2.0,1.6,0.28,31.2,0
2016-01-27,1.4,-0.9,0.4,0.1,0.35,22.3,0
2016-01-28,2.5,-0.7,1.2,0.1,0.98,29.8,0
2016-01-29,1.4,-6.0,0.0,0.0,0.0,28.6,0
2016-01-30,4.9,-6.0,0.0,0.0,0.0,23.0,0
2016-01-31,7.7,2.2,1.8,1.8,0.0,26.8,0
2016-02-01,7.9,1.8,0.0,0.0,0.0,29.0,0
2016-02-02,2.4,0.0,0.8,0.6,0.14,30.3,0
2016-02-03,9.3,2.6,10.3,10.2,0.07,31.0,0
2016-02-04,4.0,-0.5,0.0,0.0,0.0,19.4,0
2016-02-05,1.7,-1.6,0.0,0.0,0.07,14.0,0
2016-02-06,3.2,-0.1,0.0,0.0,0.21,22.9,0
2016-02-07,4.1,0.3,0.0,0.0,0.0,18.4,0
2016-02-08,3.4,1.6,0.5,0.1,0.42,24.9,0
2016-02-09,2.8,0.2,2.8,0.3,2.03,24.5,0
2016-02-10,0.1,-7.0,0.1,0.0,0.98,19.9,0
2016-02-11,-7.4,-12.1,0.0,0.0,0.0,23.8,0
2016-02-12,-3.5,-9.0,0.1,0.0,0.21,31.1,0
2016-02-13,-9.8,-21.6,0.0,0.0,0.0,26.1,0
2016-02-14,-9.9,-20.6,0.0,0.0,0.0,14.5,0
2016-02-15,-0.3,-9.4,1.2,0.0,0.84,20.9,0
2016-02-16,0.3,-1.8,7.5,0.0,5.39,18.4,0
2016-02-17,0.3,-7.4,0.5,0.0,0.42,19.6,0
2016-02-18,-4.8,-11.6,0.0,0.0,0.0,12.7,0
2016-02-19,6.1,-4.7,1.2,1.1,0.14,33.2,0
2016-02-20,6.8,2.8,2.6,2.6,0.0,32.1,0
2016-02-21,2.8,-1.7,0.0,0.0,0.0,16.4,0
2016-02-22,-1.4,-4.3,0.0,0.0,0.0,16.8,0
2016-02-23,-0.0,-2.9,0.0,0.0,0.0,16.4,0
2016-02-24,1.7,-0.3,17.2,7.4,7.0,29.9,0
2016-02-25,1.8,-3.9,7.8,2.1,3.99,30.9,0
2016-02-26,-2.1,-8.3,0.0,0.0,0.0,26.0,0
2016-02-27,3.5,-3.7,0.0,0.0,0.0,33.1,0
2016-02-28,7.7,1.7,0.0,0.0,0.0,32.4,0
2016-02-29,7.7,-4.0,3.3,3.1,0.14,35.1,0
2016-03-01,-4.1,-7.0,10.4,0.0,7.35,27.8,0
2016-03-02,-3.9,-9.5,6.8,0.0,4.83,26.5,0
2016-03-03,-4.5,-11.6,0.1,0.0,0.14,14.1,0
2016-03-04,-2.0,-4.7,0.0,0.0,0.21,11.1,0
2016-03-05,-0.8,-3.5,0.4,0.0,0.56,13.5,0
2016-03-06,1.4,-5.6,0.0,0.0,0.0,18.1,0
2016-03-07,7.1,-0.6,2.6,2.6,0.0,20.1,0
2016-03-08,6.2,2.9,0.0,0.0,0.0,13.5,0
2016-03-09,9.5,4.8,0.0,0.0,0.0,25.0,0
2016-03-10,9.7,3.9,7.6,7.6,0.0,14.0,0
2016-03-11,6.0,0.9,0.0,0.0,0.0,19.2,0
2016-03-12,9.4,0.9,0.0,0.0,0.0,15.0,0
2016-03-13,6.2,3.0,0.1,0.1,0.0,22.7,0
2016-03-14,5.4,3.1,5.8,5.8,0.0,23.8,0
2016-03-15,7.5,3.4,4.7,4.7,0.0,15.3,0
2016-03-16,7.8,2.9,2.5,2.5,0.0,29.3,0
2016-03-17,6.4,3.5,1.7,1.7,0.0,25.1,0
2016-03-18,3.7,-0.1,0.0,0.0,0.0,20.0,0
2016-03-19,0.2,-2.9,0.0,0.0,0.0,17.3,0
2016-03-20,0.0,-1.4,0.0,0.0,0.0,14.1,0
2016-03-21,2.6,-0.9,0.2,0.2,0.0,26.3,0
2016-03-22,2.9,-0.2,4.6,4.3,0.28,11.9,0
2016-03-23,2.9,1.2,4.4,2.0,1.68,17.3,0
2016-03-24,2.5,-0.4,21.3,17.5,2.66,26.3,0
2016-03-25,4.5,-0.9,0.8,0.8,0.0,24.8,0
2016-03-26,2.5,-1.2,0.0,0.0,0.0,13.0,0
2016-03-27,5.4,0.9,0.0,0.0,0.0,12.7,0
2016-03-28,7.1,3.2,19.8,19.5,0.21,41.3,0
2016-03-29,4.3,-0.3,0.0,0.0,0.0,24.2,0
2016-03-30,6.3,1.2,1.6,1.6,0.0,18.0,0
2016-03-31,10.2,7.1,26.6,26.6,0.0,31.4,0
2016-04-01,9.8,3.9,0.0,0.0,0.0,27.4,0
2016-04-02,3.9,-0.2,1.8,0.9,0.63,25.1,0
2016-04-03,-0.3,-4.2,4.2,0.0,3.01,35.0,0
2016-04-04,-1.6,-4.8,5.8,0.0,4.13,24.7,0
2016-04-05,0.6,-5.6,0.0,0.0,0.0,18.4,0
2016-04-06,5.8,-1.8,5.3,2.8,1.82,24.2,0
2016-04-07,7.1,1.6,6.1,6.1,0.0,26.4,0
2016-04-08,3.9,-1.8,0.0,0.0,0.28,26.0,0
2016-04-09,-0.8,-4.2,0.0,0.0,0.0,23.0,0
2016-04-10,0.6,-3.9,5.5,0.0,4.13,20.9,0
2016-04-11,6.7,1.0,5.9,4.1,1.26,22.9,0
2016-04-12,5.1,0.7,0.5,0.5,0.0,24.8,0
2016-04-13,3.1,0.5,0.0,0.0,0.0,14.8,0
2016-04-14,4.7,1.2,0.0,0.0,0.0,15.3,0
2016-04-15,6.0,2.8,0.0,0.0,0.0,15.3,0
2016-04-16,6.7,3.9,0.0,0.0,0.0,12.7,0
2016-04-17,13.0,4.5,0.0,0.0,0.0,9.3,0
2016-04-18,14.1,5.3,0.0,0.0,0.0,20.5,0
2016-04-19,12.1,4.9,0.0,0.0,0.0,22.0,0
2016-04-20,6.3,4.3,0.0,0.0,0.0,15.6,0
2016-04-21,9.4,4.7,4.4,4.4,0.0,14.1,0
2016-04-22,12.9,6.6,2.4,2.4,0.0,23.5,0
2016-04-23,8.9,3.3,0.0,0.0,0.0,20.1,0
2016-04-24,5.9,3.2,0.0,0.0,0.0,13.9,0
2016-04-25,5.7,3.9,5.4,5.4,0.0,19.6,0
2016-04-26,5.7,3.1,17.0,17.0,0.0,20.9,0
2016-04-27,9.1,2.2,0.0,0.0,0.0,18.0,0
2016-04-28,5.0,2.8,0.0,0.0,0.0,20.1,0
2016-04-29,6.2,4.5,0.0,0.0,0.0,14.9,0
2016-04-30,7.6,4.1,0.0,0.0,0.0,15.5,0
2016-05-01,7.1,5.8,5.1,5.1,0.0,20.0,0
2016-05-02,7.8,5.6,3.5,3.5,0.0,16.4,0
2016-05-03,7.9,5.2,0.0,0.0,0.0,13.0,0
2016-05-04,8.7,5.6,0.0,0.0,0.0,13.8,0
2016-05-05,10.7,7.1,2.6,2.6,0.0,18.5,0
2016-05-06,15.1,7.9,0.0,0.0,0.0,18.7,0
2016-05-07,11.6,8.2,0.2,0.2,0.0,25.7,0
2016-05-08,10.7,5.7,1.8,1.8,0.0,27.9,0
2016-05-09,11.1,4.7,0.0,0.0,0.0,12.4,0
2016-05-10,9.8,5.7,0.0,0.0,0.0,11.5,0
2016-05-11,11.3,7.2,0.0,0.0,0.0,15.0,0
2016-05-12,12.1,8.9,0.0,0.0,0.0,12.3,0
2016-05-13,15.1,11.7,6.5,6.5,0.0,22.8,0
2016-05-14,11.8,5.9,8.9,8.9,0.0,32.4,0
2016-05-15,6.8,3.8,1.0,1.0,0.0,31.7,0
2016-05-16,13.1,3.8,0.9,0.9,0.0,23.5,0
2016-05-17,11.6,6.3,0.2,0.2,0.0,14.6,0
2016-05-18,10.7,7.1,0.0,0.0,0.0,13.6,0
2016-05-19,14.8,8.1,0.0,0.0,0.0,13.6,0
2016-05-20,14.2,8.9,0.0,0.0,0.0,13.3,0
2016-05-21,13.9,11.2,0.0,0.0,0.0,9.8,0
2016-05-22,16.6,11.5,0.0,0.0,0.0,17.6,0
2016-05-23,18.4,11.3,0.0,0.0,0.0,16.5,0
2016-05-24,19.9,12.2,0.0,0.0,0.0,11.0,0
2016-05-25,23.8,15.3,0.5,0.5,0.0,13.7,0
2016-05-26,17.3,14.4,0.0,0.0,0.0,15.0,0
2016-05-27,20.9,16.4,0.0,0.0,0.0,14.8,0
2016-05-28,19.9,17.0,0.6,0.6,0.0,14.5,0
2016-05-29,21.9,17.9,0.7,0.7,0.0,20.5,0
2016-05-30,22.0,17.3,0.0,0.0,0.0,20.3,0
2016-05-31,21.8,15.7,0.0,0.0,0.0,20.0,0
2016-06-01,16.3,13.2,0.0,0.0,0.0,17.2,0
2016-06-02,22.5,14.3,0.6,0.6,0.0,14.0,0
2016-06-03,19.2,14.9,0.0,0.0,0.0,12.6,0
2016-06-04,19.1,15.4,0.0,0.0,0.0,14.8,0
2016-06-05,20.4,15.9,16.9,16.9,0.0,24.8,0
2016-06-06,20.8,16.3,0.0,0.0,0.0,26.4,0
2016-06-07,18.2,13.1,0.4,0.4,0.0,26.2,0
2016-06-08,14.3,10.4,0.0,0.0,0.0,29.4,0
2016-06-09,18.0,9.5,0.0,0.0,0.0,24.2,0
2016-06-10,19.4,11.1,0.0,0.0,0.0,13.7,0
2016-06-11,24.5,16.7,0.9,0.9,0.0,28.6,0
2016-06-12,20.7,13.8,0.0,0.0,0.0,31.7,0
2016-06-13,18.3,11.7,0.0,0.0,0.0,19.9,0
2016-06-14,17.6,11.7,0.0,0.0,0.0,18.1,0
2016-06-15,18.9,15.0,1.3,1.3,0.0,14.9,0
2016-06-16,20.0,16.0,0.1,0.1,0.0,23.4,0
2016-06-17,23.8,15.7,0.0,0.0,0.0,10.6,0
2016-06-18,24.3,17.5,0.0,0.0,0.0,14.5,0
2016-06-19,26.4,18.5,0.0,0.0,0.0,19.0,0
2016-06-20,26.1,19.3,7.7,7.7,0.0,30.3,0
2016-06-21,22.3,16.4,0.0,0.0,0.0,22.7,0
2016-06-22,22.0,16.5,0.1,0.1,0.0,20.2,0
2016-06-23,20.9,15.0,0.0,0.0,0.0,10.0,0
2016-06-24,21.7,16.0,0.0,0.0,0.0,13.2,0
2016-06-25,22.5,17.9,0.0,0.0,0.0,14.0,0
2016-06-26,26.9,20.4,0.3,0.3,0.0,25.5,0
2016-06-27,27.8,21.3,3.9,3.9,0.0,21.3,0
2016-06-28,20.8,17.3,0.9,0.9,0.0,18.2,0
2016-06-29,23.5,16.4,0.0,0.0,0.0,16.9,0
2016-06-30,23.2,15.4,0.0,0.0,0.0,21.1,0
2016-07-01,21.3,16.5,8.9,8.9,0.0,25.4,0
2016-07-02,22.8,14.7,0.0,0.0,0.0,21.5,0
2016-07-03,24.6,15.8,0.0,0.0,0.0,10.5,0
2016-07-04,22.0,17.0,0.0,0.0,0.0,11.7,0
2016-07-05,27.0,18.0,0.0,0.0,0.0,16.8,0
2016-07-06,26.4,19.5,0.0,0.0,0.0,20.7,0
2016-07-07,25.8,21.6,0.3,0.3,0.0,13.1,0
2016-07-08,22.8,20.6,2.3,2.3,0.0,12.9,0
2016-07-09,24.0,19.8,2.5,2.5,0.0,21.2,0
2016-07-10,24.1,18.3,0.0,0.0,0.0,19.2,0
2016-07-11,21.5,19.3,0.5,0.5,0.0,14.7,0
2016-07-12,27.7,19.8,0.0,0.0,0.0,21.3,0
2016-07-13,29.1,23.1,0.2,0.2,0.0,21.3,0
2016-07-14,26.3,21.3,6.8,6.8,0.0,27.2,0
2016-07-15,24.7,19.2,0.1,0.1,0.0,23.0,0
2016-07-16,21.7,16.8,0.0,0.0,0.0,13.6,0
2016-07-17,23.2,19.1,0.5,0.5,0.0,18.3,0
2016-07-18,26.8,21.1,0.3,0.3,0.0,26.2,0
2016-07-19,24.0,17.4,0.0,0.0,0.0,14.8,0
2016-07-20,23.6,17.0,0.0,0.0,0.0,11.4,0
2016-07-21,28.1,20.2,0.0,0.0,0.0,22.9,0
2016-07-22,30.3,23.2,0.0,0.0,0.0,22.2,0
2016-07-23,29.5,22.6,0.0,0.0,0.0,19.4,0
2016-07-24,23.8,21.1,0.6,0.6,0.0,15.9,0
2016-07-25,28.6,22.7,3.2,3.2,0.0,20.3,0
2016-07-26,27.6,19.9,0.0,0.0,0.0,17.3,0
2016-07-27,29.3,21.3,0.7,0.7,0.0,16.9,0
2016-07-28,25.0,21.5,0.0,0.0,0.0,9.7,0
2016-07-29,23.8,21.5,0.0,0.0,0.0,16.9,0
2016-07-30,23.0,20.6,0.0,0.0,0.0,18.1,0
2016-07-31,22.9,20.4,0.0,0.0,0.0,14.6,0
2016-08-01,23.8,20.4,0.0,0.0,0.0,13.1,0
2016-08-02,24.2,20.6,0.0,0.0,0.0,12.6,0
2016-08-03,25.2,21.5,0.0,0.0,0.0,14.3,0
2016-08-04,26.8,22.1,0.0,0.0,0.0,14.2,0
2016-08-05,28.0,23.9,2.7,2.7,0.0,25.5,0
2016-08-06,27.3,20.1,0.0,0.0,0.0,18.6,0
2016-08-07,26.0,19.6,0.0,0.0,0.0,17.6,0
2016-08-08,25.0,18.8,0.0,0.0,0.0,13.3,0
2016-08-09,26.5,22.1,0.0,0.0,0.0,14.7,0
2016-08-10,29.5,22.5,1.4,1.4,0.0,13.6,0
2016-08-11,28.4,22.7,0.2,0.2,0.0,18.5,0
2016-08-12,29.6,25.8,0.0,0.0,0.0,20.1,0
2016-08-13,28.1,23.7,20.0,20.0,0.0,27.8,0
2016-08-14,26.7,21.4,0.0,0.0,0.0,16.2,0
2016-08-15,23.8,20.3,0.0,0.0,0.0,13.6,0
2016-08-16,25.6,20.8,19.9,19.9,0.0,34.4,0
2016-08-17,25.4,18.3,0.0,0.0,0.0,14.7,0
2016-08-18,25.8,20.9,0.1,0.1,0.0,12.4,0
2016-08-19,25.8,23.6,0.0,0.0,0.0,15.0,0
2016-08-20,26.5,22.6,0.0,0.0,0.0,18.8,0
2016-08-21,25.6,19.0,5.7,5.7,0.0,26.7,0
2016-08-22,22.9,16.2,0.0,0.0,0.0,16.9,0
2016-08-23,25.9,18.4,0.0,0.0,0.0,18.3,0
2016-08-24,26.3,19.7,0.0,0.0,0.0,22.7,0
2016-08-25,27.7,22.7,7.7,7.7,0.0,15.9,0
2016-08-26,27.4,21.2,0.0,0.0,0.0,14.0,0
2016-08-27,23.2,19.6,0.0,0.0,0.0,12.4,0
2016-08-28,27.5,21.5,0.1,0.1,0.0,15.3,0
2016-08-29,24.5,19.3,0.0,0.0,0.0,12.8,0
2016-08-30,27.1,21.2,0.3,0.3,0.0,15.1,0
2016-08-31,25.3,20.7,0.7,0.7,0.0,22.8,0
2016-09-01,21.7,18.1,0.1,0.1,0.0,18.5,0
2016-09-02,21.1,16.3,0.0,0.0,0.0,17.3,0
2016-09-03,20.5,17.2,0.0,0.0,0.0,11.3,0
2016-09-04,21.8,17.2,0.0,0.0,0.0,11.2,0
2016-09-05,24.5,18.3,0.0,0.0,0.0,12.1,0
2016-09-06,26.4,20.7,0.0,0.0,0.0,12.6,0
2016-09-07,28.8,22.6,2.8,2.8,0.0,9.4,0
2016-09-08,27.2,23.5,0.8,0.8,0.0,23.9,0
2016-09-09,25.8,21.1,0.0,0.0,0.0,11.1,0
2016-09-10,26.4,21.3,11.6,11.6,0.0,33.2,0
2016-09-11,21.4,16.2,0.1,0.1,0.0,24.1,0
2016-09-12,22.5,16.5,0.0,0.0,0.0,14.1,0
2016-09-13,25.4,19.0,0.0,0.0,0.0,20.1,0
2016-09-14,22.1,17.3,0.1,0.1,0.0,19.5,0
2016-09-15,17.4,15.0,0.0,0.0,0.0,13.5,0
2016-09-16,21.0,16.6,0.0,0.0,0.0,15.3,0
2016-09-17,22.8,20.4,14.7,14.7,0.0,21.9,0
2016-09-18,24.0,19.6,0.2,0.2,0.0,17.1,0
2016-09-19,23.9,18.0,0.0,0.0,0.0,12.6,0
2016-09-20,26.0,20.3,0.0,0.0,0.0,15.0,0
2016-09-21,24.8,18.6,0.0,0.0,0.0,12.1,0
2016-09-22,25.8,18.9,0.0,0.0,0.0,12.1,0
2016-09-23,22.5,16.5,2.3,2.3,0.0,18.6,0
2016-09-24,17.3,12.8,0.0,0.0,0.0,14.3,0
2016-09-25,15.5,13.3,0.0,0.0,0.0,13.4,0
2016-09-26,19.0,15.4,5.7,5.7,0.0,17.0,0
2016-09-27,19.2,14.8,0.0,0.0,0.0,26.3,0
2016-09-28,19.3,15.8,0.0,0.0,0.0,26.3,0
2016-09-29,17.8,15.2,5.9,5.9,0.0,27.5,0
2016-09-30,16.7,15.1,0.0,0.0,0.0,26.7,0
2016-10-01,15.9,14.5,0.3,0.3,0.0,27.4,0
2016-10-02,18.5,15.7,9.6,9.6,0.0,12.2,0
2016-10-03,18.1,14.9,0.3,0.3,0.0,13.1,0
2016-10-04,18.5,16.6,0.0,0.0,0.0,18.1,0
2016-10-05,18.7,16.1,0.0,0.0,0.0,15.8,0
2016-10-06,20.9,16.8,0.3,0.3,0.0,11.8,0
2016-10-07,20.5,17.8,0.0,0.0,0.0,16.8,0
2016-10-08,19.0,12.1,3.2,3.2,0.0,21.7,0
2016-10-09,13.0,9.6,0.0,0.0,0.0,20.8,0
2016-10-10,12.1,7.0,0.0,0.0,0.0,14.0,0
2016-10-11,15.8,11.7,0.0,0.0,0.0,11.8,0
2016-10-12,19.5,13.7,0.0,0.0,0.0,24.6,0
2016-10-13,18.7,9.8,2.4,2.4,0.0,29.2,0
2016-10-14,13.0,9.1,0.0,0.0,0.0,13.5,0
2016-10-15,17.6,12.5,0.0,0.0,0.0,17.0,0
2016-10-16,18.6,16.5,6.0,6.0,0.0,21.2,0
2016-10-17,20.1,14.7,1.0,1.0,0.0,18.2,0
2016-10-18,21.2,16.1,0.0,0.0,0.0,33.7,0
2016-10-19,18.4,12.8,0.0,0.0,0.0,13.3,0
2016-10-20,16.3,13.0,18.9,18.9,0.0,17.5,0
2016-10-21,13.0,9.0,7.0,7.0,0.0,24.9,0
2016-10-22,8.6,7.1,0.0,0.0,0.0,31.8,0
2016-10-23,13.8,8.2,0.0,0.0,0.0,22.1,0
2016-10-24,10.1,8.0,0.0,0.0,0.0,30.1,0
2016-10-25,7.9,5.1,0.0,0.0,0.0,22.2,0
2016-10-26,6.0,3.3,0.0,0.0,0.0,19.8,0
2016-10-27,7.8,3.3,12.5,11.6,0.63,30.2,0
2016-10-28,9.4,3.3,0.3,0.3,0.0,18.6,0
2016-10-29,16.2,9.4,4.8,4.8,0.0,23.2,0
2016-10-30,11.4,6.9,4.3,4.3,0.0,22.3,0
2016-10-31,7.9,4.9,0.0,0.0,0.0,13.9,0
2016-11-01,15.3,7.8,0.3,0.3,0.0,16.8,0
2016-11-02,15.0,12.7,0.8,0.8,0.0,10.5,0
2016-11-03,13.9,8.8,8.0,8.0,0.0,19.8,0
2016-11-04,11.4,5.5,0.0,0.0,0.0,17.9,0
2016-11-05,14.0,8.7,0.0,0.0,0.0,19.3,0
2016-11-06,10.5,7.2,0.0,0.0,0.0,15.2,0
2016-11-07,13.4,8.8,0.0,0.0,0.0,10.9,0
2016-11-08,14.0,10.2,1.1,1.1,0.0,15.8,0
2016-11-09,11.3,5.3,0.0,0.0,0.0,25.8,0
2016-11-10,12.9,5.0,0.0,0.0,0.0,27.8,0
2016-11-11,11.8,3.8,0.0,0.0,0.0,30.9,0
2016-11-12,8.5,2.5,0.0,0.0,0.0,24.8,0
2016-11-13,10.9,5.6,0.0,0.0,0.0,24.1,0
2016-11-14,11.0,7.0,0.0,0.0,0.0,20.4,0
2016-11-15,10.7,6.1,0.0,0.0,0.0,9.5,0
2016-11-16,11.2,8.4,0.9,0.9,0.0,15.5,0
2016-11-17,10.2,5.4,0.0,0.0,0.0,12.5,0
2016-11-18,13.9,9.7,0.0,0.0,0.0,14.8,0
2016-11-19,13.8,3.5,6.0,6.0,0.0,20.9,0
2016-11-20,3.1,1.0,0.0,0.0,0.7,43.3,0
2016-11-21,1.7,0.3,0.0,0.0,0.84,39.7,0
2016-11-22,2.4,0.4,0.0,0.0,0.0,24.5,0
2016-11-23,2.1,-1.4,1.8,0.0,1.26,18.2,0
2016-11-24,5.6,2.1,6.7,3.9,1.96,20.9,0
2016-11-25,7.0,3.5,0.2,0.2,0.0,16.1,0
2016-11-26,6.5,2.9,2.0,2.0,0.0,13.0,0
2016-11-27,7.0,2.3,0.0,0.0,0.0,14.2,0
2016-11-28,7.8,4.6,0.0,0.0,0.0,23.1,0
2016-11-29,10.3,7.1,7.0,7.0,0.0,24.4,0
2016-11-30,10.5,7.3,10.8,10.8,0.0,13.4,0
2016-12-01,8.9,4.7,3.4,3.4,0.0,30.0,0
2016-12-02,5.4,4.1,0.9,0.9,0.0,31.5,0
2016-12-03,5.2,2.7,0.0,0.0,0.0,20.4,0
2016-12-04,3.8,1.1,0.8,0.3,0.35,20.9,0
2016-12-05,6.1,2.1,6.3,1.3,3.5,23.1,0
2016-12-06,5.3,2.0,5.7,4.9,0.56,27.7,0
2016-12-07,4.8,2.1,0.7,0.7,0.0,25.2,0
2016-12-08,2.3,0.3,0.0,0.0,0.21,28.6,0
2016-12-09,0.2,-2.5,0.0,0.0,0.42,20.5,0
2016-12-10,-0.6,-3.7,0.0,0.0,0.07,20.6,0
2016-12-11,0.9,-3.2,7.5,0.0,5.32,19.1,0
2016-12-12,3.1,-0.4,6.5,0.3,4.34,25.6,0
2016-12-13,0.1,-2.4,0.0,0.0,0.0,25.1,0
2016-12-14,-2.9,-7.8,0.0,0.0,0.21,40.1,0
2016-12-15,-5.7,-9.7,1.4,0.0,1.26,37.1,0
2016-12-16,-4.0,-8.5,0.5,0.0,0.49,19.7,0
2016-12-17,1.7,-3.9,10.7,0.0,7.49,20.1,0
2016-12-18,1.2,-8.1,4.0,0.8,2.38,27.7,0
2016-12-19,-6.0,-9.3,0.0,0.0,0.0,19.5,0
2016-12-20,1.5,-6.5,0.0,0.0,0.0,31.6,0
2016-12-21,1.8,-2.0,0.5,0.0,0.35,21.4,0
2016-12-22,4.2,0.4,1.6,0.0,1.19,15.3,0
2016-12-23,3.0,-0.6,0.0,0.0,0.0,20.4,0
2016-12-24,4.5,2.4,4.0,2.5,1.05,17.1,0
2016-12-25,3.0,-1.6,0.0,0.0,0.0,22.0,0
2016-12-26,9.0,-0.4,12.9,12.9,0.0,29.2,0
2016-12-27,9.1,-0.3,0.0,0.0,0.0,30.7,0
2016-12-28,1.2,-1.4,0.0,0.0,0.0,19.6,0
2016-12-29,3.2,0.6,6.0,0.4,3.99,22.4,0
2016-12-30,0.4,-2.8,0.0,0.0,0.0,25.6,0
2016-12-31,4.3,-3.0,3.7,1.5,1.61,28.4,0
2017-01-01,2.8,-2.6,0.0,0.0,0.0,23.8,0
2017-01-02,4.2,-3.4,0.0,0.0,0.0,22.2,0
2017-01-03,4.8,3.4,16.5,16.5,0.0,17.8,0
2017-01-04,4.0,-7.4,1.2,1.2,0.0,41.8,0
2017-01-05,-5.5,-9.0,0.0,0.0,0.0,32.1,0
2017-01-06,-5.8,-12.0,0.0,0.0,0.0,19.5,0
2017-01-07,-6.2,-12.9,0.0,0.0,0.0,20.8,0
2017-01-08,-7.6,-11.2,0.0,0.0,0.0,26.2,0
2017-01-09,-1.8,-10.6,0.5,0.0,0.35,31.7,0
2017-01-10,7.2,-2.8,14.0,5.9,5.67,40.8,0
2017-01-11,8.0,0.8,4.2,4.2,0.0,48.2,0
2017-01-12,10.4,0.0,10.6,10.6,0.0,31.4,0
2017-01-13,-0.8,-7.3,0.0,0.0,0.0,22.5,0
2017-01-14,-2.0,-9.5,0.0,0.0,0.0,12.1,0
2017-01-15,1.3,-5.9,0.0,0.0,0.0,12.0,0
2017-01-16,4.7,-4.5,0.0,0.0,0.0,16.0,0
2017-01-17,2.6,-0.5,8.9,8.9,0.0,32.8,0
2017-01-18,4.2,0.7,0.1,0.1,0.0,15.1,0
2017-01-19,4.0,1.5,0.0,0.0,0.0,14.9,0
2017-01-20,4.1,0.8,0.2,0.2,0.0,18.4,0
2017-01-21,7.0,2.1,0.2,0.2,0.0,12.1,0
2017-01-22,4.8,1.6,0.0,0.0,0.0,25.2,0
2017-01-23,4.4,1.3,0.1,0.1,0.0,30.1,0
2017-01-24,1.2,-1.0,3.4,0.1,2.31,19.2,0
2017-01-25,6.2,-1.9,1.2,1.2,0.0,17.2,0
2017-01-26,5.1,1.3,2.8,2.8,0.0,24.5,0
2017-01-27,3.5,-1.2,0.0,0.0,0.0,32.8,0
2017-01-28,1.3,-2.6,0.5,0.0,0.35,26.5,0
2017-01-29,-1.0,-6.0,0.2,0.0,0.14,22.7,0
2017-01-30,-2.8,-9.0,0.0,0.0,0.0,16.8,0
2017-01-31,-1.1,-8.1,1.3,0.0,0.91,22.5,0
2017-02-01,3.7,-3.6,0.9,0.0,0.63,26.6,0
2017-02-02,-1.9,-6.5,0.0,0.0,0.0,31.2,0
2017-02-03,-4.1,-7.3,0.0,0.0,0.0,25.3,0
2017-02-04,-0.8,-7.9,0.0,0.0,0.0,23.4,0
2017-02-05,2.1,-3.1,0.4,0.0,0.28,27.7,0
2017-02-06,2.5,-6.6,1.5,0.0,1.05,13.6,0
2017-02-07,2.6,-0.3,14.1,14.1,0.0,33.0,0
2017-02-08,9.2,-6.1,1.0,1.0,0.0,31.9,0
2017-02-09,-3.4,-11.2,0.0,0.0,0.0,24.7,0
2017-02-10,-1.4,-7.1,4.8,0.0,3.36,24.8,0
2017-02-11,4.5,-3.2,0.2,0.0,0.14,15.1,0
2017-02-12,1.8,-1.8,10.0,0.1,6.93,34.0,0
2017-02-13,-0.3,-7.7,0.0,0.0,0.0,33.9,0
2017-02-14,5.4,-9.2,2.8,2.2,0.42,19.8,0
2017-02-15,1.4,-4.9,0.9,0.2,0.49,27.0,0
2017-02-16,-3.4,-9.0,0.0,0.0,0.0,21.9,0
2017-02-17,-0.6,-12.4,0.0,0.0,0.0,10.5,0
2017-02-18,14.5,-3.0,0.0,0.0,0.0,23.7,0
2017-02-19,12.9,1.1,0.0,0.0,0.0,22.0,0
2017-02-20,3.7,-1.2,0.0,0.0,0.0,15.2,0
2017-02-21,8.3,0.3,0.9,0.9,0.0,21.6,0
2017-02-22,8.8,0.7,0.0,0.0,0.0,15.6,0
2017-02-23,16.5,3.7,0.8,0.8,0.0,26.5,0
2017-02-24,5.7,1.1,1.6,1.6,0.0,23.8,0
2017-02-25,9.1,-0.7,6.7,6.7,0.0,33.0,0
2017-02-26,4.1,-3.3,0.1,0.1,0.0,31.2,0
2017-02-27,9.9,-0.6,0.6,0.4,0.14,24.7,0
2017-02-28,8.6,0.0,1.9,1.9,0.0,16.9,0
2017-03-01,14.3,4.5,16.0,16.0,0.0,41.8,0
2017-03-02,1.1,-6.3,0.1,0.0,0.07,34.5,0
2017-03-03,-3.9,-8.7,0.2,0.0,0.14,32.6,0
2017-03-04,-5.4,-11.6,0.0,0.0,0.0,17.8,0
2017-03-05,-1.6,-11.3,0.0,0.0,0.0,22.0,0
2017-03-06,8.5,-1.5,0.2,0.2,0.0,17.7,0
2017-03-07,10.9,6.4,9.0,9.0,0.0,33.8,0
2017-03-08,9.8,1.4,1.2,1.2,0.0,42.2,0
2017-03-09,4.4,-3.0,0.0,0.0,0.0,28.1,0
2017-03-10,-2.4,-9.1,0.2,0.0,0.14,35.1,0
2017-03-11,-4.7,-11.4,0.6,0.0,0.42,33.6,0
2017-03-12,-1.8,-13.8,0.0,0.0,0.0,22.7,0
2017-03-13,-4.9,-11.0,3.0,0.0,2.1,21.4,0
2017-03-14,-4.9,-10.2,4.8,0.1,3.29,32.0,0
2017-03-15,-2.3,-9.8,1.0,0.0,0.7,38.6,0
2017-03-16,3.8,-8.0,0.0,0.0,0.0,24.9,0
2017-03-17,5.2,-4.0,0.0,0.0,0.0,16.3,0
2017-03-18,1.4,-0.2,4.3,0.0,3.01,25.1,0
2017-03-19,6.1,-1.3,0.1,0.1,0.0,16.4,0
2017-03-20,6.7,-2.4,0.1,0.1,0.0,15.4,0
2017-03-21,12.5,-1.9,0.0,0.0,0.0,33.6,0
2017-03-22,-1.3,-8.4,0.0,0.0,0.0,29.1,0
2017-03-23,2.0,-7.5,0.0,0.0,0.0,17.4,0
2017-03-24,15.8,-0.2,8.7,8.7,0.0,22.7,0
2017-03-25,4.5,2.2,10.4,10.4,0.0,23.8,0
2017-03-26,6.2,1.2,0.9,0.9,0.0,32.3,0
2017-03-27,14.1,6.6,7.6,7.6,0.0,14.2,0
2017-03-28,12.4,3.4,0.1,0.1,0.0,23.1,0
2017-03-29,8.6,0.2,0.4,0.4,0.0,19.1,0
2017-03-30,3.9,1.2,6.1,0.6,3.85,36.8,0
2017-03-31,4.4,2.0,7.5,7.4,0.07,35.3,0
2017-04-01,11.0,1.9,0.0,0.0,0.0,17.0,0
2017-04-02,15.9,1.5,0.3,0.3,0.0,23.7,0
2017-04-03,9.5,3.1,1.7,1.7,0.0,35.3,0
2017-04-04,14.4,5.6,17.7,17.7,0.0,33.5,0
2017-04-05,9.6,4.0,0.0,0.0,0.0,34.4,0
2017-04-06,7.4,2.3,23.3,22.1,0.84,38.0,0
2017-04-07,5.5,0.5,6.8,1.8,3.5,41.5,0
2017-04-08,13.5,-1.1,0.0,0.0,0.0,18.8,0
2017-04-09,16.3,0.7,0.0,0.0,0.0,25.2,0
2017-04-10,20.3,10.7,4.6,4.6,0.0,30.6,0
2017-04-11,16.5,11.0,5.5,5.5,0.0,24.2,0
2017-04-12,11.3,4.0,0.0,0.0,0.0,26.6,0
2017-04-13,11.2,0.8,0.0,0.0,0.0,21.0,0
2017-04-14,13.2,1.2,0.0,0.0,0.0,12.5,0
2017-04-15,18.6,4.4,5.4,5.4,0.0,25.6,0
2017-04-16,21.7,12.8,0.7,0.7,0.0,34.2,0
2017-04-17,14.4,2.8,0.1,0.1,0.0,26.4,0
2017-04-18,7.0,1.0,0.0,0.0,0.0,19.5,0
2017-04-19,19.1,4.7,6.6,6.6,0.0,27.9,0
2017-04-20,8.7,4.5,14.9,14.9,0.0,27.6,0
2017-04-21,12.2,6.3,1.0,1.0,0.0,25.4,0
2017-04-22,13.4,3.8,0.0,0.0,0.0,21.3,0
2017-04-23,16.1,1.1,0.0,0.0,0.0,23.8,0
2017-04-24,9.9,4.8,0.0,0.0,0.0,22.7,0
2017-04-25,10.1,6.1,3.9,3.9,0.0,26.7,0
2017-04-26,13.5,7.2,0.0,0.0,0.0,21.7,0
2017-04-27,18.4,8.3,3.5,3.5,0.0,22.5,0
2017-04-28,16.5,9.7,0.0,0.0,0.0,27.5,0
2017-04-29,13.2,6.6,0.0,0.0,0.0,22.2,0
2017-04-30,7.7,3.8,15.1,15.1,0.0,33.7,0
2017-05-01,15.0,6.1,30.9,30.9,0.0,23.5,0
2017-05-02,12.4,8.0,1.8,1.8,0.0,29.3,0
2017-05-03,14.2,3.5,0.0,0.0,0.0,22.3,0
2017-05-04,9.2,4.2,14.1,14.1,0.0,26.9,0
2017-05-05,9.7,6.5,19.4,19.4,0.0,28.8,0
2017-05-06,7.0,4.9,6.4,6.4,0.0,27.1,0
2017-05-07,10.2,4.0,1.4,1.4,0.0,27.8,0
2017-05-08,12.1,1.6,0.0,0.0,0.0,26.7,0
2017-05-09,10.0,2.0,0.0,0.0,0.0,14.8,0
2017-05-10,10.1,3.7,0.0,0.0,0.0,13.6,0
2017-05-11,11.9,6.0,0.0,0.0,0.0,24.8,0
2017-05-12,12.5,4.5,0.3,0.3,0.0,11.5,0
2017-05-13,14.4,7.9,3.9,3.9,0.0,13.0,0
2017-05-14,16.3,5.7,1.3,1.3,0.0,35.6,0
2017-05-15,18.3,6.4,0.0,0.0,0.0,23.8,0
2017-05-16,15.8,6.2,0.7,0.7,0.0,15.5,0
2017-05-17,26.1,9.2,0.0,0.0,0.0,25.4,0
2017-05-18,26.8,17.9,0.5,0.5,0.0,30.4,0
2017-05-19,19.0,9.5,0.0,0.0,0.0,25.5,0
2017-05-20,13.6,8.1,0.1,0.1,0.0,26.3,0
2017-05-21,13.4,9.3,22.0,22.0,0.0,24.8,0
2017-05-22,17.5,11.9,0.7,0.7,0.0,23.9,0
2017-05-23,20.6,7.1,0.0,0.0,0.0,16.3,0
2017-05-24,18.5,12.7,0.5,0.5,0.0,23.9,0
2017-05-25,14.4,10.5,24.5,24.5,0.0,28.6,0
2017-05-26,19.3,11.6,5.0,5.0,0.0,16.1,0
2017-05-27,17.4,11.7,0.3,0.3,0.0,10.7,0
2017-05-28,17.2,9.5,0.0,0.0,0.0,18.5,0
2017-05-29,24.4,13.6,5.4,5.4,0.0,19.5,0
2017-05-30,20.8,12.7,3.6,3.6,0.0,23.2,0
2017-05-31,19.9,11.4,2.5,2.5,0.0,23.7,0
2017-06-01,18.8,10.6,0.1,0.1,0.0,28.0,0
2017-06-02,19.9,8.3,0.0,0.0,0.0,23.2,0
2017-06-03,19.4,10.2,0.0,0.0,0.0,16.1,0
2017-06-04,17.0,11.8,8.2,8.2,0.0,20.2,0
2017-06-05,18.1,10.7,2.2,2.2,0.0,20.9,0
2017-06-06,16.5,12.4,5.3,5.3,0.0,23.2,0
2017-06-07,18.4,8.7,0.0,0.0,0.0,14.8,0
2017-06-08,22.5,9.2,0.0,0.0,0.0,11.3,0
2017-06-09,23.8,11.8,1.3,1.3,0.0,22.5,0
2017-06-10,25.3,12.2,0.0,0.0,0.0,26.5,0
2017-06-11,28.0,19.2,0.0,0.0,0.0,27.9,0
2017-06-12,29.9,20.0,0.0,0.0,0.0,23.2,0
2017-06-13,27.0,18.3,0.1,0.1,0.0,20.2,0
2017-06-14,20.6,16.5,0.0,0.0,0.0,23.1,0
2017-06-15,20.4,16.0,6.3,6.3,0.0,23.3,0
2017-06-16,26.2,15.6,1.0,1.0,0.0,15.9,0
2017-06-17,27.4,18.9,0.1,0.1,0.0,18.1,0
2017-06-18,26.5,20.8,2.6,2.6,0.0,29.9,0
2017-06-19,25.4,16.6,0.4,0.4,0.0,15.7,0
2017-06-20,22.5,16.0,14.3,14.3,0.0,25.3,0
2017-06-21,22.9,13.2,0.6,0.6,0.0,17.2,0
2017-06-22,21.2,11.4,5.2,5.2,0.0,15.8,0
2017-06-23,22.9,19.9,15.6,15.6,0.0,23.6,0
2017-06-24,24.1,16.1,0.0,0.0,0.0,25.1,0
2017-06-25,20.4,13.7,7.8,7.8,0.0,23.4,0
2017-06-26,19.3,11.9,5.1,5.1,0.0,22.2,0
2017-06-27,20.0,10.9,0.6,0.6,0.0,24.1,0
2017-06-28,23.7,12.2,0.1,0.1,0.0,26.2,0
2017-06-29,24.3,17.4,8.6,8.6,0.0,23.3,0
2017-06-30,27.4,19.2,2.1,2.1,0.0,22.4,0
2017-07-01,25.3,18.5,5.9,5.9,0.0,15.8,0
2017-07-02,24.4,15.0,1.6,1.6,0.0,16.2,0
2017-07-03,23.3,13.9,0.4,0.4,0.0,13.6,0
2017-07-04,23.3,15.1,0.2,0.2,0.0,14.1,0
2017-07-05,24.2,13.3,0.0,0.0,0.0,15.4,0
2017-07-06,26.5,14.5,0.0,0.0,0.0,18.4,0
2017-07-07,25.9,17.7,1.3,1.3,0.0,16.2,0
2017-07-08,23.6,17.4,1.1,1.1,0.0,24.0,0
2017-07-09,26.5,15.7,0.1,0.1,0.0,23.0,0
2017-07-10,23.9,17.7,3.3,3.3,0.0,19.7,0
2017-07-11,25.1,15.5,0.0,0.0,0.0,12.3,0
2017-07-12,26.4,17.8,7.3,7.3,0.0,11.5,0
2017-07-13,20.9,16.7,24.9,24.9,0.0,27.1,0
2017-07-14,25.3,17.5,0.7,0.7,0.0,20.3,0
2017-07-15,25.9,17.5,0.0,0.0,0.0,21.5,0
2017-07-16,25.2,16.3,5.4,5.4,0.0,20.3,0
2017-07-17,23.3,18.4,2.3,2.3,0.0,9.0,0
2017-07-18,25.4,17.0,0.0,0.0,0.0,14.4,0
2017-07-19,29.2,18.9,1.0,1.0,0.0,14.8,0
2017-07-20,24.5,15.1,16.0,16.0,0.0,12.5,0
2017-07-21,30.4,17.8,0.1,0.1,0.0,14.4,0
2017-07-22,23.3,19.5,0.4,0.4,0.0,9.7,0
2017-07-23,23.5,19.5,1.3,1.3,0.0,24.0,0
2017-07-24,22.2,18.0,1.3,1.3,0.0,25.9,0
2017-07-25,22.6,15.8,0.1,0.1,0.0,18.0,0
2017-07-26,21.9,14.2,0.4,0.4,0.0,13.7,0
2017-07-27,25.2,19.2,4.7,4.7,0.0,15.5,0
2017-07-28,23.0,17.5,0.0,0.0,0.0,17.4,0
2017-07-29,27.0,16.3,0.0,0.0,0.0,20.8,0
2017-07-30,29.8,18.4,0.0,0.0,0.0,21.6,0
2017-07-31,27.3,17.5,3.7,3.7,0.0,12.0,0
2017-08-01,27.4,18.3,0.0,0.0,0.0,12.7,0
2017-08-02,27.6,18.5,3.7,3.7,0.0,23.7,0
2017-08-03,24.9,18.9,4.1,4.1,0.0,12.8,0
2017-08-04,24.7,18.8,6.8,6.8,0.0,26.9,0
2017-08-05,21.0,15.1,0.7,0.7,0.0,32.8,0
2017-08-06,24.3,13.5,0.9,0.9,0.0,18.0,0
2017-08-07,22.2,14.9,8.6,8.6,0.0,10.7,0
2017-08-08,24.9,13.9,0.0,0.0,0.0,18.6,0
2017-08-09,27.4,16.2,0.2,0.2,0.0,18.1,0
2017-08-10,26.4,15.7,0.1,0.1,0.0,13.4,0
2017-08-11,24.1,18.5,12.3,12.3,0.0,17.8,0
2017-08-12,24.0,17.9,1.3,1.3,0.0,19.0,0
2017-08-13,24.6,15.0,0.0,0.0,0.0,18.0,0
2017-08-14,25.1,14.5,0.0,0.0,0.0,13.1,0
2017-08-15,25.2,16.7,2.3,2.3,0.0,12.1,0
2017-08-16,21.9,16.6,0.0,0.0,0.0,13.0,0
2017-08-17,23.3,17.0,8.5,8.5,0.0,25.0,0
2017-08-18,26.5,20.1,0.9,0.9,0.0,24.8,0
2017-08-19,24.1,17.9,0.7,0.7,0.0,21.9,0
2017-08-20,27.3,16.4,0.2,0.2,0.0,14.7,0
2017-08-21,28.0,17.8,0.0,0.0,0.0,11.6,0
2017-08-22,26.3,18.4,11.6,11.6,0.0,29.8,0
2017-08-23,22.9,14.9,0.2,0.2,0.0,23.6,0
2017-08-24,20.6,12.8,0.7,0.7,0.0,16.2,0
2017-08-25,21.3,11.4,0.0,0.0,0.0,14.6,0
2017-08-26,21.6,11.6,0.0,0.0,0.0,15.1,0
2017-08-27,21.6,12.7,0.0,0.0,0.0,22.8,0
2017-08-28,21.9,15.9,0.0,0.0,0.0,23.2,0
2017-08-29,21.7,16.6,0.0,0.0,0.0,19.9,0
2017-08-30,22.4,13.2,0.2,0.2,0.0,13.7,0
2017-08-31,19.3,13.7,0.6,0.6,0.0,24.3,0
2017-09-01,19.0,8.8,0.0,0.0,0.0,12.9,0
2017-09-02,18.6,9.6,0.5,0.5,0.0,25.9,0
2017-09-03,21.3,14.9,10.0,10.0,0.0,19.5,0
2017-09-04,25.0,15.3,9.9,9.9,0.0,34.9,0
2017-09-05,20.6,12.7,2.0,2.0,0.0,19.4,0
2017-09-06,19.7,10.4,0.8,0.8,0.0,12.1,0
2017-09-07,19.2,10.4,1.2,1.2,0.0,24.6,0
2017-09-08,17.7,10.5,0.4,0.4,0.0,20.0,0
2017-09-09,17.3,9.3,0.0,0.0,0.0,17.6,0
2017-09-10,19.0,9.0,0.0,0.0,0.0,15.2,0
2017-09-11,20.7,8.9,0.0,0.0,0.0,9.2,0
2017-09-12,22.0,10.5,0.0,0.0,0.0,10.2,0
2017-09-13,22.4,12.4,0.0,0.0,0.0,8.8,0
2017-09-14,24.4,15.4,0.1,0.1,0.0,15.1,0
2017-09-15,24.2,16.5,0.0,0.0,0.0,14.2,0
2017-09-16,25.1,15.8,0.0,0.0,0.0,9.3,0
2017-09-17,23.9,15.6,0.0,0.0,0.0,10.7,0
2017-09-18,25.4,16.0,0.0,0.0,0.0,8.2,0
2017-09-19,24.8,18.7,0.4,0.4,0.0,12.4,0
2017-09-20,24.3,18.6,0.0,0.0,0.0,12.6,0
2017-09-21,25.4,17.2,0.0,0.0,0.0,10.1,0
2017-09-22,25.1,18.3,0.0,0.0,0.0,9.4,0
2017-09-23,28.8,16.8,0.0,0.0,0.0,15.4,0
2017-09-24,30.3,20.2,0.0,0.0,0.0,11.6,0
2017-09-25,29.0,19.3,0.0,0.0,0.0,8.8,0
2017-09-26,28.8,19.3,0.0,0.0,0.0,14.9,0
2017-09-27,29.4,16.3,0.4,0.4,0.0,23.4,0
2017-09-28,16.8,12.1,0.0,0.0,0.0,18.1,0
2017-09-29,17.7,9.0,8.4,8.4,0.0,34.7,0
2017-09-30,14.3,8.2,0.0,0.0,0.0,24.9,0
2017-10-01,16.3,5.8,0.0,0.0,0.0,9.7,0
2017-10-02,19.0,9.8,0.0,0.0,0.0,16.3,0
2017-10-03,23.1,12.1,0.0,0.0,0.0,19.8,0
2017-10-04,25.0,15.6,1.7,1.7,0.0,27.9,0
2017-10-05,22.3,10.7,0.0,0.0,0.0,21.6,0
2017-10-06,19.9,13.4,3.2,3.2,0.0,14.1,0
2017-10-07,24.5,17.7,4.4,4.4,0.0,28.0,0
2017-10-08,23.3,17.1,6.9,6.9,0.0,33.9,0
2017-10-09,22.8,16.1,13.8,13.8,0.0,16.7,0
2017-10-10,22.7,12.1,0.0,0.0,0.0,18.0,0
2017-10-11,13.6,9.4,2.1,2.1,0.0,24.0,0
2017-10-12,15.2,9.7,0.1,0.1,0.0,31.5,0
2017-10-13,18.9,14.0,0.3,0.3,0.0,15.5,0
2017-10-14,18.9,12.9,9.7,9.7,0.0,15.7,0
2017-10-15,22.0,9.9,10.4,10.4,0.0,41.3,0
2017-10-16,10.8,3.2,0.0,0.0,0.0,25.6,0
2017-10-17,17.4,4.0,0.0,0.0,0.0,27.5,0
2017-10-18,18.6,9.8,0.0,0.0,0.0,22.7,0
2017-10-19,20.1,11.8,0.0,0.0,0.0,25.9,0
2017-10-20,18.4,9.5,0.0,0.0,0.0,20.0,0
2017-10-21,20.1,9.5,0.0,0.0,0.0,13.8,0
2017-10-22,21.0,11.3,0.0,0.0,0.0,14.6,0
2017-10-23,20.2,16.6,13.6,13.6,0.0,33.1,0
2017-10-24,17.3,11.4,5.4,5.4,0.0,37.6,0
2017-10-25,11.9,6.2,0.0,0.0,0.0,30.8,0
2017-10-26,10.8,2.9,0.0,0.0,0.0,15.2,0
2017-10-27,15.1,2.5,0.0,0.0,0.0,20.1,0
2017-10-28,13.4,5.6,5.8,5.8,0.0,18.8,0
2017-10-29,7.8,3.9,1.9,1.9,0.0,18.2,0
2017-10-30,9.4,5.9,0.0,0.0,0.0,34.7,0
2017-10-31,9.1,4.0,0.1,0.1,0.0,33.2,0
2017-11-01,8.4,4.0,0.3,0.3,0.0,13.7,0
2017-11-02,15.2,7.6,19.2,19.2,0.0,28.2,0
2017-11-03,14.3,2.8,4.2,4.2,0.0,25.1,0
2017-11-04,9.0,1.9,1.4,1.4,0.0,32.8,0
2017-11-05,14.9,8.5,23.0,23.0,0.0,29.6,0
2017-11-06,14.8,3.0,0.1,0.1,0.0,22.9,0
2017-11-07,7.2,1.3,0.0,0.0,0.0,9.9,0
2017-11-08,8.0,-0.7,0.0,0.0,0.0,16.9,0
2017-11-09,10.0,-0.5,0.9,0.8,0.07,36.0,0
2017-11-10,-1.4,-9.1,0.2,0.0,0.14,32.3,0
2017-11-11,1.2,-7.5,0.0,0.0,0.0,16.5,0
2017-11-12,5.2,-0.5,0.1,0.1,0.0,9.3,0
2017-11-13,5.8,1.3,1.6,1.6,0.0,9.6,0
2017-11-14,7.0,1.7,0.0,0.0,0.0,10.4,0
2017-11-15,8.2,1.8,1.9,1.9,0.0,29.5,0
2017-11-16,8.1,2.5,3.5,3.5,0.0,30.7,0
2017-11-17,3.2,-2.6,0.0,0.0,0.0,20.5,0
2017-11-18,8.1,3.4,18.7,18.7,0.0,15.8,0
2017-11-19,5.7,-1.8,6.1,5.9,0.14,34.5,0
2017-11-20,6.6,-1.5,0.0,0.0,0.0,27.7,0
2017-11-21,10.3,5.0,0.7,0.7,0.0,33.4,0
2017-11-22,4.0,-2.1,1.1,1.1,0.0,22.4,0
2017-11-23,4.2,-2.4,0.0,0.0,0.0,18.7,0
2017-11-24,8.9,-0.6,0.0,0.0,0.0,27.9,0
2017-11-25,10.3,3.9,1.8,1.8,0.0,25.8,0
2017-11-26,3.3,-0.3,0.0,0.0,0.0,25.2,0
2017-11-27,4.0,-0.2,0.0,0.0,0.0,20.6,0
2017-11-28,13.1,1.8,0.0,0.0,0.0,30.8,0
2017-11-29,13.0,-1.1,0.0,0.0,0.0,26.1,0
2017-11-30,7.3,0.5,2.7,2.7,0.0,21.7,0
2017-12-01,7.2,0.2,0.0,0.0,0.0,12.3,0
2017-12-02,5.4,-0.1,0.0,0.0,0.0,9.2,0
2017-12-03,8.7,-0.8,0.0,0.0,0.0,9.7,0
2017-12-04,9.3,-2.3,0.4,0.4,0.0,22.3,0
2017-12-05,11.0,2.4,7.0,7.0,0.0,37.5,0
2017-12-06,3.4,-1.2,0.0,0.0,0.0,36.9,0
2017-12-07,0.8,-2.3,0.0,0.0,0.0,27.9,0
2017-12-08,1.5,-3.6,0.0,0.0,0.0,35.9,0
2017-12-09,2.0,-2.1,0.0,0.0,0.0,20.1,0
2017-12-10,0.7,-3.5,0.4,0.0,0.28,31.7,0
2017-12-11,-1.3,-7.7,1.1,0.0,0.77,18.1,0
2017-12-12,-0.9,-10.4,4.4,0.0,3.08,25.8,0
2017-12-13,-6.8,-10.6,1.1,0.0,0.77,19.4,0
2017-12-14,-6.0,-16.3,0.6,0.0,0.42,20.6,0
2017-12-15,-2.8,-9.8,0.7,0.0,0.56,25.0,0
2017-12-16,-3.5,-10.8,0.0,0.0,0.0,26.2,0
2017-12-17,-2.4,-13.8,0.0,0.0,0.0,15.3,0
2017-12-18,3.7,-3.2,2.2,0.8,0.98,17.2,0
2017-12-19,7.5,2.8,0.0,0.0,0.0,38.2,0
2017-12-20,2.3,-3.0,0.2,0.0,0.14,24.7,0
2017-12-21,-1.1,-6.1,1.9,0.0,1.33,17.7,0
2017-12-22,-0.8,-6.0,11.5,0.0,8.05,29.0,0
2017-12-23,0.5,-4.1,5.7,0.0,3.99,14.9,0
2017-12-24,-1.5,-8.8,5.0,0.0,3.5,27.1,0
2017-12-25,-1.4,-9.5,8.0,0.0,5.6,34.6,0
2017-12-26,-10.1,-14.8,0.0,0.0,0.0,29.3,0
2017-12-27,-11.0,-17.8,0.0,0.0,0.0,20.2,0
2017-12-28,-13.5,-24.6,0.0,0.0,0.0,9.5,0
2017-12-29,-7.3,-16.0,3.4,0.0,2.38,17.7,0
2017-12-30,-6.3,-16.0,0.7,0.0,0.49,25.6,0
2017-12-31,-14.7,-22.1,0.0,0.0,0.0,14.5,0
2018-01-01,-8.1,-23.6,0.1,0.0,0.07,27.2,0
2018-01-02,-7.5,-13.9,0.4,0.0,0.28,29.0,0
2018-01-03,-5.8,-14.9,0.4,0.0,0.28,27.1,0
2018-01-04,-10.0,-18.1,0.0,0.0,0.0,28.5,0
2018-01-05,-14.3,-21.1,0.0,0.0,0.0,25.2,0
2018-01-06,-15.6,-23.1,0.0,0.0,0.0,15.0,0
2018-01-07,-2.3,-24.3,1.0,0.0,0.7,31.3,0
2018-01-08,2.9,-1.7,6.6,0.6,4.2,27.4,0
2018-01-09,1.0,-7.5,0.1,0.0,0.07,19.1,0
2018-01-10,5.8,-8.3,4.6,4.6,0.0,22.7,0
2018-01-11,9.8,6.1,13.8,13.8,0.0,26.3,0
2018-01-12,10.3,-10.6,13.0,8.8,2.94,39.0,0
2018-01-13,-9.2,-14.7,0.3,0.0,0.28,30.6,0
2018-01-14,-5.0,-14.3,0.1,0.0,0.07,18.0,0
2018-01-15,-4.2,-7.8,2.0,0.0,1.4,33.0,0
2018-01-16,-2.7,-8.5,0.9,0.0,0.7,16.3,0
2018-01-17,-4.3,-14.2,0.0,0.0,0.0,29.9,0
2018-01-18,-1.1,-8.8,0.0,0.0,0.0,28.3,0
2018-01-19,2.3,-4.5,0.0,0.0,0.0,28.6,0
2018-01-20,7.3,-0.9,0.5,0.0,0.35,31.4,0
2018-01-21,4.4,-2.5,0.0,0.0,0.0,10.6,0
2018-01-22,2.4,1.1,10.5,10.5,0.0,30.8,0
2018-01-23,7.3,-2.6,8.8,8.7,0.07,26.9,0
2018-01-24,-3.5,-8.4,0.0,0.0,0.0,24.2,0
2018-01-25,-3.1,-12.6,0.0,0.0,0.0,16.0,0
2018-01-26,3.6,-5.5,0.0,0.0,0.0,18.5,0
2018-01-27,8.3,3.3,1.1,1.1,0.0,31.3,0
2018-01-28,5.5,-3.0,0.0,0.0,0.0,17.7,0
2018-01-29,-0.9,-4.2,3.3,0.1,2.24,19.0,0
2018-01-30,-4.8,-17.0,2.0,0.0,1.4,23.4,0
2018-01-31,1.7,-18.4,1.3,0.0,0.91,25.4,0
2018-02-01,3.7,-8.8,0.0,0.0,0.0,28.9,0
2018-02-02,-8.4,-14.4,0.0,0.0,0.0,24.9,0
2018-02-03,-1.9,-10.5,1.4,0.0,0.98,27.1,0
2018-02-04,1.7,-7.5,6.2,0.5,3.99,32.1,0
2018-02-05,-6.9,-14.4,0.6,0.0,0.42,31.4,0
2018-02-06,-4.5,-9.3,0.8,0.0,0.56,20.8,0
2018-02-07,-4.5,-10.2,7.2,0.0,5.04,19.3,0
2018-02-08,-5.4,-16.4,0.1,0.0,0.07,25.9,0
2018-02-09,-3.5,-10.7,4.9,0.0,3.43,20.1,0
2018-02-10,-3.6,-7.8,5.6,0.0,3.92,12.1,0
2018-02-11,0.2,-6.5,3.8,2.2,1.12,24.1,0
2018-02-12,-2.3,-11.0,0.0,0.0,0.0,17.3,0
2018-02-13,-2.6,-17.3,0.9,0.0,0.63,11.5,0
2018-02-14,4.3,-6.7,0.0,0.0,0.0,22.0,0
2018-02-15,9.8,1.5,0.3,0.3,0.0,22.2,0
2018-02-16,3.3,-5.3,0.0,0.0,0.0,27.9,0
2018-02-17,0.6,-6.7,0.0,0.0,0.0,22.7,0
2018-02-18,3.8,-2.4,0.1,0.0,0.07,19.6,0
2018-02-19,5.2,-2.1,16.3,16.3,0.0,13.2,0
2018-02-20,13.3,3.3,23.4,23.4,0.0,28.8,0
2018-02-21,14.1,-2.5,7.8,7.8,0.0,28.6,0
2018-02-22,0.8,-2.7,0.0,0.0,0.0,16.3,0
2018-02-23,7.4,-0.2,6.8,6.8,0.0,26.9,0
2018-02-24,5.3,-1.7,0.0,0.0,0.0,19.0,0
2018-02-25,11.1,0.8,8.2,7.9,0.21,36.2,0
2018-02-26,8.4,-1.7,0.0,0.0,0.0,23.8,0
2018-02-27,11.4,-2.9,0.0,0.0,0.0,26.1,0
2018-02-28,13.7,1.2,0.0,0.0,0.0,23.5,0
2018-03-01,3.2,-1.2,1.8,0.4,0.98,25.1,0
2018-03-02,3.2,-1.1,4.2,0.0,2.94,31.2,0
2018-03-03,4.0,-4.3,0.0,0.0,0.0,26.0,0
2018-03-04,2.6,-4.9,0.0,0.0,0.0,28.5,0
2018-03-05,3.6,-6.1,0.0,0.0,0.0,22.3,0
2018-03-06,1.4,-3.7,0.8,0.0,0.56,28.0,0
2018-03-07,2.9,-1.0,0.5,0.3,0.14,14.9,0
2018-03-08,1.5,-3.8,0.0,0.0,0.0,16.9,0
2018-03-09,4.5,-3.5,0.8,0.1,0.49,26.9,0
2018-03-10,3.0,-3.6,0.0,0.0,0.0,17.8,0
2018-03-11,2.4,-4.3,0.0,0.0,0.0,13.5,0
2018-03-12,1.0,-5.5,0.0,0.0,0.0,14.4,0
2018-03-13,3.3,-3.8,0.4,0.0,0.28,22.9,0
2018-03-14,2.6,-2.3,1.4,0.0,0.98,34.9,0
2018-03-15,4.1,-3.5,0.5,0.1,0.28,21.4,0
2018-03-16,1.2,-6.1,0.0,0.0,0.0,30.1,0
2018-03-17,4.8,-3.7,0.0,0.0,0.0,25.1,0
2018-03-18,5.2,-5.7,0.0,0.0,0.0,19.7,0
2018-03-19,-0.8,-7.0,0.0,0.0,0.0,17.3,0
2018-03-20,1.4,-5.0,0.0,0.0,0.0,21.0,0
2018-03-21,5.6,-4.5,0.0,0.0,0.0,21.4,0
2018-03-22,4.7,-4.9,0.0,0.0,0.0,23.5,0
2018-03-23,3.9,-3.8,0.0,0.0,0.0,23.1,0
2018-03-24,2.3,-4.8,0.0,0.0,0.0,22.2,0
2018-03-25,2.1,-6.8,0.0,0.0,0.0,21.3,0
2018-03-26,6.0,-0.6,0.0,0.0,0.0,26.0,0
2018-03-27,6.2,3.0,8.4,8.4,0.0,22.4,0
2018-03-28,7.3,0.7,0.1,0.1,0.0,16.7,0
2018-03-29,6.2,0.4,11.8,11.8,0.0,23.5,0
2018-03-30,5.4,-0.3,3.2,3.2,0.0,24.8,0
2018-03-31,8.0,-2.9,4.5,4.5,0.0,35.9,0
2018-04-01,5.7,-3.4,0.1,0.1,0.0,32.7,0
2018-04-02,6.6,-3.8,0.0,0.0,0.0,16.9,0
2018-04-03,3.4,0.4,9.2,9.1,0.07,28.8,0
2018-04-04,6.7,-2.4,10.4,10.4,0.0,48.5,0
2018-04-05,2.5,-4.3,0.7,0.0,0.49,23.0,0
2018-04-06,6.2,-2.8,3.9,0.2,2.59,32.8,0
2018-04-07,2.4,-5.2,0.0,0.0,0.0,23.3,0
2018-04-08,1.7,-5.3,0.0,0.0,0.0,22.0,0
2018-04-09,3.0,-4.7,0.0,0.0,0.0,16.3,0
2018-04-10,5.2,-3.3,1.0,0.1,0.63,21.5,0
2018-04-11,6.1,-1.1,2.0,1.4,0.42,31.6,0
2018-04-12,15.6,-3.7,5.3,5.3,0.0,25.3,0
2018-04-13,5.8,0.3,2.6,2.6,0.0,21.3,0
2018-04-14,5.1,-3.4,31.4,30.7,0.49,31.7,0
2018-04-15,1.8,-2.8,19.5,18.7,0.56,47.7,0
2018-04-16,5.6,1.0,34.4,33.7,0.49,40.3,0
2018-04-17,3.1,-1.2,2.4,0.1,1.61,26.0,0
2018-04-18,6.6,-0.5,0.0,0.0,0.0,20.5,0
2018-04-19,3.4,-2.3,0.0,0.0,0.0,30.9,0
2018-04-20,9.7,-2.1,0.0,0.0,0.0,21.5,0
2018-04-21,11.8,-2.7,0.0,0.0,0.0,18.0,0
2018-04-22,12.7,-2.0,0.0,0.0,0.0,16.2,0
2018-04-23,13.6,0.7,0.0,0.0,0.0,18.3,0
2018-04-24,14.0,6.2,4.2,4.2,0.0,15.9,0
2018-04-25,10.2,4.2,10.5,10.5,0.0,27.1,0
2018-04-26,14.9,3.8,1.5,1.5,0.0,27.6,0
2018-04-27,12.7,2.0,0.2,0.2,0.0,15.2,0
2018-04-28,6.7,1.7,6.2,6.2,0.0,25.0,0
2018-04-29,10.4,1.4,0.2,0.0,0.14,27.7,0
2018-04-30,17.6,2.5,0.0,0.0,0.0,20.7,0
2018-05-01,20.0,3.4,0.0,0.0,0.0,29.6,0
2018-05-02,22.9,14.6,0.0,0.0,0.0,30.1,0
2018-05-03,22.5,11.3,11.9,11.9,0.0,26.3,0
2018-05-04,22.5,8.8,11.5,11.5,0.0,50.8,0
2018-05-05,21.9,8.2,1.3,1.3,0.0,24.4,0
2018-05-06,16.3,9.2,0.6,0.6,0.0,20.1,0
2018-05-07,14.1,9.2,0.0,0.0,0.0,16.4,0
2018-05-08,16.3,8.3,0.0,0.0,0.0,10.3,0
2018-05-09,18.2,6.9,0.0,0.0,0.0,15.2,0
2018-05-10,21.5,8.9,3.3,3.3,0.0,31.0,0
2018-05-11,9.4,5.5,0.0,0.0,0.0,18.1,0
2018-05-12,13.4,6.4,0.0,0.0,0.0,14.7,0
2018-05-13,15.3,5.5,0.0,0.0,0.0,16.4,0
2018-05-14,19.7,6.8,0.0,0.0,0.0,22.5,0
2018-05-15,20.3,12.8,16.8,16.8,0.0,15.7,0
2018-05-16,16.0,8.3,0.0,0.0,0.0,15.1,0
2018-05-17,22.6,9.5,0.0,0.0,0.0,23.9,0
2018-05-18,14.3,9.2,0.0,0.0,0.0,29.8,0
2018-05-19,16.0,9.6,6.7,6.7,0.0,22.9,0
2018-05-20,20.5,10.6,1.8,1.8,0.0,23.5,0
2018-05-21,19.6,6.4,0.0,0.0,0.0,17.1,0
2018-05-22,18.1,10.3,4.5,4.5,0.0,18.9,0
2018-05-23,25.2,11.7,0.0,0.0,0.0,17.9,0
2018-05-24,24.0,10.5,0.0,0.0,0.0,26.8,0
2018-05-25,26.6,16.8,0.0,0.0,0.0,23.7,0
2018-05-26,24.5,15.8,0.0,0.0,0.0,16.6,0
2018-05-27,23.1,13.3,0.0,0.0,0.0,14.8,0
2018-05-28,26.9,15.2,0.0,0.0,0.0,15.9,0
2018-05-29,23.1,16.0,0.0,0.0,0.0,16.1,0
2018-05-30,24.3,14.6,0.2,0.2,0.0,21.2,0
2018-05-31,25.7,19.4,2.2,2.2,0.0,26.1,0
2018-06-01,27.3,18.7,1.9,1.9,0.0,22.6,0
2018-06-02,20.1,14.9,0.0,0.0,0.0,22.3,0
2018-06-03,19.8,14.1,12.6,12.6,0.0,21.3,0
2018-06-04,19.2,14.1,0.5,0.5,0.0,32.2,0
2018-06-05,17.3,11.3,0.2,0.2,0.0,23.2,0
2018-06-06,16.8,9.9,0.0,0.0,0.0,16.1,0
2018-06-07,22.4,13.5,3.0,3.0,0.0,19.1,0
2018-06-08,20.0,12.5,0.0,0.0,0.0,16.3,0
2018-06-09,22.0,12.5,0.0,0.0,0.0,14.1,0
2018-06-10,20.8,14.0,0.0,0.0,0.0,28.6,0
2018-06-11,20.2,12.6,0.0,0.0,0.0,21.3,0
2018-06-12,24.3,11.2,0.0,0.0,0.0,16.8,0
2018-06-13,27.2,17.8,12.1,12.1,0.0,30.8,0
2018-06-14,24.4,15.8,0.0,0.0,0.0,26.0,0
2018-06-15,23.5,12.8,0.0,0.0,0.0,18.8,0
2018-06-16,26.3,13.2,0.0,0.0,0.0,21.7,0
2018-06-17,28.0,15.8,0.0,0.0,0.0,26.1,0
2018-06-18,31.6,21.4,5.2,5.2,0.0,29.9,0
2018-06-19,22.0,17.1,0.0,0.0,0.0,21.3,0
2018-06-20,22.9,14.0,0.0,0.0,0.0,15.8,0
2018-06-21,19.4,14.9,0.0,0.0,0.0,18.3,0
2018-06-22,19.8,13.7,0.3,0.3,0.0,23.5,0
2018-06-23,20.8,15.3,7.7,7.7,0.0,19.5,0
2018-06-24,22.6,16.1,17.8,17.8,0.0,19.3,0
2018-06-25,22.6,14.1,0.0,0.0,0.0,18.5,0
2018-06-26,21.7,10.0,0.0,0.0,0.0,18.9,0
2018-06-27,21.4,16.8,18.4,18.4,0.0,18.0,0
2018-06-28,28.4,17.5,0.7,0.7,0.0,19.6,0
2018-06-29,28.8,17.9,0.0,0.0,0.0,23.7,0
2018-06-30,32.7,21.0,0.0,0.0,0.0,27.3,0
2018-07-01,31.4,22.3,0.0,0.0,0.0,23.4,0
2018-07-02,30.7,22.8,4.2,4.2,0.0,22.3,0
2018-07-03,29.0,17.9,0.0,0.0,0.0,11.9,0
2018-07-04,29.7,19.2,0.0,0.0,0.0,14.4,0
2018-07-05,30.4,22.0,4.0,4.0,0.0,19.8,0
2018-07-06,24.5,18.1,0.0,0.0,0.0,25.2,0
2018-07-07,25.7,14.7,0.0,0.0,0.0,18.6,0
2018-07-08,27.7,14.8,0.0,0.0,0.0,21.6,0
2018-07-09,32.3,16.4,0.0,0.0,0.0,21.6,0
2018-07-10,31.2,21.3,0.7,0.7,0.0,25.1,0
2018-07-11,26.4,17.3,0.0,0.0,0.0,20.2,0
2018-07-12,28.8,16.7,0.0,0.0,0.0,19.9,0
2018-07-13,28.9,20.8,0.0,0.0,0.0,22.3,0
2018-07-14,28.6,22.1,3.0,3.0,0.0,12.8,0
2018-07-15,29.2,20.4,0.7,0.7,0.0,11.5,0
2018-07-16,32.0,22.0,3.4,3.4,0.0,18.4,0
2018-07-17,27.8,19.9,17.6,17.6,0.0,23.4,0
2018-07-18,23.0,16.4,0.0,0.0,0.0,19.5,0
2018-07-19,26.4,14.4,0.0,0.0,0.0,16.0,0
2018-07-20,27.3,18.2,0.0,0.0,0.0,26.7,0
2018-07-21,24.7,22.1,1.2,1.2,0.0,27.7,0
2018-07-22,25.0,17.8,17.2,17.2,0.0,26.3,0
2018-07-23,26.9,21.2,4.1,4.1,0.0,19.7,0
2018-07-24,28.5,22.4,3.3,3.3,0.0,17.4,0
2018-07-25,28.4,21.0,2.5,2.5,0.0,15.5,0
2018-07-26,26.7,17.5,9.1,9.1,0.0,18.4,0
2018-07-27,26.9,17.5,0.4,0.4,0.0,20.4,0
2018-07-28,24.9,16.4,1.9,1.9,0.0,24.2,0
2018-07-29,24.9,14.3,3.8,3.8,0.0,18.7,0
2018-07-30,26.0,15.9,0.0,0.0,0.0,14.0,0
2018-07-31,25.4,18.4,0.0,0.0,0.0,14.8,0
2018-08-01,26.2,21.2,2.0,2.0,0.0,26.9,0
2018-08-02,27.6,18.7,0.1,0.1,0.0,19.3,0
2018-08-03,27.0,18.6,0.2,0.2,0.0,13.1,0
2018-08-04,28.2,19.4,0.8,0.8,0.0,12.5,0
2018-08-05,32.0,20.2,0.0,0.0,0.0,22.3,0
2018-08-06,32.1,24.0,6.0,6.0,0.0,23.7,0
2018-08-07,27.1,21.8,5.7,5.7,0.0,12.0,0
2018-08-08,25.5,21.2,20.0,20.0,0.0,12.7,0
2018-08-09,28.5,17.4,1.7,1.7,0.0,15.1,0
2018-08-10,24.4,17.5,0.0,0.0,0.0,15.6,0
2018-08-11,25.7,15.4,0.0,0.0,0.0,11.2,0
2018-08-12,27.2,18.4,0.0,0.0,0.0,9.6,0
2018-08-13,26.4,18.7,0.0,0.0,0.0,11.4,0
2018-08-14,29.4,20.2,0.0,0.0,0.0,21.3,0
2018-08-15,31.9,21.2,0.3,0.3,0.0,17.7,0
2018-08-16,28.5,19.8,0.4,0.4,0.0,17.7,0
2018-08-17,27.4,22.1,19.4,19.4,0.0,20.2,0
2018-08-18,25.3,20.5,0.5,0.5,0.0,14.6,0
2018-08-19,24.5,19.7,0.0,0.0,0.0,11.3,0
2018-08-20,24.8,18.8,0.1,0.1,0.0,21.2,0
2018-08-21,23.6,20.9,22.5,22.5,0.0,24.5,0
2018-08-22,22.0,16.4,2.4,2.4,0.0,25.6,0
2018-08-23,26.2,15.8,0.1,0.1,0.0,20.9,0
2018-08-24,25.6,15.3,0.0,0.0,0.0,20.8,0
2018-08-25,24.8,21.3,8.5,8.5,0.0,25.2,0
2018-08-26,29.4,21.1,1.9,1.9,0.0,22.7,0
2018-08-27,27.6,19.8,1.6,1.6,0.0,19.4,0
2018-08-28,31.1,24.3,0.3,0.3,0.0,29.5,0
2018-08-29,29.4,21.8,6.6,6.6,0.0,26.3,0
2018-08-30,20.8,16.4,0.0,0.0,0.0,18.9,0
2018-08-31,22.5,16.8,1.7,1.7,0.0,13.1,0
2018-09-01,27.9,16.8,0.0,0.0,0.0,15.5,0
2018-09-02,27.8,22.5,3.6,3.6,0.0,21.4,0
2018-09-03,29.7,22.7,6.5,6.5,0.0,20.2,0
2018-09-04,25.1,17.3,0.1,0.1,0.0,10.6,0
2018-09-05,30.9,21.1,1.5,1.5,0.0,20.5,0
2018-09-06,26.4,18.3,0.3,0.3,0.0,17.5,0
2018-09-07,22.9,16.4,0.0,0.0,0.0,17.1,0
2018-09-08,18.0,13.8,0.0,0.0,0.0,19.4,0
2018-09-09,16.8,12.0,0.0,0.0,0.0,31.8,0
2018-09-10,17.6,14.8,15.1,15.1,0.0,33.7,0
2018-09-11,21.9,16.1,0.0,0.0,0.0,17.8,0
2018-09-12,23.3,14.2,0.0,0.0,0.0,10.5,0
2018-09-13,24.1,18.4,0.0,0.0,0.0,20.8,0
2018-09-14,26.0,19.8,0.0,0.0,0.0,14.6,0
2018-09-15,27.0,19.2,0.2,0.2,0.0,9.7,0
2018-09-16,26.9,19.5,0.0,0.0,0.0,10.5,0
2018-09-17,26.1,20.6,0.0,0.0,0.0,14.9,0
2018-09-18,27.0,16.1,0.0,0.0,0.0,22.9,0
2018-09-19,21.3,14.8,0.0,0.0,0.0,18.7,0
2018-09-20,19.3,17.0,1.4,1.4,0.0,25.3,0
2018-09-21,28.2,18.1,1.5,1.5,0.0,38.3,0
2018-09-22,17.2,11.8,0.0,0.0,0.0,30.4,0
2018-09-23,18.3,8.2,0.0,0.0,0.0,11.5,0
2018-09-24,19.6,13.5,0.3,0.3,0.0,33.1,0
2018-09-25,21.2,16.4,12.8,12.8,0.0,25.0,0
2018-09-26,22.4,12.0,3.7,3.7,0.0,27.2,0
2018-09-27,17.6,9.1,0.0,0.0,0.0,13.8,0
2018-09-28,22.6,10.3,2.9,2.9,0.0,26.1,0
2018-09-29,15.5,9.4,1.2,1.2,0.0,18.4,0
2018-09-30,13.9,8.1,3.8,3.8,0.0,13.7,0
2018-10-01,13.4,10.1,16.5,16.5,0.0,20.0,0
2018-10-02,14.9,10.3,17.1,17.1,0.0,21.4,0
2018-10-03,17.7,8.8,0.0,0.0,0.0,14.2,0
2018-10-04,22.2,9.3,1.7,1.7,0.0,33.4,0
2018-10-05,12.5,6.7,0.3,0.3,0.0,23.1,0
2018-10-06,20.8,12.0,12.7,12.7,0.0,17.3,0
2018-10-07,16.3,13.4,13.9,13.9,0.0,18.6,0
2018-10-08,17.6,12.3,0.1,0.1,0.0,24.1,0
2018-10-09,25.9,14.7,5.6,5.6,0.0,17.6,0
2018-10-10,25.0,19.6,0.0,0.0,0.0,24.3,0
2018-10-11,21.8,11.7,16.3,16.3,0.0,26.3,0
2018-10-12,11.3,7.2,0.6,0.6,0.0,26.1,0
2018-10-13,10.0,3.9,1.6,1.6,0.0,23.1,0
2018-10-14,14.6,2.2,0.0,0.0,0.0,22.2,0
2018-10-15,13.8,5.8,3.7,3.7,0.0,35.2,0
2018-10-16,11.8,3.9,0.0,0.0,0.0,26.6,0
2018-10-17,10.0,3.7,1.9,1.9,0.0,30.4,0
2018-10-18,8.8,1.6,0.0,0.0,0.0,20.9,0
2018-10-19,15.5,6.3,0.1,0.1,0.0,28.8,0
2018-10-20,12.3,6.0,0.9,0.9,0.0,28.6,0
2018-10-21,5.7,2.2,0.0,0.0,0.0,25.5,0
2018-10-22,12.3,3.2,0.0,0.0,0.0,19.0,0
2018-10-23,11.4,3.0,3.1,3.1,0.0,27.5,0
2018-10-24,7.3,3.2,0.0,0.0,0.0,25.3,0
2018-10-25,9.0,1.8,0.0,0.0,0.0,10.4,0
2018-10-26,8.1,4.1,0.3,0.3,0.0,31.4,0
2018-10-27,7.6,2.0,9.0,8.0,0.7,31.1,0
2018-10-28,6.8,1.9,2.9,2.7,0.14,13.9,0
2018-10-29,8.4,3.4,0.3,0.3,0.0,24.1,0
2018-10-30,9.7,0.6,0.0,0.0,0.0,14.3,0
2018-10-31,14.6,4.9,18.1,18.1,0.0,18.1,0
2018-11-01,7.9,4.2,21.0,21.0,0.0,25.0,0
2018-11-02,5.9,4.5,12.7,12.7,0.0,27.6,0
2018-11-03,7.4,3.2,1.1,1.1,0.0,27.4,0
2018-11-04,7.5,-1.0,0.0,0.0,0.0,30.3,0
2018-11-05,11.5,7.2,3.0,3.0,0.0,24.3,0
2018-11-06,14.2,8.8,6.8,6.8,0.0,34.5,0
2018-11-07,9.9,4.7,0.2,0.2,0.0,29.4,0
2018-11-08,7.0,3.0,0.1,0.1,0.0,21.0,0
2018-11-09,5.3,0.4,7.2,6.8,0.28,29.5,0
2018-11-10,3.3,-2.0,0.0,0.0,0.0,42.2,0
2018-11-11,3.6,-1.3,0.0,0.0,0.0,16.2,0
2018-11-12,6.6,-1.1,0.0,0.0,0.0,12.0,0
2018-11-13,3.3,-2.0,2.7,2.1,0.42,21.1,0
2018-11-14,0.1,-4.4,0.0,0.0,0.0,22.7,0
2018-11-15,1.4,-4.2,8.2,0.0,5.74,27.2,0
2018-11-16,2.7,1.1,6.2,2.2,2.8,24.3,0
2018-11-17,3.5,-2.2,0.0,0.0,0.0,24.6,0
2018-11-18,2.8,-4.6,0.0,0.0,0.0,13.5,0
2018-11-19,4.2,-1.6,0.0,0.0,0.0,13.0,0
2018-11-20,1.4,-2.4,1.1,0.0,0.77,23.8,0
2018-11-21,1.5,-9.9,0.7,0.0,0.49,30.2,0
2018-11-22,-5.6,-11.7,0.0,0.0,0.0,16.6,0
2018-11-23,2.7,-5.8,0.0,0.0,0.0,19.4,0
2018-11-24,5.4,0.9,6.3,6.3,0.0,16.5,0
2018-11-25,8.0,1.6,0.3,0.3,0.0,19.7,0
2018-11-26,5.6,0.4,17.4,17.4,0.0,31.4,0
2018-11-27,2.7,-0.1,2.2,1.3,0.63,31.4,0
2018-11-28,2.4,-0.5,0.3,0.0,0.21,33.9,0
2018-11-29,3.2,-0.5,0.0,0.0,0.0,16.3,0
2018-11-30,3.0,-2.0,0.9,0.2,0.49,8.3,0
2018-12-01,3.8,0.8,1.6,1.6,0.0,30.8,0
2018-12-02,11.5,3.6,10.6,10.6,0.0,26.6,0
2018-12-03,6.6,-0.4,4.4,4.3,0.07,36.1,0
2018-12-04,0.1,-4.3,0.0,0.0,0.0,16.3,0
2018-12-05,2.6,-5.7,0.0,0.0,0.0,14.5,0
2018-12-06,3.3,-2.9,0.4,0.0,0.28,30.5,0
2018-12-07,-2.5,-7.3,0.0,0.0,0.0,13.8,0
2018-12-08,0.9,-5.3,0.1,0.0,0.07,20.7,0
2018-12-09,2.1,-5.2,0.0,0.0,0.0,21.2,0
2018-12-10,2.5,-1.1,0.0,0.0,0.0,12.1,0
2018-12-11,0.4,-3.0,0.3,0.0,0.21,18.4,0
2018-12-12,2.1,-3.6,0.0,0.0,0.0,27.1,0
2018-12-13,4.3,0.3,0.5,0.0,0.35,25.3,0
2018-12-14,4.1,-0.9,3.4,3.4,0.0,10.8,0
2018-12-15,6.1,-0.6,0.0,0.0,0.0,14.8,0
2018-12-16,3.1,-0.6,0.0,0.0,0.0,16.3,0
2018-12-17,4.4,-0.7,0.0,0.0,0.0,25.9,0
2018-12-18,-0.1,-5.9,0.0,0.0,0.0,16.8,0
2018-12-19,5.4,-3.0,0.0,0.0,0.0,16.8,0
2018-12-20,4.8,-1.2,1.4,1.4,0.0,13.7,0
2018-12-21,5.9,0.4,18.1,18.1,0.0,27.6,0
2018-12-22,-0.1,-1.5,0.0,0.0,0.0,26.9,0
2018-12-23,2.0,-2.1,1.6,0.4,0.84,11.9,0
2018-12-24,3.4,-1.8,0.4,0.0,0.28,22.7,0
2018-12-25,0.2,-4.8,0.6,0.0,0.42,12.4,0
2018-12-26,4.2,-3.1,0.0,0.0,0.0,18.6,0
2018-12-27,3.2,-6.0,0.3,0.3,0.0,31.4,0
2018-12-28,9.4,3.7,5.1,5.1,0.0,27.1,0
2018-12-29,5.5,-6.2,0.1,0.0,0.07,27.5,0
2018-12-30,1.7,-5.3,1.1,0.0,0.77,20.1,0
2018-12-31,3.9,-3.1,11.1,11.1,0.0,26.7,0
2019-01-01,6.4,-6.5,4.9,4.9,0.0,25.8,0
2019-01-02,0.1,-8.3,1.4,0.0,0.98,15.6,0
2019-01-03,1.5,-1.0,0.9,0.0,0.63,23.9,0
2019-01-04,7.8,-0.8,0.0,0.0,0.0,27.4,0
2019-01-05,3.8,-1.4,0.0,0.0,0.0,17.6,0
2019-01-06,2.9,-6.4,0.4,0.0,0.28,20.4,0
2019-01-07,4.5,-7.3,1.5,0.4,0.77,35.7,0
2019-01-08,8.0,2.7,7.6,7.6,0.0,32.1,0
2019-01-09,3.4,-2.4,1.3,0.7,0.42,32.9,0
2019-01-10,-2.1,-7.4,0.0,0.0,0.0,31.9,0
2019-01-11,-4.4,-12.6,0.0,0.0,0.0,23.0,0
2019-01-12,-3.1,-8.8,0.0,0.0,0.0,15.1,0
2019-01-13,-5.7,-9.5,0.0,0.0,0.0,19.2,0
2019-01-14,-1.2,-8.3,0.0,0.0,0.0,13.4,0
2019-01-15,1.8,-4.5,0.1,0.0,0.07,26.3,0
2019-01-16,0.8,-9.0,0.3,0.0,0.21,30.7,0
2019-01-17,-2.6,-10.7,0.0,0.0,0.0,14.6,0
2019-01-18,1.5,-4.0,1.0,0.0,0.7,23.3,0
2019-01-19,-5.4,-14.3,6.3,0.0,4.41,22.1,0
2019-01-20,-14.5,-20.0,5.1,0.0,3.57,31.9,0
2019-01-21,-10.6,-21.7,0.0,0.0,0.0,26.4,0
2019-01-22,-1.0,-18.5,0.0,0.0,0.0,17.3,0
2019-01-23,6.7,-0.6,14.1,9.4,3.29,28.4,0
2019-01-24,5.1,-2.5,3.7,1.9,1.26,22.4,0
2019-01-25,-2.7,-8.7,0.0,0.0,0.0,38.2,0
2019-01-26,-6.0,-11.8,0.2,0.1,0.07,23.8,0
2019-01-27,-2.8,-13.3,4.5,0.0,3.15,33.0,0
2019-01-28,-4.0,-18.9,4.9,0.0,3.43,37.4,0
2019-01-29,1.4,-12.7,5.5,0.0,3.85,34.9,0
2019-01-30,-13.5,-19.7,0.0,0.0,0.0,37.1,0
2019-01-31,-13.4,-19.9,0.0,0.0,0.0,32.4,0
2019-02-01,-10.3,-19.9,0.0,0.0,0.0,22.6,0
2019-02-02,2.4,-16.0,0.1,0.0,0.07,22.5,0
2019-02-03,7.0,-0.3,1.2,0.7,0.35,19.9,0
2019-02-04,9.1,3.6,1.3,1.3,0.0,28.3,0
2019-02-05,9.1,-6.0,1.5,1.5,0.0,26.3,0
2019-02-06,-1.0,-6.0,10.7,9.7,0.7,30.1,0
2019-02-07,3.8,-2.7,1.8,1.8,0.0,23.9,0
2019-02-08,10.3,-8.0,0.6,0.5,0.07,39.6,0
2019-02-09,-2.4,-8.9,0.0,0.0,0.0,33.1,0
2019-02-10,-2.6,-9.0,0.3,0.0,0.21,15.1,0
2019-02-11,-2.2,-5.5,0.6,0.0,0.42,24.3,0
2019-02-12,0.9,-6.7,24.3,2.4,15.33,45.1,0
2019-02-13,2.4,-4.3,3.7,1.2,1.75,38.2,0
2019-02-14,1.6,-4.4,0.1,0.1,0.0,21.3,0
2019-02-15,4.1,-5.0,2.3,2.2,0.07,33.6,0
2019-02-16,-2.6,-8.7,0.0,0.0,0.0,22.6,0
2019-02-17,-5.9,-12.7,0.4,0.0,0.28,21.3,0
2019-02-18,-5.1,-12.0,4.4,0.0,3.08,20.8,0
2019-02-19,-3.1,-16.2,0.0,0.0,0.0,13.1,0
2019-02-20,0.6,-16.1,2.1,1.0,0.77,26.1,0
2019-02-21,3.7,-1.9,1.2,1.2,0.0,24.4,0
2019-02-22,1.9,-7.2,0.0,0.0,0.0,11.4,0
2019-02-23,1.5,-9.6,0.0,0.0,0.0,26.2,0
2019-02-24,8.1,-0.6,8.9,8.5,0.28,43.0,0
2019-02-25,-1.6,-7.0,1.0,0.0,0.7,46.1,0
2019-02-26,-5.3,-10.6,0.0,0.0,0.0,23.2,0
2019-02-27,-5.8,-12.1,7.3,0.0,5.11,25.3,0
2019-02-28,-6.8,-19.3,0.1,0.0,0.07,15.0,0
2019-03-01,-2.0,-14.2,0.0,0.0,0.0,11.3,0
2019-03-02,0.8,-8.3,3.2,0.0,2.24,17.7,0
2019-03-03,-2.5,-10.5,1.1,0.0,0.77,15.7,0
2019-03-04,-7.1,-16.0,0.0,0.0,0.0,21.5,0
2019-03-05,-7.4,-13.7,0.7,0.1,0.42,27.1,0
2019-03-06,-8.3,-15.3,0.1,0.1,0.0,22.8,0
2019-03-07,-4.5,-14.6,0.1,0.0,0.07,18.7,0
2019-03-08,-2.4,-17.6,0.0,0.0,0.0,12.1,0
2019-03-09,0.0,-15.4,0.0,0.0,0.0,35.3,0
2019-03-10,5.9,0.5,15.4,15.2,0.14,38.5,0
2019-03-11,3.1,-2.8,0.0,0.0,0.0,29.2,0
2019-03-12,3.8,-5.4,0.0,0.0,0.0,18.8,0
2019-03-13,4.2,-4.8,0.2,0.1,0.07,16.9,0
2019-03-14,9.8,1.2,9.0,9.0,0.0,36.3,0
2019-03-15,12.3,2.6,2.0,2.0,0.0,39.6,0
2019-03-16,3.3,-3.1,0.4,0.3,0.07,32.7,0
2019-03-17,3.6,-5.0,0.0,0.0,0.0,21.8,0
2019-03-18,4.8,-4.4,0.5,0.0,0.35,20.6,0
2019-03-19,4.0,-3.9,0.6,0.0,0.42,13.1,0
2019-03-20,8.4,-2.9,0.3,0.3,0.0,27.4,0
2019-03-21,8.0,1.5,1.0,1.0,0.0,20.4,0
2019-03-22,4.4,-2.4,0.6,0.4,0.14,40.3,0
2019-03-23,7.4,-6.7,0.0,0.0,0.0,39.0,0
2019-03-24,9.7,-1.4,0.0,0.0,0.0,23.1,0
2019-03-25,3.2,-5.2,0.0,0.0,0.0,24.1,0
2019-03-26,2.5,-5.0,0.0,0.0,0.0,18.5,0
2019-03-27,7.0,-4.8,0.0,0.0,0.0,15.4,0
2019-03-28,10.6,-0.5,1.8,1.8,0.0,27.2,0
2019-03-29,9.7,1.6,0.3,0.3,0.0,17.3,0
2019-03-30,7.7,1.8,19.8,19.5,0.21,22.9,0
2019-03-31,3.6,-2.4,11.8,0.9,7.63,27.5,0
2019-04-01,4.5,-5.8,0.0,0.0,0.0,24.2,0
2019-04-02,8.1,-0.7,0.0,0.0,0.0,25.7,0
2019-04-03,7.0,-1.4,0.5,0.5,0.0,38.7,0
2019-04-04,4.8,-4.0,0.0,0.0,0.0,12.3,0
2019-04-05,4.5,-1.8,1.2,1.2,0.0,23.4,0
2019-04-06,11.2,0.3,0.0,0.0,0.0,9.4,0
2019-04-07,10.5,3.5,1.3,1.3,0.0,26.5,0
2019-04-08,17.6,4.7,7.4,7.4,0.0,31.7,0
2019-04-09,10.5,3.7,0.7,0.7,0.0,36.4,0
2019-04-10,6.6,0.6,0.0,0.0,0.0,17.7,0
2019-04-11,2.4,-1.4,0.9,0.3,0.42,28.2,0
2019-04-12,15.5,2.7,2.8,2.8,0.0,30.6,0
2019-04-13,14.6,3.1,0.0,0.0,0.0,27.0,0
2019-04-14,3.9,1.4,27.6,26.3,0.91,29.3,0
2019-04-15,9.3,1.9,3.0,3.0,0.0,34.4,0
2019-04-16,8.9,-0.7,1.6,1.6,0.0,21.1,0
2019-04-17,11.3,-0.6,0.0,0.0,0.0,27.2,0
2019-04-18,18.4,5.6,4.0,4.0,0.0,26.0,0
2019-04-19,15.6,5.2,20.0,20.0,0.0,27.5,0
2019-04-20,10.5,5.0,13.1,13.1,0.0,21.3,0
2019-04-21,12.1,3.9,0.1,0.1,0.0,11.7,0
2019-04-22,15.3,3.3,0.0,0.0,0.0,9.5,0
2019-04-23,14.1,5.8,7.3,7.3,0.0,32.5,0
2019-04-24,13.2,3.5,0.0,0.0,0.0,22.2,0
2019-04-25,11.3,0.7,0.0,0.0,0.0,16.1,0
2019-04-26,13.6,5.9,23.0,23.0,0.0,34.7,0
2019-04-27,11.0,2.0,0.0,0.0,0.0,35.0,0
2019-04-28,9.9,1.4,0.0,0.0,0.0,27.6,0
2019-04-29,6.1,-1.3,1.4,1.4,0.0,28.4,0
2019-04-30,9.7,2.5,0.0,0.0,0.0,18.7,0
2019-05-01,8.0,4.7,12.7,12.7,0.0,34.0,0
2019-05-02,10.1,4.5,0.0,0.0,0.0,15.3,0
2019-05-03,12.2,4.9,12.9,12.9,0.0,14.9,0
2019-05-04,12.0,5.7,0.8,0.8,0.0,13.4,0
2019-05-05,14.4,3.4,0.0,0.0,0.0,9.1,0
2019-05-06,20.9,3.8,1.6,1.6,0.0,21.6,0
2019-05-07,13.5,6.7,3.9,3.9,0.0,18.7,0
2019-05-08,9.6,4.9,0.0,0.0,0.0,22.7,0
2019-05-09,14.8,6.4,13.4,13.4,0.0,31.5,0
2019-05-10,17.4,6.2,8.8,8.8,0.0,27.8,0
2019-05-11,11.6,2.2,0.0,0.0,0.0,12.9,0
2019-05-12,8.7,5.3,5.9,5.9,0.0,30.2,0
2019-05-13,8.1,4.5,10.7,10.7,0.0,27.5,0
2019-05-14,13.0,6.5,2.1,2.1,0.0,15.5,0
2019-05-15,20.3,4.7,1.1,1.1,0.0,14.7,0
2019-05-16,12.7,5.5,1.5,1.5,0.0,17.3,0
2019-05-17,18.4,10.5,1.1,1.1,0.0,21.4,0
2019-05-18,14.3,5.5,0.0,0.0,0.0,19.4,0
2019-05-19,21.7,7.7,1.4,1.4,0.0,27.5,0
2019-05-20,18.5,9.5,0.5,0.5,0.0,34.7,0
2019-05-21,17.8,6.6,0.0,0.0,0.0,20.0,0
2019-05-22,13.3,5.7,0.4,0.4,0.0,28.9,0
2019-05-23,25.3,8.0,4.7,4.7,0.0,31.0,0
2019-05-24,18.7,11.7,0.0,0.0,0.0,20.3,0
2019-05-25,22.7,9.3,14.0,14.0,0.0,21.3,0
2019-05-26,24.5,14.7,0.0,0.0,0.0,22.1,0
2019-05-27,20.2,10.1,0.3,0.3,0.0,19.9,0
2019-05-28,14.4,9.3,7.4,7.4,0.0,35.0,0
2019-05-29,13.8,9.6,1.0,1.0,0.0,10.2,0
2019-05-30,20.0,8.6,0.8,0.8,0.0,16.4,0
2019-05-31,15.9,8.7,0.3,0.3,0.0,18.1,0
2019-06-01,20.0,9.7,0.8,0.8,0.0,11.6,0
2019-06-02,20.3,9.9,7.3,7.3,0.0,28.7,0
2019-06-03,16.7,6.6,0.0,0.0,0.0,26.7,0
2019-06-04,16.4,5.9,0.3,0.3,0.0,20.0,0
2019-06-05,18.9,13.0,11.0,11.0,0.0,20.2,0
2019-06-06,20.0,13.6,0.0,0.0,0.0,16.9,0
2019-06-07,23.0,10.6,0.0,0.0,0.0,18.9,0
2019-06-08,19.4,13.3,0.0,0.0,0.0,22.9,0
2019-06-09,20.0,12.6,0.0,0.0,0.0,21.6,0
2019-06-10,16.4,12.7,17.2,17.2,0.0,28.6,0
2019-06-11,22.0,10.5,0.1,0.1,0.0,24.8,0
2019-06-12,19.8,8.0,0.0,0.0,0.0,16.9,0
2019-06-13,17.1,13.2,11.5,11.5,0.0,17.7,0
2019-06-14,22.5,11.8,0.2,0.2,0.0,33.2,0
2019-06-15,21.5,14.5,2.0,2.0,0.0,30.4,0
2019-06-16,17.9,11.2,0.0,0.0,0.0,14.0,0
2019-06-17,19.8,11.9,0.0,0.0,0.0,12.6,0
2019-06-18,22.7,15.2,0.0,0.0,0.0,8.9,0
2019-06-19,23.8,14.3,0.0,0.0,0.0,9.6,0
2019-06-20,22.6,17.4,17.4,17.4,0.0,18.3,0
2019-06-21,22.1,14.6,2.1,2.1,0.0,21.6,0
2019-06-22,24.3,12.7,0.0,0.0,0.0,20.0,0
2019-06-23,23.0,12.5,0.0,0.0,0.0,16.7,0
2019-06-24,20.8,13.8,0.9,0.9,0.0,19.5,0
2019-06-25,25.8,16.8,18.5,18.5,0.0,21.7,0
2019-06-26,27.7,17.8,0.9,0.9,0.0,23.6,0
2019-06-27,25.8,14.9,0.0,0.0,0.0,12.9,0
2019-06-28,25.7,14.6,1.5,1.5,0.0,14.1,0
2019-06-29,26.3,18.7,6.7,6.7,0.0,14.1,0
2019-06-30,23.0,16.8,0.0,0.0,0.0,23.4,0
2019-07-01,24.1,12.7,0.0,0.0,0.0,16.7,0
2019-07-02,26.8,20.0,2.7,2.7,0.0,17.3,0
2019-07-03,26.3,18.4,0.6,0.6,0.0,11.5,0
2019-07-04,25.9,16.8,0.0,0.0,0.0,14.8,0
2019-07-05,28.0,19.7,6.8,6.8,0.0,15.9,0
2019-07-06,28.6,22.6,11.6,11.6,0.0,17.9,0
2019-07-07,23.7,17.5,0.0,0.0,0.0,17.6,0
2019-07-08,23.8,13.6,0.0,0.0,0.0,15.1,0
2019-07-09,25.7,15.2,0.0,0.0,0.0,12.4,0
2019-07-10,26.4,15.7,0.0,0.0,0.0,14.2,0
2019-07-11,26.7,19.0,6.8,6.8,0.0,20.5,0
2019-07-12,25.1,16.9,0.0,0.0,0.0,15.5,0
2019-07-13,28.7,15.7,2.3,2.3,0.0,21.1,0
2019-07-14,26.5,17.2,0.0,0.0,0.0,20.1,0
2019-07-15,25.0,14.6,0.0,0.0,0.0,13.0,0
2019-07-16,31.3,20.6,2.9,2.9,0.0,29.6,0
2019-07-17,27.0,21.7,15.2,15.2,0.0,14.0,0
2019-07-18,26.0,21.8,0.0,0.0,0.0,15.0,0
2019-07-19,32.2,22.7,0.2,0.2,0.0,20.1,0
2019-07-20,33.1,24.5,0.3,0.3,0.0,19.8,0
2019-07-21,28.9,20.6,0.4,0.4,0.0,20.7,0
2019-07-22,23.5,17.6,1.6,1.6,0.0,15.8,0
2019-07-23,25.5,16.1,0.2,0.2,0.0,15.8,0
2019-07-24,25.5,16.2,0.0,0.0,0.0,17.9,0
2019-07-25,27.1,15.8,0.1,0.1,0.0,13.7,0
2019-07-26,27.7,15.7,0.0,0.0,0.0,20.6,0
2019-07-27,28.7,18.0,0.1,0.1,0.0,25.7,0
2019-07-28,30.9,22.2,0.9,0.9,0.0,19.8,0
2019-07-29,30.2,20.9,0.6,0.6,0.0,24.0,0
2019-07-30,28.2,20.9,6.1,6.1,0.0,13.0,0
2019-07-31,25.9,16.2,0.0,0.0,0.0,15.7,0
2019-08-01,25.6,16.2,0.0,0.0,0.0,16.5,0
2019-08-02,26.5,15.7,0.0,0.0,0.0,14.1,0
2019-08-03,27.0,16.3,0.0,0.0,0.0,16.3,0
2019-08-04,24.5,19.3,0.0,0.0,0.0,16.2,0
2019-08-05,27.4,16.1,0.0,0.0,0.0,21.2,0
2019-08-06,26.8,20.1,11.9,11.9,0.0,19.3,0
2019-08-07,26.4,19.4,1.9,1.9,0.0,11.5,0
2019-08-08,27.3,15.9,5.3,5.3,0.0,28.1,0
2019-08-09,25.2,16.4,0.1,0.1,0.0,26.7,0
2019-08-10,24.5,15.4,0.0,0.0,0.0,25.2,0
2019-08-11,27.4,15.7,0.0,0.0,0.0,15.4,0
2019-08-12,27.4,18.6,1.5,1.5,0.0,19.4,0
2019-08-13,26.7,19.6,0.2,0.2,0.0,12.4,0
2019-08-14,25.2,18.4,0.0,0.0,0.0,15.0,0
2019-08-15,23.7,16.9,0.5,0.5,0.0,22.1,0
2019-08-16,24.5,17.5,0.7,0.7,0.0,13.7,0
2019-08-17,27.4,19.3,5.9,5.9,0.0,19.6,0
2019-08-18,27.0,18.3,2.8,2.8,0.0,17.6,0
2019-08-19,29.2,19.5,3.3,3.3,0.0,23.7,0
2019-08-20,26.8,15.4,0.3,0.3,0.0,11.1,0
2019-08-21,29.8,20.9,4.5,4.5,0.0,18.9,0
2019-08-22,25.3,16.0,0.4,0.4,0.0,18.0,0
2019-08-23,23.2,14.5,0.1,0.1,0.0,20.4,0
2019-08-24,21.8,13.5,0.0,0.0,0.0,15.0,0
2019-08-25,23.4,13.8,0.0,0.0,0.0,19.1,0
2019-08-26,23.7,15.7,0.0,0.0,0.0,24.1,0
2019-08-27,22.4,18.5,18.0,18.0,0.0,20.2,0
2019-08-28,27.0,18.6,0.2,0.2,0.0,23.5,0
2019-08-29,25.3,15.9,0.0,0.0,0.0,23.3,0
2019-08-30,25.0,15.1,6.4,6.4,0.0,26.2,0
2019-08-31,21.5,12.3,0.0,0.0,0.0,14.0,0
2019-09-01,20.7,14.9,2.7,2.7,0.0,16.4,0
2019-09-02,25.0,15.9,1.9,1.9,0.0,13.0,0
2019-09-03,22.5,13.7,0.5,0.5,0.0,26.5,0
2019-09-04,24.0,14.4,8.1,8.1,0.0,23.8,0
2019-09-05,21.0,10.7,0.0,0.0,0.0,13.8,0
2019-09-06,20.6,14.3,3.5,3.5,0.0,16.9,0
2019-09-07,23.0,13.2,1.5,1.5,0.0,21.4,0
2019-09-08,19.7,12.1,0.0,0.0,0.0,15.9,0
2019-09-09,17.9,11.2,0.1,0.1,0.0,15.3,0
2019-09-10,22.5,14.5,2.5,2.5,0.0,17.6,0
2019-09-11,28.7,20.1,8.8,8.8,0.0,18.2,0
2019-09-12,20.2,14.8,8.5,8.5,0.0,18.9,0
2019-09-13,21.9,14.9,3.7,3.7,0.0,26.3,0
2019-09-14,22.8,16.0,4.9,4.9,0.0,33.4,0
2019-09-15,19.1,11.8,1.2,1.2,0.0,9.9,0
2019-09-16,19.2,15.3,0.9,0.9,0.0,17.1,0
2019-09-17,21.9,13.0,0.0,0.0,0.0,10.3,0
2019-09-18,21.6,13.4,0.0,0.0,0.0,13.0,0
2019-09-19,22.2,13.7,0.0,0.0,0.0,14.6,0
2019-09-20,23.7,12.6,0.0,0.0,0.0,10.3,0
2019-09-21,25.8,17.4,0.0,0.0,0.0,11.0,0
2019-09-22,27.9,20.5,0.2,0.2,0.0,28.1,0
2019-09-23,26.1,17.8,3.0,3.0,0.0,26.3,0
2019-09-24,21.5,12.5,0.3,0.3,0.0,22.8,0
2019-09-25,25.4,12.9,0.0,0.0,0.0,30.7,0
2019-09-26,21.4,12.4,5.7,5.7,0.0,27.9,0
2019-09-27,22.4,9.3,0.0,0.0,0.0,24.5,0
2019-09-28,22.1,14.3,4.9,4.9,0.0,19.9,0
2019-09-29,15.0,10.2,0.0,0.0,0.0,22.0,0
2019-09-30,17.6,13.4,0.8,0.8,0.0,24.0,0
2019-10-01,29.0,15.4,16.1,16.1,0.0,22.9,0
2019-10-02,20.9,11.0,10.7,10.7,0.0,23.9,0
2019-10-03,14.3,10.6,1.3,1.3,0.0,30.3,0
2019-10-04,13.2,5.8,0.1,0.1,0.0,20.7,0
2019-10-05,14.5,5.6,0.0,0.0,0.0,27.4,0
2019-10-06,21.0,13.7,0.7,0.7,0.0,24.0,0
2019-10-07,18.8,9.7,0.0,0.0,0.0,21.4,0
2019-10-08,16.9,7.3,0.0,0.0,0.0,11.8,0
2019-10-09,16.3,9.8,0.0,0.0,0.0,21.3,0
2019-10-10,15.9,10.9,0.0,0.0,0.0,22.5,0
2019-10-11,16.8,12.9,0.0,0.0,0.0,25.9,0
2019-10-12,14.8,7.7,4.3,4.3,0.0,23.2,0
2019-10-13,16.1,5.1,0.0,0.0,0.0,28.0,0
2019-10-14,12.0,6.5,0.1,0.1,0.0,22.6,0
2019-10-15,14.4,3.2,0.0,0.0,0.0,21.7,0
2019-10-16,14.1,7.8,18.0,18.0,0.0,24.4,0
2019-10-17,9.8,7.1,0.1,0.1,0.0,40.3,0
2019-10-18,11.3,4.1,0.0,0.0,0.0,21.1,0
2019-10-19,11.5,1.7,0.0,0.0,0.0,14.8,0
2019-10-20,15.7,7.6,0.0,0.0,0.0,11.7,0
2019-10-21,15.0,7.8,0.0,0.0,0.0,33.6,0
2019-10-22,15.5,11.6,15.7,15.7,0.0,30.1,0
2019-10-23,13.5,8.2,0.0,0.0,0.0,33.0,0
2019-10-24,14.7,5.7,1.3,1.3,0.0,25.0,0
2019-10-25,12.3,4.7,0.1,0.1,0.0,17.1,0
2019-10-26,11.1,1.4,1.7,1.7,0.0,29.0,0
2019-10-27,15.3,9.4,28.8,28.8,0.0,36.9,0
2019-10-28,14.7,5.5,0.0,0.0,0.0,11.6,0
2019-10-29,17.6,8.3,0.0,0.0,0.0,16.4,0
2019-10-30,10.7,8.2,15.6,15.6,0.0,16.6,0
2019-10-31,13.9,8.1,19.1,19.1,0.0,46.2,0
2019-11-01,7.1,1.6,0.6,0.6,0.0,46.8,0
2019-11-02,7.8,2.1,1.6,1.6,0.0,29.9,0
2019-11-03,6.5,-0.4,0.0,0.0,0.0,26.4,0
2019-11-04,11.3,1.2,1.5,1.5,0.0,30.6,0
2019-11-05,10.1,3.6,0.0,0.0,0.0,26.3,0
2019-11-06,6.0,-0.7,1.0,1.0,0.0,19.0,0
2019-11-07,4.2,-2.7,7.1,2.4,3.29,15.1,0
2019-11-08,2.0,-5.3,0.0,0.0,0.0,12.7,0
2019-11-09,3.9,-4.0,0.0,0.0,0.0,32.0,0
2019-11-10,8.2,2.0,0.5,0.5,0.0,23.4,0
2019-11-11,1.8,-5.1,11.4,0.1,7.91,17.9,0
2019-11-12,-5.2,-11.9,3.1,0.0,2.17,18.9,0
2019-11-13,-1.2,-17.2,0.8,0.0,0.56,21.4,0
2019-11-14,0.6,-1.6,1.7,0.0,1.19,20.2,0
2019-11-15,2.8,-1.7,0.0,0.0,0.0,24.4,0
2019-11-16,-2.5,-11.3,0.0,0.0,0.0,18.6,0
2019-11-17,2.2,-3.3,0.0,0.0,0.0,17.6,0
2019-11-18,2.5,-1.5,6.7,5.7,0.7,12.1,0
2019-11-19,3.8,1.0,0.3,0.3,0.0,10.7,0
2019-11-20,8.0,1.7,0.0,0.0,0.0,10.7,0
2019-11-21,8.8,-1.8,3.8,3.8,0.0,26.4,0
2019-11-22,10.2,-0.3,0.0,0.0,0.0,29.8,0
2019-11-23,5.5,-2.3,0.0,0.0,0.0,19.4,0
2019-11-24,6.1,-2.5,0.0,0.0,0.0,17.6,0
2019-11-25,8.7,0.3,0.1,0.1,0.0,18.7,0
2019-11-26,10.8,3.7,0.0,0.0,0.0,14.9,0
2019-11-27,10.1,4.9,12.9,12.9,0.0,31.8,0
2019-11-28,5.9,-3.2,0.0,0.0,0.0,29.8,0
2019-11-29,0.8,-4.0,0.0,0.0,0.0,10.9,0
2019-11-30,-1.3,-3.8,0.0,0.0,0.0,23.6,0
2019-12-01,1.2,-1.9,14.3,1.7,8.82,43.2,0
2019-12-02,1.0,-2.3,4.2,0.1,2.87,26.5,0
2019-12-03,1.8,-11.3,0.3,0.0,0.21,15.0,0
2019-12-04,3.5,-0.3,0.5,0.3,0.14,17.7,0
2019-12-05,0.6,-4.9,0.1,0.0,0.07,21.5,0
2019-12-06,0.4,-7.1,6.6,0.0,4.69,17.2,0
2019-12-07,-1.1,-11.1,0.0,0.0,0.0,13.4,0
2019-12-08,6.1,-7.0,0.0,0.0,0.0,24.8,0
2019-12-09,8.6,5.2,7.2,7.2,0.0,26.9,0
2019-12-10,9.2,-5.6,0.0,0.0,0.0,29.3,0
2019-12-11,-1.8,-6.3,0.0,0.0,0.0,40.3,0
2019-12-12,0.4,-7.2,0.0,0.0,0.0,19.9,0
2019-12-13,5.5,-1.4,0.0,0.0,0.0,15.5,0
2019-12-14,2.6,1.0,19.2,10.8,5.88,26.3,0
2019-12-15,2.3,-4.5,0.1,0.0,0.07,30.8,0
2019-12-16,2.3,-5.7,0.0,0.0,0.0,13.0,0
2019-12-17,2.0,-3.6,1.5,0.0,1.05,16.5,0
2019-12-18,-2.3,-11.9,0.8,0.0,0.56,25.2,0
2019-12-19,-4.4,-14.8,1.0,0.0,0.7,11.0,0
2019-12-20,-3.3,-8.8,0.0,0.0,0.0,15.3,0
2019-12-21,2.7,-3.7,0.0,0.0,0.0,16.8,0
2019-12-22,7.4,-0.4,0.0,0.0,0.0,20.2,0
2019-12-23,10.4,-0.1,0.0,0.0,0.0,20.8,0
2019-12-24,1.3,-3.0,0.0,0.0,0.0,18.2,0
2019-12-25,3.4,-1.6,0.0,0.0,0.0,16.8,0
2019-12-26,3.6,0.9,1.0,1.0,0.0,21.4,0
2019-12-27,9.2,2.5,2.7,2.7,0.0,20.0,0
2019-12-28,4.4,-0.2,0.0,0.0,0.0,13.6,0
2019-12-29,2.9,0.1,6.5,6.5,0.0,31.4,0
2019-12-30,8.8,1.3,13.6,13.6,0.0,41.4,0
2019-12-31,3.1,-0.6,2.6,0.4,1.54,26.7,0
2020-01-01,1.5,-3.0,0.2,0.0,0.14,23.9,0
2020-01-02,7.5,-0.8,0.0,0.0,0.0,26.3,0
2020-01-03,8.5,0.8,0.0,0.0,0.0,14.3,0
2020-01-04,3.1,0.3,1.8,0.0,1.26,15.0,0
2020-01-05,2.4,-2.3,3.2,0.0,2.24,19.6,0
2020-01-06,2.1,-0.8,1.4,0.1,0.91,28.6,0
2020-01-07,3.7,-3.1,0.0,0.0,0.0,17.7,0
2020-01-08,1.2,-8.2,0.7,0.1,0.42,31.6,0
2020-01-09,0.9,-10.4,0.1,0.0,0.07,22.8,0
2020-01-10,7.1,1.3,0.8,0.7,0.07,29.2,0
2020-01-11,11.6,2.3,45.9,45.9,0.0,29.1,0
2020-01-12,1.9,-5.9,15.0,13.1,1.33,28.2,0
2020-01-13,2.2,-5.6,0.7,0.1,0.42,15.9,0
2020-01-14,3.8,-2.5,0.0,0.0,0.0,23.5,0
2020-01-15,4.3,0.4,0.0,0.0,0.0,18.7,0
2020-01-16,2.0,-7.9,1.0,0.0,0.7,31.1,0
2020-01-17,-7.1,-14.0,0.0,0.0,0.0,18.4,0
2020-01-18,3.6,-7.7,16.8,0.6,11.34,29.9,0
2020-01-19,1.8,-9.2,0.0,0.0,0.0,27.9,0
2020-01-20,-5.6,-15.4,0.0,0.0,0.0,19.5,0
2020-01-21,-1.5,-9.5,0.0,0.0,0.0,20.3,0
2020-01-22,0.4,-6.5,0.0,0.0,0.0,22.3,0
2020-01-23,1.8,-7.3,0.0,0.0,0.0,12.6,0
2020-01-24,4.4,-1.5,8.3,8.3,0.0,27.1,0
2020-01-25,4.2,1.4,23.3,21.8,1.05,28.1,0
2020-01-26,3.8,0.3,1.4,1.4,0.0,21.9,0
2020-01-27,2.7,-0.3,0.0,0.0,0.0,18.9,0
2020-01-28,2.4,-1.5,0.0,0.0,0.0,16.2,0
2020-01-29,-0.7,-6.6,0.0,0.0,0.0,12.6,0
2020-01-30,-2.1,-6.7,0.0,0.0,0.0,15.5,0
2020-01-31,0.7,-4.4,0.5,0.0,0.35,11.0,0
2020-02-01,1.8,-5.4,1.7,0.0,1.19,17.6,0
2020-02-02,1.6,-2.2,4.9,0.3,3.29,21.7,0
2020-02-03,6.8,-0.7,0.1,0.1,0.0,19.8,0
2020-02-04,3.9,-1.3,0.0,0.0,0.0,18.7,0
2020-02-05,-1.7,-6.8,0.1,0.0,0.07,22.2,0
2020-02-06,-2.4,-4.2,8.9,0.0,6.23,20.3,0
2020-02-07,-4.1,-8.9,4.5,0.0,3.15,29.1,0
2020-02-08,-7.3,-14.4,0.0,0.0,0.0,13.8,0
2020-02-09,1.8,-7.2,3.1,0.0,2.17,22.2,0
2020-02-10,3.2,-7.1,3.0,0.4,1.82,17.2,0
2020-02-11,2.5,-7.7,0.0,0.0,0.0,18.3,0
2020-02-12,3.2,-7.0,0.0,0.0,0.0,23.7,0
2020-02-13,0.8,-10.9,4.3,0.1,2.94,24.5,0
2020-02-14,-9.0,-21.4,0.0,0.0,0.0,17.7,0
2020-02-15,-0.1,-10.5,0.4,0.0,0.28,28.0,0
2020-02-16,4.7,-3.8,0.2,0.0,0.14,24.0,0
2020-02-17,-0.8,-7.7,0.0,0.0,0.0,19.7,0
2020-02-18,7.0,-1.1,7.0,0.5,4.55,33.1,0
2020-02-19,-0.0,-5.5,0.0,0.0,0.0,21.3,0
2020-02-20,-3.7,-8.9,0.0,0.0,0.0,17.3,0
2020-02-21,2.8,-10.1,0.0,0.0,0.0,28.7,0
2020-02-22,6.6,-3.7,0.0,0.0,0.0,25.4,0
2020-02-23,7.7,-0.7,0.0,0.0,0.0,24.0,0
2020-02-24,9.7,0.3,0.0,0.0,0.0,25.0,0
2020-02-25,5.9,0.8,1.5,0.1,0.98,16.0,0
2020-02-26,1.6,-1.6,10.7,0.0,7.49,19.9,0
2020-02-27,-1.9,-5.3,6.9,0.0,4.83,37.1,0
2020-02-28,-4.1,-7.4,0.9,0.0,0.63,37.3,0
2020-02-29,-3.8,-13.9,0.0,0.0,0.0,20.1,0
2020-03-01,1.9,-13.8,0.1,0.0,0.07,18.1,0
2020-03-02,6.9,-0.2,3.6,3.6,0.0,26.1,0
2020-03-03,4.9,-1.5,9.0,9.0,0.0,16.6,0
2020-03-04,6.6,-1.8,0.4,0.4,0.0,29.7,0
2020-03-05,4.3,-3.7,0.0,0.0,0.0,17.8,0
2020-03-06,3.2,-1.0,2.3,0.2,1.47,28.2,0
2020-03-07,2.0,-6.6,0.0,0.0,0.0,18.2,0
2020-03-08,10.2,-1.0,0.0,0.0,0.0,24.1,0
2020-03-09,15.3,5.7,1.1,1.1,0.0,29.1,0
2020-03-10,10.2,-0.7,6.7,6.7,0.0,30.6,0
2020-03-11,3.1,-3.9,0.0,0.0,0.0,20.6,0
2020-03-12,5.7,-1.1,0.0,0.0,0.0,20.7,0
2020-03-13,9.2,2.6,3.9,3.9,0.0,41.0,0
2020-03-14,5.7,-0.7,0.0,0.0,0.0,22.7,0
2020-03-15,2.1,-4.2,0.0,0.0,0.0,16.6,0
2020-03-16,3.1,-3.9,0.2,0.0,0.14,22.0,0
2020-03-17,7.9,-0.4,2.7,2.0,0.49,27.2,0
2020-03-18,3.3,-4.3,0.4,0.0,0.28,24.1,0
2020-03-19,8.1,1.0,1.8,1.8,0.0,21.5,0
2020-03-20,17.5,-1.6,4.1,4.1,0.0,38.8,0
2020-03-21,1.1,-7.7,0.0,0.0,0.0,27.2,0
2020-03-22,0.6,-5.7,0.0,0.0,0.0,24.7,0
2020-03-23,2.5,0.7,10.7,6.1,3.22,20.2,0
2020-03-24,6.0,-1.4,0.0,0.0,0.0,13.9,0
2020-03-25,8.7,1.2,0.0,0.0,0.0,17.4,0
2020-03-26,12.9,0.6,0.5,0.5,0.0,23.5,0
2020-03-27,7.6,-0.8,0.0,0.0,0.0,12.6,0
2020-03-28,6.8,1.7,3.4,3.4,0.0,29.3,0
2020-03-29,19.4,4.9,11.8,11.8,0.0,32.7,0
2020-03-30,9.2,5.0,1.8,1.8,0.0,23.4,0
2020-03-31,6.7,3.1,0.2,0.2,0.0,23.2,0
2020-04-01,8.7,1.0,0.0,0.0,0.0,16.9,0
2020-04-02,14.1,0.9,0.0,0.0,0.0,27.1,0
2020-04-03,10.7,1.9,2.5,2.5,0.0,22.7,0
2020-04-04,10.2,3.9,0.0,0.0,0.0,12.6,0
2020-04-05,12.6,3.4,1.2,1.2,0.0,20.4,0
2020-04-06,11.2,-1.7,0.0,0.0,0.0,20.4,0
2020-04-07,12.5,2.6,1.5,1.5,0.0,17.2,0
2020-04-08,16.3,5.1,0.0,0.0,0.0,23.3,0
2020-04-09,9.3,2.2,9.9,9.6,0.21,33.5,0
2020-04-10,7.8,1.0,0.1,0.0,0.07,37.8,0
2020-04-11,8.8,-1.6,0.0,0.0,0.0,23.6,0
2020-04-12,10.4,2.0,0.0,0.0,0.0,19.2,0
2020-04-13,15.8,4.6,19.2,19.2,0.0,40.7,0
2020-04-14,6.7,0.1,0.7,0.1,0.42,28.1,0
2020-04-15,5.0,-3.0,0.1,0.0,0.07,26.6,0
2020-04-16,4.9,-3.6,0.4,0.0,0.28,27.2,0
2020-04-17,6.1,-2.2,0.3,0.1,0.14,27.3,0
2020-04-18,9.4,-2.8,0.0,0.0,0.0,23.7,0
2020-04-19,13.8,1.5,2.1,2.1,0.0,27.7,0
2020-04-20,6.2,-3.2,0.0,0.0,0.0,19.6,0
2020-04-21,6.8,-0.9,1.6,1.5,0.07,37.8,0
2020-04-22,6.4,-2.4,0.0,0.0,0.0,27.1,0
2020-04-23,5.7,-4.0,0.0,0.0,0.0,22.1,0
2020-04-24,9.2,3.0,0.0,0.0,0.0,18.0,0
2020-04-25,11.7,-0.8,0.0,0.0,0.0,19.9,0
2020-04-26,9.6,5.8,5.2,5.2,0.0,26.4,0
2020-04-27,11.5,3.5,0.0,0.0,0.0,19.1,0
2020-04-28,10.7,4.1,0.4,0.4,0.0,23.2,0
2020-04-29,13.0,6.1,5.5,5.5,0.0,30.7,0
2020-04-30,12.1,8.3,20.9,20.9,0.0,24.6,0
2020-05-01,16.8,7.4,0.6,0.6,0.0,21.3,0
2020-05-02,15.5,5.1,1.9,1.9,0.0,19.6,0
2020-05-03,21.6,8.3,0.0,0.0,0.0,25.9,0
2020-05-04,10.6,3.6,0.3,0.3,0.0,27.0,0
2020-05-05,8.5,0.2,0.0,0.0,0.0,17.1,0
2020-05-06,10.8,3.5,0.0,0.0,0.0,12.5,0
2020-05-07,11.6,2.7,1.3,1.3,0.0,23.7,0
2020-05-08,5.5,-1.0,0.4,0.0,0.28,25.2,0
2020-05-09,6.6,-2.7,0.6,0.2,0.28,34.5,0
2020-05-10,8.6,0.6,1.2,1.2,0.0,14.6,0
2020-05-11,8.5,2.4,4.9,4.4,0.35,23.3,0
2020-05-12,9.0,-1.6,0.4,0.4,0.0,27.6,0
2020-05-13,10.9,-1.6,0.0,0.0,0.0,22.3,0
2020-05-14,10.5,3.5,6.8,6.8,0.0,15.9,0
2020-05-15,21.3,7.6,7.1,7.1,0.0,24.3,0
2020-05-16,14.7,7.6,0.0,0.0,0.0,16.8,0
2020-05-17,13.2,7.4,1.9,1.9,0.0,24.7,0
2020-05-18,13.6,9.8,12.6,12.6,0.0,33.8,0
2020-05-19,14.4,10.6,0.0,0.0,0.0,31.7,0
2020-05-20,15.7,7.8,0.0,0.0,0.0,20.9,0
2020-05-21,16.6,8.5,0.0,0.0,0.0,13.6,0
2020-05-22,22.3,8.0,0.0,0.0,0.0,10.5,0
2020-05-23,21.6,12.2,0.0,0.0,0.0,13.5,0
2020-05-24,21.7,12.0,2.2,2.2,0.0,17.5,0
2020-05-25,27.5,15.7,3.4,3.4,0.0,20.1,0
2020-05-26,26.9,14.8,0.0,0.0,0.0,9.3,0
2020-05-27,23.7,15.9,0.0,0.0,0.0,11.3,0
2020-05-28,20.8,16.2,8.1,8.1,0.0,13.4,0
2020-05-29,22.4,14.5,0.5,0.5,0.0,23.6,0
2020-05-30,19.0,10.5,0.6,0.6,0.0,32.2,0
2020-05-31,15.5,6.5,0.1,0.1,0.0,23.1,0
2020-06-01,22.6,7.8,0.0,0.0,0.0,19.2,0
2020-06-02,20.9,12.9,7.7,7.7,0.0,17.9,0
2020-06-03,26.0,14.8,1.6,1.6,0.0,18.3,0
2020-06-04,26.5,15.3,0.0,0.0,0.0,28.2,0
2020-06-05,25.2,14.0,0.2,0.2,0.0,23.2,0
2020-06-06,23.8,15.5,1.3,1.3,0.0,24.0,0
2020-06-07,20.7,11.2,0.0,0.0,0.0,18.9,0
2020-06-08,20.9,10.8,0.0,0.0,0.0,17.7,0
2020-06-09,28.1,14.1,0.0,0.0,0.0,19.7,0
2020-06-10,29.9,15.6,5.4,5.4,0.0,27.0,0
2020-06-11,24.1,18.2,6.1,6.1,0.0,31.2,0
2020-06-12,18.8,11.2,0.0,0.0,0.0,25.0,0
2020-06-13,17.8,9.0,0.0,0.0,0.0,14.2,0
2020-06-14,16.8,9.5,0.0,0.0,0.0,17.5,0
2020-06-15,20.0,10.4,0.0,0.0,0.0,17.0,0
2020-06-16,22.6,9.1,0.0,0.0,0.0,14.2,0
2020-06-17,25.0,11.6,0.0,0.0,0.0,10.7,0
2020-06-18,26.5,13.5,0.0,0.0,0.0,12.9,0
2020-06-19,26.3,16.5,1.9,1.9,0.0,10.2,0
2020-06-20,28.6,17.5,0.0,0.0,0.0,13.2,0
2020-06-21,27.7,18.4,0.0,0.0,0.0,14.0,0
2020-06-22,26.9,19.2,2.4,2.4,0.0,17.7,0
2020-06-23,24.8,19.5,9.1,9.1,0.0,28.5,0
2020-06-24,22.3,16.2,0.0,0.0,0.0,30.2,0
2020-06-25,24.5,14.1,0.0,0.0,0.0,18.2,0
2020-06-26,28.3,15.0,0.0,0.0,0.0,19.8,0
2020-06-27,29.9,19.8,9.2,9.2,0.0,21.6,0
2020-06-28,28.9,17.1,0.9,0.9,0.0,18.7,0
2020-06-29,30.0,18.8,0.2,0.2,0.0,20.6,0
2020-06-30,25.8,19.5,0.1,0.1,0.0,15.0,0
2020-07-01,27.3,18.0,0.1,0.1,0.0,15.1,0
2020-07-02,33.7,21.8,0.0,0.0,0.0,22.7,0
2020-07-03,31.0,21.3,0.3,0.3,0.0,18.0,0
2020-07-04,28.9,20.8,0.0,0.0,0.0,21.7,0
2020-07-05,30.3,17.7,0.0,0.0,0.0,18.1,0
2020-07-06,28.5,20.4,0.0,0.0,0.0,16.6,0
2020-07-07,31.8,20.0,0.0,0.0,0.0,18.5,0
2020-07-08,31.3,22.3,0.5,0.5,0.0,15.5,0
2020-07-09,32.3,22.1,0.1,0.1,0.0,14.3,0
2020-07-10,30.8,23.1,0.1,0.1,0.0,20.3,0
2020-07-11,26.4,22.7,17.6,17.6,0.0,22.7,0
2020-07-12,26.9,18.8,2.3,2.3,0.0,18.6,0
2020-07-13,24.9,18.3,1.3,1.3,0.0,16.1,0
2020-07-14,26.2,16.8,0.3,0.3,0.0,16.9,0
2020-07-15,27.8,18.0,0.0,0.0,0.0,17.7,0
2020-07-16,26.6,22.4,5.5,5.5,0.0,17.8,0
2020-07-17,29.5,19.3,0.6,0.6,0.0,20.9,0
2020-07-18,31.4,19.6,0.0,0.0,0.0,25.8,0
2020-07-19,30.4,23.7,1.9,1.9,0.0,29.3,0
2020-07-20,29.7,20.7,0.1,0.1,0.0,26.3,0
2020-07-21,25.4,16.5,0.0,0.0,0.0,13.5,0
2020-07-22,26.4,22.1,4.3,4.3,0.0,20.9,0
2020-07-23,28.0,19.3,0.9,0.9,0.0,17.9,0
2020-07-24,26.8,18.5,0.0,0.0,0.0,15.5,0
2020-07-25,29.3,18.0,0.0,0.0,0.0,14.1,0
2020-07-26,34.2,21.3,0.0,0.0,0.0,23.5,0
2020-07-27,32.8,24.7,3.1,3.1,0.0,21.0,0
2020-07-28,29.5,18.8,1.4,1.4,0.0,19.1,0
2020-07-29,29.2,19.5,6.5,6.5,0.0,18.4,0
2020-07-30,27.4,17.1,0.7,0.7,0.0,17.7,0
2020-07-31,27.6,18.7,0.5,0.5,0.0,14.4,0
2020-08-01,29.1,19.3,0.0,0.0,0.0,19.8,0
2020-08-02,26.5,20.4,13.7,13.7,0.0,33.2,0
2020-08-03,24.0,19.2,2.6,2.6,0.0,23.8,0
2020-08-04,24.4,19.0,5.9,5.9,0.0,15.5,0
2020-08-05,23.7,15.6,0.0,0.0,0.0,24.2,0
2020-08-06,23.4,13.0,0.1,0.1,0.0,14.8,0
2020-08-07,25.0,15.1,0.0,0.0,0.0,10.8,0
2020-08-08,26.6,16.6,0.0,0.0,0.0,21.8,0
2020-08-09,29.9,20.0,1.5,1.5,0.0,20.2,0
2020-08-10,30.2,22.3,0.1,0.1,0.0,25.3,0
2020-08-11,30.1,21.2,0.6,0.6,0.0,23.8,0
2020-08-12,28.0,16.1,0.0,0.0,0.0,17.8,0
2020-08-13,28.9,19.1,0.0,0.0,0.0,11.5,0
2020-08-14,27.6,21.2,0.0,0.0,0.0,18.4,0
2020-08-15,26.3,19.1,1.3,1.3,0.0,17.7,0
2020-08-16,25.1,19.5,3.5,3.5,0.0,15.0,0
2020-08-17,25.1,16.4,7.9,7.9,0.0,15.6,0
2020-08-18,23.7,15.2,0.1,0.1,0.0,18.6,0
2020-08-19,23.3,14.5,0.1,0.1,0.0,15.3,0
2020-08-20,26.1,12.4,0.0,0.0,0.0,31.9,0
2020-08-21,28.7,17.8,0.4,0.4,0.0,15.9,0
2020-08-22,28.6,18.7,0.1,0.1,0.0,13.1,0
2020-08-23,30.0,19.2,0.1,0.1,0.0,24.0,0
2020-08-24,30.8,20.4,0.3,0.3,0.0,19.3,0
2020-08-25,27.6,19.2,2.6,2.6,0.0,26.7,0
2020-08-26,22.1,14.1,2.8,2.8,0.0,11.5,0
2020-08-27,30.2,19.9,9.7,9.7,0.0,28.9,0
2020-08-28,24.2,18.4,0.3,0.3,0.0,18.0,0
2020-08-29,26.3,18.9,15.3,15.3,0.0,31.7,0
2020-08-30,23.2,15.4,0.0,0.0,0.0,21.0,0
2020-08-31,22.9,15.7,0.0,0.0,0.0,28.8,0
2020-09-01,26.7,19.6,1.8,1.8,0.0,17.8,0
2020-09-02,28.3,20.5,7.4,7.4,0.0,25.9,0
2020-09-03,26.9,14.1,0.9,0.9,0.0,26.9,0
2020-09-04,22.6,14.3,0.0,0.0,0.0,28.5,0
2020-09-05,22.4,13.3,0.2,0.2,0.0,20.9,0
2020-09-06,21.2,10.3,0.0,0.0,0.0,18.3,0
2020-09-07,25.6,16.8,7.4,7.4,0.0,38.0,0
2020-09-08,17.4,15.3,2.4,2.4,0.0,16.9,0
2020-09-09,22.0,15.7,2.6,2.6,0.0,11.7,0
2020-09-10,22.3,15.5,0.2,0.2,0.0,23.4,0
2020-09-11,17.5,12.2,0.0,0.0,0.0,12.3,0
2020-09-12,20.3,13.3,0.0,0.0,0.0,21.9,0
2020-09-13,25.6,16.9,9.4,9.4,0.0,30.6,0
2020-09-14,18.2,10.7,0.0,0.0,0.0,16.8,0
2020-09-15,19.5,7.0,0.0,0.0,0.0,24.3,0
2020-09-16,22.9,14.7,0.0,0.0,0.0,28.9,0
2020-09-17,18.8,11.3,1.6,1.6,0.0,21.8,0
2020-09-18,15.5,8.6,0.0,0.0,0.0,21.9,0
2020-09-19,14.1,5.1,0.0,0.0,0.0,16.6,0
2020-09-20,15.7,10.2,0.5,0.5,0.0,13.8,0
2020-09-21,18.0,9.7,0.0,0.0,0.0,14.0,0
2020-09-22,19.8,8.4,0.0,0.0,0.0,13.1,0
2020-09-23,26.6,13.3,0.0,0.0,0.0,18.4,0
2020-09-24,23.1,12.0,1.0,1.0,0.0,9.6,0
2020-09-25,23.2,13.2,0.0,0.0,0.0,11.8,0
2020-09-26,24.2,14.6,0.0,0.0,0.0,22.4,0
2020-09-27,24.8,18.6,0.0,0.0,0.0,28.0,0
2020-09-28,24.6,17.7,0.8,0.8,0.0,22.4,0
2020-09-29,19.4,13.8,3.6,3.6,0.0,24.4,0
2020-09-30,16.9,11.3,10.6,10.6,0.0,31.1,0
2020-10-01,17.6,9.3,0.5,0.5,0.0,22.5,0
2020-10-02,14.2,8.2,2.2,2.2,0.0,20.4,0
2020-10-03,13.1,4.7,0.8,0.8,0.0,11.9,0
2020-10-04,14.2,5.2,3.7,3.7,0.0,18.9,0
2020-10-05,15.5,7.3,0.0,0.0,0.0,19.3,0
2020-10-06,18.0,10.4,0.1,0.1,0.0,29.2,0
2020-10-07,17.1,10.7,4.5,4.5,0.0,35.3,0
2020-10-08,15.8,8.2,0.0,0.0,0.0,21.3,0
2020-10-09,18.1,5.1,0.9,0.9,0.0,25.3,0
2020-10-10,23.2,12.4,4.0,4.0,0.0,29.3,0
2020-10-11,11.1,6.9,0.0,0.0,0.0,25.1,0
2020-10-12,16.9,9.1,0.3,0.3,0.0,24.3,0
2020-10-13,18.4,11.0,9.2,9.2,0.0,31.8,0
2020-10-14,16.1,8.4,0.0,0.0,0.0,20.2,0
2020-10-15,17.2,10.1,6.9,6.9,0.0,29.5,0
2020-10-16,11.6,5.3,0.0,0.0,0.0,18.9,0
2020-10-17,13.2,3.8,0.1,0.1,0.0,23.0,0
2020-10-18,13.8,10.6,1.5,1.5,0.0,26.1,0
2020-10-19,11.1,7.2,7.6,7.6,0.0,18.5,0
2020-10-20,12.5,7.5,3.0,3.0,0.0,18.5,0
2020-10-21,17.2,9.1,12.6,12.6,0.0,31.4,0
2020-10-22,12.7,7.0,1.4,1.4,0.0,16.6,0
2020-10-23,21.6,10.4,3.2,3.2,0.0,32.1,0
2020-10-24,13.3,4.1,0.5,0.5,0.0,23.8,0
2020-10-25,8.3,2.3,0.0,0.0,0.0,22.4,0
2020-10-26,8.6,5.3,1.9,1.9,0.0,20.0,0
2020-10-27,7.9,3.3,3.5,3.5,0.0,14.8,0
2020-10-28,11.1,2.1,0.0,0.0,0.0,22.7,0
2020-10-29,11.0,3.6,2.1,2.1,0.0,24.1,0
2020-10-30,4.4,-0.4,0.1,0.1,0.0,18.6,0
2020-10-31,7.1,-3.9,0.0,0.0,0.0,20.5,0
2020-11-01,11.1,2.7,4.6,4.6,0.0,33.2,0
2020-11-02,6.6,-0.6,0.6,0.4,0.14,36.1,0
2020-11-03,7.7,5.2,0.1,0.1,0.0,29.4,0
2020-11-04,16.0,4.2,0.0,0.0,0.0,23.7,0
2020-11-05,16.1,11.0,0.0,0.0,0.0,22.7,0
2020-11-06,18.0,9.6,0.0,0.0,0.0,20.7,0
2020-11-07,18.9,10.2,0.0,0.0,0.0,18.4,0
2020-11-08,16.9,7.4,0.0,0.0,0.0,11.8,0
2020-11-09,17.2,9.2,0.0,0.0,0.0,11.6,0
2020-11-10,20.0,10.7,0.0,0.0,0.0,20.3,0
2020-11-11,17.6,4.9,4.1,4.1,0.0,29.4,0
2020-11-12,8.8,3.8,0.0,0.0,0.0,10.5,0
2020-11-13,10.6,3.0,0.2,0.2,0.0,26.6,0
2020-11-14,7.3,3.3,0.0,0.0,0.0,15.9,0
2020-11-15,12.0,5.0,9.6,9.6,0.0,50.0,0
2020-11-16,6.0,2.7,0.0,0.0,0.0,33.6,0
2020-11-17,3.8,-1.7,0.1,0.0,0.07,31.2,0
2020-11-18,1.3,-5.4,0.4,0.0,0.28,11.2,0
2020-11-19,13.7,2.2,0.0,0.0,0.0,32.1,0
2020-11-20,15.9,7.8,0.3,0.3,0.0,25.3,0
2020-11-21,6.7,1.9,0.0,0.0,0.0,17.3,0
2020-11-22,4.1,0.2,21.6,7.3,10.01,24.7,0
2020-11-23,4.7,-0.3,0.3,0.1,0.14,21.7,0
2020-11-24,2.4,-3.6,0.7,0.2,0.35,21.9,0
2020-11-25,8.2,1.8,8.1,7.6,0.35,20.7,0
2020-11-26,12.2,5.6,4.3,4.3,0.0,20.2,0
2020-11-27,8.1,5.3,0.3,0.3,0.0,15.2,0
2020-11-28,7.2,2.6,0.3,0.3,0.0,21.0,0
2020-11-29,10.0,2.0,0.0,0.0,0.0,19.7,0
2020-11-30,5.6,2.5,19.8,19.4,0.28,28.9,0
2020-12-01,2.4,-1.2,9.0,0.6,5.88,28.0,0
2020-12-02,4.9,-0.3,0.4,0.0,0.28,24.4,0
2020-12-03,5.7,-0.0,0.0,0.0,0.0,25.5,0
2020-12-04,4.2,0.3,3.8,3.1,0.49,22.2,0
2020-12-05,1.5,-2.7,0.0,0.0,0.0,25.1,0
2020-12-06,1.1,-3.6,0.0,0.0,0.0,20.6,0
2020-12-07,-1.8,-5.7,0.0,0.0,0.0,19.4,0
2020-12-08,3.5,-6.4,0.0,0.0,0.0,19.9,0
2020-12-09,4.7,1.0,2.2,0.0,1.54,21.4,0
2020-12-10,6.4,0.7,0.0,0.0,0.0,14.1,0
2020-12-11,8.4,0.5,0.0,0.0,0.0,13.8,0
2020-12-12,9.1,3.2,6.8,6.8,0.0,29.7,0
2020-12-13,8.0,0.4,0.0,0.0,0.0,26.5,0
2020-12-14,3.1,-1.8,0.1,0.0,0.07,28.2,0
2020-12-15,-2.0,-5.8,0.0,0.0,0.0,18.7,0
2020-12-16,-2.2,-6.0,1.6,0.0,1.12,32.6,0
2020-12-17,-2.2,-5.5,1.0,0.0,0.7,25.4,0
2020-12-18,-1.2,-8.1,0.0,0.0,0.0,13.5,0
2020-12-19,2.8,-4.5,1.6,1.2,0.28,20.1,0
2020-12-20,4.7,2.0,1.9,1.9,0.0,18.9,0
2020-12-21,4.4,-1.4,0.2,0.2,0.0,16.0,0
2020-12-22,4.1,-0.7,0.0,0.0,0.0,27.9,0
2020-12-23,7.0,-0.3,0.7,0.7,0.0,23.8,0
2020-12-24,8.9,-0.8,11.1,7.2,2.73,34.5,0
2020-12-25,-0.2,-3.4,10.6,0.0,7.42,31.1,0
2020-12-26,-1.7,-4.2,1.4,0.0,0.98,30.0,0
2020-12-27,2.1,-3.6,0.6,0.1,0.35,20.6,0
2020-12-28,5.3,-2.6,5.0,4.7,0.21,35.7,0
2020-12-29,-0.8,-4.6,0.0,0.0,0.0,21.6,0
2020-12-30,5.8,-1.9,5.8,4.4,0.98,29.0,0
2020-12-31,2.7,-2.0,0.0,0.0,0.0,24.3,0
2021-01-01,2.1,-5.1,3.8,0.2,2.52,26.6,0
2021-01-02,3.4,-2.1,11.6,6.2,3.78,23.5,0
2021-01-03,1.9,-0.0,1.7,0.6,0.77,18.8,0
2021-01-04,2.4,-1.5,0.0,0.0,0.0,9.1,0
2021-01-05,2.3,0.1,0.5,0.4,0.07,15.7,0
2021-01-06,2.9,-1.5,0.0,0.0,0.0,17.4,0
2021-01-07,0.2,-2.0,0.0,0.0,0.0,15.9,0
2021-01-08,-2.6,-8.3,0.0,0.0,0.0,15.6,0
2021-01-09,3.5,-4.4,0.0,0.0,0.0,20.9,0
2021-01-10,2.3,-4.1,0.0,0.0,0.0,11.5,0
2021-01-11,3.9,-3.4,0.1,0.0,0.07,21.7,0
2021-01-12,0.6,-2.1,0.2,0.2,0.0,18.0,0
2021-01-13,4.3,-2.4,0.0,0.0,0.0,22.8,0
2021-01-14,4.0,-0.7,0.0,0.0,0.0,17.7,0
2021-01-15,5.2,2.6,3.3,3.3,0.0,31.0,0
2021-01-16,5.1,-1.1,0.6,0.6,0.0,20.3,0
2021-01-17,3.8,-0.5,0.0,0.0,0.0,23.5,0
2021-01-18,0.5,-4.2,1.2,0.0,0.84,9.4,0
2021-01-19,1.6,-2.7,0.8,0.0,0.56,31.0,0
2021-01-20,-2.6,-6.4,0.0,0.0,0.0,20.8,0
2021-01-21,4.8,-1.8,0.4,0.0,0.28,29.0,0
2021-01-22,0.7,-5.4,0.6,0.0,0.42,27.9,0
2021-01-23,-4.3,-8.8,0.0,0.0,0.0,20.7,0
2021-01-24,-2.0,-8.3,0.0,0.0,0.0,9.0,0
2021-01-25,1.8,-5.4,0.0,0.0,0.0,12.4,0
2021-01-26,0.3,-2.7,11.0,0.0,7.7,34.8,0
2021-01-27,-3.2,-5.9,0.0,0.0,0.0,20.2,0
2021-01-28,-6.6,-10.4,0.4,0.0,0.28,23.8,0
2021-01-29,-6.3,-17.4,0.5,0.0,0.35,20.2,0
2021-01-30,-2.8,-13.2,0.0,0.0,0.0,12.0,0
2021-01-31,-3.6,-8.0,0.0,0.0,0.0,31.6,0
2021-02-01,-1.7,-8.6,0.4,0.1,0.21,23.8,0
2021-02-02,-0.2,-8.5,0.0,0.0,0.0,34.6,0
2021-02-03,1.4,-6.1,0.0,0.0,0.0,36.3,0
2021-02-04,3.2,-5.2,0.0,0.0,0.0,25.6,0
2021-02-05,2.8,-6.2,4.4,0.7,2.59,36.1,0
2021-02-06,-4.4,-7.9,0.4,0.0,0.28,34.6,0
2021-02-07,-4.4,-11.9,0.8,0.0,0.56,24.1,0
2021-02-08,-5.3,-12.5,0.2,0.0,0.14,19.9,0
2021-02-09,-1.5,-8.3,1.5,0.0,1.05,17.9,0
2021-02-10,-3.3,-10.8,0.0,0.0,0.0,16.2,0
2021-02-11,-3.2,-10.2,0.0,0.0,0.0,20.2,0
2021-02-12,-7.4,-13.2,0.7,0.0,0.49,18.8,0
2021-02-13,-8.2,-12.1,3.6,0.1,2.45,22.5,0
2021-02-14,-3.8,-13.7,1.2,0.0,0.84,18.4,0
2021-02-15,-4.0,-7.8,4.3,0.0,3.01,23.9,0
2021-02-16,-6.3,-11.2,12.1,0.0,8.47,29.3,0
2021-02-17,-4.3,-14.8,0.0,0.0,0.0,15.3,0
2021-02-18,-2.7,-9.3,3.2,0.1,2.17,20.8,0
2021-02-19,-1.8,-5.7,4.3,0.2,2.94,17.1,0
2021-02-20,-1.8,-9.9,0.2,0.0,0.14,16.2,0
2021-02-21,-2.0,-15.0,0.0,0.0,0.0,15.0,0
2021-02-22,3.8,-1.9,5.8,0.9,3.43,27.9,0
2021-02-23,4.9,-1.3,0.5,0.1,0.28,25.5,0
2021-02-24,7.1,-5.2,0.6,0.5,0.07,31.7,0
2021-02-25,2.6,-3.0,0.1,0.0,0.07,26.7,0
2021-02-26,3.2,-5.9,0.0,0.0,0.0,17.1,0
2021-02-27,8.6,-0.8,4.4,3.9,0.35,24.9,0
2021-02-28,5.3,-2.5,4.3,4.3,0.0,26.3,0
2021-03-01,7.0,-8.7,0.7,0.7,0.0,38.8,0
2021-03-02,0.6,-10.0,0.0,0.0,0.0,24.7,0
2021-03-03,8.4,-0.9,0.0,0.0,0.0,22.7,0
2021-03-04,-0.3,-7.3,0.0,0.0,0.0,29.5,0
2021-03-05,2.2,-8.1,0.1,0.0,0.07,30.5,0
2021-03-06,-0.2,-6.6,0.2,0.0,0.14,21.6,0
2021-03-07,-0.5,-8.8,0.0,0.0,0.0,13.0,0
2021-03-08,7.6,-8.0,0.2,0.0,0.14,20.9,0
2021-03-09,8.8,-0.8,0.0,0.0,0.0,15.3,0
2021-03-10,13.7,-1.0,0.0,0.0,0.0,20.4,0
2021-03-11,16.3,8.1,0.7,0.7,0.0,37.7,0
2021-03-12,10.9,-3.0,0.1,0.1,0.0,35.9,0
2021-03-13,6.5,-6.9,0.0,0.0,0.0,23.7,0
2021-03-14,3.7,-4.4,0.0,0.0,0.0,33.4,0
2021-03-15,-1.3,-9.1,0.0,0.0,0.0,19.4,0
2021-03-16,2.9,-2.1,0.2,0.0,0.14,26.7,0
2021-03-17,8.2,-1.4,0.0,0.0,0.0,12.3,0
2021-03-18,8.1,0.7,1.1,1.1,0.0,25.0,0
2021-03-19,3.4,-6.2,0.0,0.0,0.0,21.4,0
2021-03-20,10.8,-2.8,0.0,0.0,0.0,20.2,0
2021-03-21,11.2,-2.2,0.0,0.0,0.0,11.6,0
2021-03-22,14.0,-0.4,0.0,0.0,0.0,13.0,0
2021-03-23,11.3,3.0,0.0,0.0,0.0,14.7,0
2021-03-24,13.5,4.2,9.1,9.1,0.0,17.0,0
2021-03-25,17.2,6.1,0.1,0.1,0.0,21.4,0
2021-03-26,9.9,3.2,20.9,20.9,0.0,37.7,0
2021-03-27,6.7,2.7,0.0,0.0,0.0,19.8,0
2021-03-28,10.7,2.7,4.5,4.5,0.0,38.2,0
2021-03-29,7.2,0.1,0.1,0.1,0.0,27.7,0
2021-03-30,15.9,1.1,0.0,0.0,0.0,27.4,0
2021-03-31,13.1,2.2,0.7,0.7,0.0,25.7,0
2021-04-01,2.6,-2.6,0.0,0.0,0.0,34.3,0
2021-04-02,4.4,-4.8,0.0,0.0,0.0,21.6,0
2021-04-03,7.4,-5.0,0.5,0.5,0.0,26.7,0
2021-04-04,11.6,-0.7,0.0,0.0,0.0,15.5,0
2021-04-05,12.1,0.5,0.0,0.0,0.0,17.2,0
2021-04-06,10.8,2.9,0.1,0.1,0.0,18.0,0
2021-04-07,12.8,4.6,0.4,0.4,0.0,20.8,0
2021-04-08,15.6,6.6,0.0,0.0,0.0,29.4,0
2021-04-09,15.6,9.5,2.7,2.7,0.0,18.3,0
2021-04-10,17.2,7.6,0.0,0.0,0.0,22.1,0
2021-04-11,13.2,9.6,14.4,14.4,0.0,21.2,0
2021-04-12,10.8,6.6,4.3,4.3,0.0,24.2,0
2021-04-13,12.4,5.7,0.0,0.0,0.0,14.1,0
2021-04-14,15.4,4.4,0.0,0.0,0.0,20.9,0
2021-04-15,9.1,3.8,3.8,3.8,0.0,19.6,0
2021-04-16,9.1,4.5,1.8,1.8,0.0,24.4,0
2021-04-17,10.9,3.5,1.9,1.9,0.0,12.5,0
2021-04-18,13.2,2.8,0.4,0.4,0.0,22.7,0
2021-04-19,15.3,2.0,2.2,2.2,0.0,25.2,0
2021-04-20,7.3,1.6,1.3,0.7,0.42,23.8,0
2021-04-21,3.7,-1.8,5.2,0.0,3.64,25.3,0
2021-04-22,7.1,-2.5,0.3,0.0,0.21,30.7,0
2021-04-23,17.7,-0.1,0.4,0.4,0.0,26.4,0
2021-04-24,15.3,6.5,0.0,0.0,0.0,22.3,0
2021-04-25,12.9,2.0,0.8,0.8,0.0,27.7,0
2021-04-26,8.1,-1.2,0.0,0.0,0.0,18.2,0
2021-04-27,11.9,4.5,1.4,1.4,0.0,23.3,0
2021-04-28,14.1,6.7,7.8,7.8,0.0,14.8,0
2021-04-29,12.2,8.1,9.1,9.1,0.0,14.5,0
2021-04-30,10.8,5.6,0.4,0.4,0.0,45.1,0
2021-05-01,11.5,1.0,0.2,0.2,0.0,31.7,0
2021-05-02,15.1,7.2,3.8,3.8,0.0,20.7,0
2021-05-03,11.3,7.7,4.1,4.1,0.0,30.6,0
2021-05-04,13.0,8.0,5.4,5.4,0.0,17.6,0
2021-05-05,11.7,7.2,0.7,0.7,0.0,21.9,0
2021-05-06,10.8,3.4,0.0,0.0,0.0,17.3,0
2021-05-07,9.4,3.7,0.0,0.0,0.0,14.0,0
2021-05-08,13.8,1.6,1.3,1.3,0.0,15.9,0
2021-05-09,10.7,2.3,0.0,0.0,0.0,13.2,0
2021-05-10,12.0,2.2,2.0,2.0,0.0,21.8,0
2021-05-11,11.9,2.6,0.6,0.6,0.0,26.8,0
2021-05-12,17.1,4.3,0.0,0.0,0.0,24.6,0
2021-05-13,18.9,7.0,0.5,0.5,0.0,19.3,0
2021-05-14,18.8,5.5,0.0,0.0,0.0,25.0,0
2021-05-15,20.5,5.7,0.0,0.0,0.0,17.3,0
2021-05-16,21.4,8.0,0.0,0.0,0.0,14.1,0
2021-05-17,20.9,6.7,0.0,0.0,0.0,11.3,0
2021-05-18,23.6,9.5,0.0,0.0,0.0,22.8,0
2021-05-19,25.5,11.5,0.0,0.0,0.0,11.2,0
2021-05-20,26.9,14.5,0.0,0.0,0.0,9.7,0
2021-05-21,29.5,16.5,0.0,0.0,0.0,23.3,0
2021-05-22,28.5,19.6,1.0,1.0,0.0,21.7,0
2021-05-23,27.0,15.5,0.0,0.0,0.0,27.8,0
2021-05-24,19.4,12.1,0.0,0.0,0.0,16.2,0
2021-05-25,29.8,13.4,0.2,0.2,0.0,26.1,0
2021-05-26,25.5,16.2,2.7,2.7,0.0,26.6,0
2021-05-27,17.6,10.2,0.3,0.3,0.0,21.7,0
2021-05-28,11.0,4.5,10.5,10.5,0.0,23.3,0
2021-05-29,15.6,6.3,0.0,0.0,0.0,25.7,0
2021-05-30,17.9,7.5,0.0,0.0,0.0,14.7,0
2021-05-31,21.3,5.6,0.0,0.0,0.0,28.6,0
2021-06-01,23.6,13.4,0.1,0.1,0.0,19.9,0
2021-06-02,24.4,11.0,0.1,0.1,0.0,14.9,0
2021-06-03,20.5,14.2,6.5,6.5,0.0,10.9,0
2021-06-04,24.8,14.2,0.0,0.0,0.0,21.1,0
2021-06-05,32.3,18.0,0.0,0.0,0.0,30.5,0
2021-06-06,29.3,20.1,0.0,0.0,0.0,28.9,0
2021-06-07,29.2,19.4,0.1,0.1,0.0,24.6,0
2021-06-08,24.8,20.0,18.9,18.9,0.0,10.6,0
2021-06-09,26.6,20.3,0.5,0.5,0.0,14.6,0
2021-06-10,22.4,17.3,0.0,0.0,0.0,24.6,0
2021-06-11,23.3,15.8,0.6,0.6,0.0,21.1,0
2021-06-12,24.5,15.7,0.8,0.8,0.0,13.7,0
2021-06-13,25.9,16.9,4.5,4.5,0.0,15.1,0
2021-06-14,22.0,16.5,8.8,8.8,0.0,21.9,0
2021-06-15,22.2,15.4,0.0,0.0,0.0,26.8,0
2021-06-16,21.8,11.1,0.0,0.0,0.0,22.4,0
2021-06-17,24.0,10.3,0.0,0.0,0.0,27.7,0
2021-06-18,24.5,17.5,13.2,13.2,0.0,23.5,0
2021-06-19,30.7,17.6,0.1,0.1,0.0,24.5,0
2021-06-20,25.9,14.6,0.0,0.0,0.0,14.5,0
2021-06-21,27.6,14.3,6.8,6.8,0.0,33.2,0
2021-06-22,18.6,12.1,0.0,0.0,0.0,18.7,0
2021-06-23,22.6,10.0,0.0,0.0,0.0,28.9,0
2021-06-24,26.9,17.1,0.0,0.0,0.0,23.1,0
2021-06-25,25.8,19.8,9.8,9.8,0.0,22.4,0
2021-06-26,26.2,19.6,28.6,28.6,0.0,31.3,0
2021-06-27,29.3,22.7,0.0,0.0,0.0,27.7,0
2021-06-28,30.9,22.8,0.4,0.4,0.0,17.3,0
2021-06-29,28.3,20.4,5.7,5.7,0.0,16.0,0
2021-06-30,28.7,20.8,5.6,5.6,0.0,21.3,0
2021-07-01,23.9,16.9,1.1,1.1,0.0,20.3,0
2021-07-02,22.5,15.9,18.2,18.2,0.0,20.0,0
2021-07-03,22.1,14.9,0.3,0.3,0.0,14.7,0
2021-07-04,21.8,16.9,0.0,0.0,0.0,17.0,0
2021-07-05,27.6,16.4,1.1,1.1,0.0,19.9,0
2021-07-06,32.2,23.2,0.2,0.2,0.0,21.4,0
2021-07-07,22.7,17.1,6.8,6.8,0.0,20.5,0
2021-07-08,20.4,15.1,12.8,12.8,0.0,19.7,0
2021-07-09,21.7,16.6,1.3,1.3,0.0,19.3,0
2021-07-10,22.9,15.0,0.0,0.0,0.0,16.3,0
2021-07-11,20.2,16.0,8.7,8.7,0.0,19.7,0
2021-07-12,23.6,17.2,0.5,0.5,0.0,17.3,0
2021-07-13,25.8,19.2,2.1,2.1,0.0,22.1,0
2021-07-14,27.3,20.5,0.3,0.3,0.0,19.1,0
2021-07-15,26.9,19.2,1.6,1.6,0.0,25.5,0
2021-07-16,23.6,18.2,0.0,0.0,0.0,16.5,0
2021-07-17,21.1,19.6,14.8,14.8,0.0,18.5,0
2021-07-18,29.3,18.0,0.3,0.3,0.0,19.7,0
2021-07-19,29.3,19.0,0.3,0.3,0.0,16.0,0
2021-07-20,27.5,18.6,16.8,16.8,0.0,19.6,0
2021-07-21,25.2,16.9,0.0,0.0,0.0,20.3,0
2021-07-22,24.8,15.0,0.0,0.0,0.0,18.0,0
2021-07-23,24.5,14.7,0.0,0.0,0.0,16.6,0
2021-07-24,22.9,17.6,9.4,9.4,0.0,25.5,0
2021-07-25,29.2,18.6,2.0,2.0,0.0,23.0,0
2021-07-26,28.3,18.2,0.0,0.0,0.0,14.1,0
2021-07-27,25.4,15.5,3.1,3.1,0.0,24.5,0
2021-07-28,22.8,18.2,0.2,0.2,0.0,13.6,0
2021-07-29,26.5,17.8,13.1,13.1,0.0,19.7,0
2021-07-30,20.2,14.3,0.0,0.0,0.0,22.5,0
2021-07-31,22.3,11.8,1.5,1.5,0.0,19.2,0
2021-08-01,22.8,15.6,6.6,6.6,0.0,16.3,0
2021-08-02,24.6,14.1,0.0,0.0,0.0,17.9,0
2021-08-03,24.4,12.7,0.0,0.0,0.0,20.9,0
2021-08-04,26.0,14.6,0.0,0.0,0.0,12.8,0
2021-08-05,26.3,16.2,0.0,0.0,0.0,12.6,0
2021-08-06,27.9,16.5,0.1,0.1,0.0,18.0,0
2021-08-07,27.0,19.1,2.9,2.9,0.0,16.0,0
2021-08-08,26.6,20.3,1.5,1.5,0.0,15.2,0
2021-08-09,30.2,20.7,0.0,0.0,0.0,16.3,0
2021-08-10,26.6,23.0,9.5,9.5,0.0,24.7,0
2021-08-11,31.1,22.0,0.2,0.2,0.0,25.9,0
2021-08-12,30.1,23.6,1.2,1.2,0.0,22.5,0
2021-08-13,29.5,21.6,2.0,2.0,0.0,21.1,0
2021-08-14,25.8,16.8,0.0,0.0,0.0,20.8,0
2021-08-15,23.4,14.3,0.0,0.0,0.0,13.0,0
2021-08-16,24.6,15.9,0.5,0.5,0.0,20.5,0
2021-08-17,26.7,20.2,1.7,1.7,0.0,13.0,0
2021-08-18,27.1,20.4,0.0,0.0,0.0,14.8,0
2021-08-19,29.3,21.0,0.5,0.5,0.0,14.3,0
2021-08-20,28.8,19.4,0.4,0.4,0.0,16.4,0
2021-08-21,28.6,21.5,2.0,2.0,0.0,12.4,0
2021-08-22,29.6,21.0,0.2,0.2,0.0,16.9,0
2021-08-23,31.8,22.2,0.3,0.3,0.0,19.2,0
2021-08-24,29.9,19.1,0.0,0.0,0.0,16.9,0
2021-08-25,30.9,22.1,0.0,0.0,0.0,12.6,0
2021-08-26,30.1,23.1,1.9,1.9,0.0,16.9,0
2021-08-27,26.1,21.0,0.0,0.0,0.0,22.0,0
2021-08-28,26.7,19.9,0.0,0.0,0.0,19.7,0
2021-08-29,31.0,23.1,5.2,5.2,0.0,23.3,0
2021-08-30,30.7,21.1,0.4,0.4,0.0,23.1,0
2021-08-31,26.9,18.3,0.0,0.0,0.0,17.3,0
2021-09-01,24.2,17.6,0.0,0.0,0.0,20.9,0
2021-09-02,22.2,13.3,0.0,0.0,0.0,25.6,0
2021-09-03,24.4,12.7,0.0,0.0,0.0,14.8,0
2021-09-04,24.2,13.7,0.0,0.0,0.0,16.6,0
2021-09-05,27.4,19.1,3.0,3.0,0.0,24.3,0
2021-09-06,24.3,16.5,0.4,0.4,0.0,27.3,0
2021-09-07,26.0,12.4,6.8,6.8,0.0,27.1,0
2021-09-08,25.5,18.6,18.6,18.6,0.0,24.3,0
2021-09-09,21.0,14.2,2.9,2.9,0.0,19.8,0
2021-09-10,22.9,13.5,0.2,0.2,0.0,16.0,0
2021-09-11,25.0,13.6,0.9,0.9,0.0,29.6,0
2021-09-12,22.9,18.4,10.1,10.1,0.0,29.2,0
2021-09-13,23.2,13.9,2.2,2.2,0.0,17.2,0
2021-09-14,26.5,15.6,4.8,4.8,0.0,31.1,0
2021-09-15,23.5,15.8,4.7,4.7,0.0,27.3,0
2021-09-16,22.1,13.6,0.1,0.1,0.0,15.2,0
2021-09-17,25.3,15.8,0.1,0.1,0.0,12.3,0
2021-09-18,24.3,14.7,0.0,0.0,0.0,18.9,0
2021-09-19,20.5,12.0,0.0,0.0,0.0,15.8,0
2021-09-20,21.4,14.8,0.0,0.0,0.0,16.4,0
2021-09-21,24.3,19.6,4.5,4.5,0.0,25.6,0
2021-09-22,19.5,15.2,47.7,47.7,0.0,26.3,0
2021-09-23,19.7,14.0,20.5,20.5,0.0,32.7,0
2021-09-24,17.5,11.9,0.2,0.2,0.0,27.3,0
2021-09-25,19.9,11.4,1.9,1.9,0.0,30.6,0
2021-09-26,19.8,9.7,0.0,0.0,0.0,20.1,0
2021-09-27,24.8,14.9,10.3,10.3,0.0,21.7,0
2021-09-28,17.8,10.9,0.3,0.3,0.0,16.9,0
2021-09-29,19.7,11.0,0.0,0.0,0.0,18.5,0
2021-09-30,16.7,9.6,0.0,0.0,0.0,12.9,0
2021-10-01,17.5,7.9,0.0,0.0,0.0,11.4,0
2021-10-02,24.4,14.2,0.0,0.0,0.0,20.4,0
2021-10-03,20.6,16.4,13.6,13.6,0.0,18.0,0
2021-10-04,17.8,15.3,4.8,4.8,0.0,20.7,0
2021-10-05,17.7,15.3,0.1,0.1,0.0,10.5,0
2021-10-06,19.0,14.7,0.0,0.0,0.0,15.5,0
2021-10-07,20.2,14.8,0.0,0.0,0.0,12.9,0
2021-10-08,19.9,15.7,0.4,0.4,0.0,18.9,0
2021-10-09,18.6,17.0,14.4,14.4,0.0,19.1,0
2021-10-10,21.5,16.8,0.6,0.6,0.0,16.3,0
2021-10-11,22.1,17.2,0.2,0.2,0.0,15.9,0
2021-10-12,21.6,17.3,0.0,0.0,0.0,15.3,0
2021-10-13,23.0,16.4,0.1,0.1,0.0,14.9,0
2021-10-14,21.3,13.4,2.0,2.0,0.0,13.7,0
2021-10-15,20.9,16.2,13.4,13.4,0.0,14.9,0
2021-10-16,16.8,10.7,3.2,3.2,0.0,27.3,0
2021-10-17,15.3,10.0,0.1,0.1,0.0,29.1,0
2021-10-18,12.5,7.6,0.5,0.5,0.0,23.7,0
2021-10-19,20.6,6.9,0.0,0.0,0.0,19.9,0
2021-10-20,19.0,13.5,0.8,0.8,0.0,20.6,0
2021-10-21,17.9,12.8,12.2,12.2,0.0,31.9,0
2021-10-22,12.0,5.9,0.0,0.0,0.0,28.5,0
2021-10-23,10.1,6.2,0.0,0.0,0.0,11.0,0
2021-10-24,12.5,3.7,1.7,1.7,0.0,10.9,0
2021-10-25,11.2,6.7,15.0,15.0,0.0,27.5,0
2021-10-26,8.4,6.1,8.0,8.0,0.0,28.3,0
2021-10-27,15.6,8.5,0.0,0.0,0.0,15.5,0
2021-10-28,10.6,7.3,0.0,0.0,0.0,29.7,0
2021-10-29,12.8,9.8,12.1,12.1,0.0,32.2,0
2021-10-30,10.7,9.5,18.0,18.0,0.0,26.8,0
2021-10-31,15.6,9.7,0.3,0.3,0.0,26.4,0
2021-11-01,10.3,5.5,0.0,0.0,0.0,28.1,0
2021-11-02,8.7,2.4,0.1,0.1,0.0,22.5,0
2021-11-03,7.3,0.5,0.5,0.5,0.0,16.6,0
2021-11-04,7.6,-2.6,0.1,0.1,0.0,11.2,0
2021-11-05,9.5,-1.6,0.0,0.0,0.0,13.3,0
2021-11-06,10.5,-0.7,0.0,0.0,0.0,17.7,0
2021-11-07,14.9,3.1,0.0,0.0,0.0,15.1,0
2021-11-08,15.9,4.2,0.0,0.0,0.0,21.9,0
2021-11-09,13.6,7.5,4.4,4.4,0.0,10.8,0
2021-11-10,13.1,3.6,0.0,0.0,0.0,14.8,0
2021-11-11,13.2,3.5,1.0,1.0,0.0,28.8,0
2021-11-12,13.4,8.0,5.8,5.8,0.0,24.3,0
2021-11-13,8.1,4.4,0.3,0.3,0.0,28.6,0
2021-11-14,6.0,2.5,7.3,7.3,0.0,20.4,0
2021-11-15,6.3,0.5,1.2,1.2,0.0,21.7,0
2021-11-16,6.8,-0.8,0.0,0.0,0.0,20.9,0
2021-11-17,15.2,0.2,6.9,6.9,0.0,30.6,0
2021-11-18,14.9,2.2,3.1,3.1,0.0,31.2,0
2021-11-19,6.7,1.6,0.0,0.0,0.0,24.9,0
2021-11-20,6.3,0.1,0.0,0.0,0.0,22.7,0
2021-11-21,8.8,-0.1,4.8,4.8,0.0,29.0,0
2021-11-22,6.3,-1.2,0.0,0.0,0.0,30.6,0
2021-11-23,3.5,-3.4,0.0,0.0,0.0,16.1,0
2021-11-24,7.7,-3.5,0.1,0.1,0.0,24.0,0
2021-11-25,7.8,5.3,6.8,6.8,0.0,18.0,0
2021-11-26,4.8,-1.9,0.5,0.4,0.07,32.6,0
2021-11-27,2.0,-3.8,0.0,0.0,0.0,18.4,0
2021-11-28,0.4,-2.6,5.2,0.0,3.71,18.1,0
2021-11-29,1.0,-7.4,0.0,0.0,0.0,11.7,0
2021-11-30,2.7,-6.5,1.7,0.1,1.12,19.4,0
2021-12-01,4.9,-0.7,0.1,0.1,0.0,21.5,0
2021-12-02,10.1,2.3,1.7,1.7,0.0,34.7,0
2021-12-03,2.9,-1.9,0.0,0.0,0.0,17.3,0
2021-12-04,5.7,-3.0,0.7,0.7,0.0,32.3,0
2021-12-05,4.1,-1.2,13.3,6.9,4.48,39.2,0
2021-12-06,10.0,0.7,10.8,10.8,0.0,36.7,0
2021-12-07,0.2,-5.4,0.0,0.0,0.0,29.6,0
2021-12-08,-0.2,-6.3,1.5,0.0,1.05,14.0,0
2021-12-09,0.7,-6.8,1.4,0.1,0.91,25.0,0
2021-12-10,7.1,0.1,0.1,0.1,0.0,18.6,0
2021-12-11,14.6,2.9,15.4,15.4,0.0,47.4,0
2021-12-12,6.8,0.1,0.0,0.0,0.0,30.6,0
2021-12-13,8.5,3.8,0.0,0.0,0.0,27.7,0
2021-12-14,5.8,-0.5,0.0,0.0,0.0,21.7,0
2021-12-15,9.6,3.4,3.6,3.6,0.0,23.5,0
2021-12-16,15.0,7.0,0.4,0.4,0.0,45.4,0
2021-12-17,5.7,-1.2,0.0,0.0,0.0,30.0,0
2021-12-18,1.7,-2.1,9.9,0.0,6.93,21.5,0
2021-12-19,-2.5,-11.0,0.0,0.0,0.0,12.8,0
2021-12-20,3.4,-12.4,0.0,0.0,0.0,26.1,0
2021-12-21,2.5,-3.9,0.0,0.0,0.0,20.9,0
2021-12-22,3.9,-3.4,0.2,0.2,0.0,36.4,0
2021-12-23,0.5,-6.6,1.6,0.0,1.12,17.2,0
2021-12-24,3.3,-2.5,1.8,0.5,0.91,25.5,0
2021-12-25,5.8,2.4,8.7,8.7,0.0,21.3,0
2021-12-26,4.5,-3.9,0.2,0.1,0.07,17.4,0
2021-12-27,1.4,-6.3,2.9,0.1,1.96,33.5,0
2021-12-28,3.1,-0.7,1.3,0.0,0.91,18.5,0
2021-12-29,3.0,-0.1,0.8,0.0,0.56,16.7,0
2021-12-30,3.3,-2.1,0.0,0.0,0.0,11.2,0
2021-12-31,6.1,-1.5,0.3,0.3,0.0,11.1,0
2022-01-01,4.0,-1.1,2.8,0.4,1.68,20.9,0
2022-01-02,-1.8,-8.5,6.0,0.0,4.2,22.3,0
2022-01-03,-5.0,-13.4,0.0,0.0,0.0,17.0,0
2022-01-04,3.1,-6.1,0.0,0.0,0.0,21.4,0
2022-01-05,4.5,-3.5,0.8,0.8,0.0,35.2,0
2022-01-06,-1.0,-5.9,0.0,0.0,0.0,26.3,0
2022-01-07,-4.4,-9.4,0.0,0.0,0.0,22.2,0
2022-01-08,0.9,-14.0,0.0,0.0,0.0,21.7,0
2022-01-09,4.0,-5.9,0.9,0.7,0.14,28.1,0
2022-01-10,-6.0,-11.4,0.7,0.0,0.49,31.7,0
2022-01-11,-3.2,-18.9,0.2,0.0,0.14,30.5,0
2022-01-12,3.3,-2.8,0.0,0.0,0.0,26.5,0
2022-01-13,1.6,-2.5,0.1,0.0,0.07,12.9,0
2022-01-14,-1.9,-15.9,0.0,0.0,0.0,24.8,0
2022-01-15,-12.1,-20.9,0.0,0.0,0.0,20.7,0
2022-01-16,-0.8,-14.4,0.1,0.0,0.07,20.6,0
2022-01-17,-2.7,-4.5,35.0,0.0,24.57,31.1,0
2022-01-18,-2.1,-9.1,0.6,0.0,0.42,18.1,0
2022-01-19,4.6,-4.5,2.8,0.0,1.96,27.7,0
2022-01-20,-5.6,-18.9,0.0,0.0,0.0,21.8,0
2022-01-21,-12.3,-22.4,0.0,0.0,0.0,10.1,0
2022-01-22,-4.5,-15.5,0.1,0.0,0.07,28.5,0
2022-01-23,-5.0,-17.2,0.3,0.0,0.21,22.6,0
2022-01-24,-5.1,-22.0,3.6,0.0,2.52,23.9,0
2022-01-25,-6.5,-15.9,0.1,0.0,0.07,16.9,0
2022-01-26,-8.6,-19.8,0.3,0.0,0.21,18.2,0
2022-01-27,-4.0,-11.1,0.0,0.0,0.0,31.1,0
2022-01-28,-4.6,-18.3,0.0,0.0,0.0,23.2,0
2022-01-29,-11.3,-22.4,0.0,0.0,0.0,16.1,0
2022-01-30,-5.1,-17.9,0.0,0.0,0.0,11.3,0
2022-01-31,-2.5,-15.2,0.0,0.0,0.0,11.9,0
2022-02-01,3.5,-5.1,0.0,0.0,0.0,24.1,0
2022-02-02,3.8,-1.8,11.4,4.9,4.55,25.4,0
2022-02-03,-2.4,-8.4,7.0,0.0,4.9,22.3,0
2022-02-04,-8.5,-13.1,2.0,0.0,1.4,19.5,0
2022-02-05,-8.9,-16.1,0.0,0.0,0.0,13.8,0
2022-02-06,-0.7,-8.5,0.0,0.0,0.0,25.4,0
2022-02-07,1.7,-5.1,0.0,0.0,0.0,19.4,0
2022-02-08,-0.4,-7.2,0.0,0.0,0.0,18.8,0
2022-02-09,3.9,-4.3,0.1,0.1,0.0,25.5,0
2022-02-10,2.7,-3.4,0.1,0.1,0.0,22.7,0
2022-02-11,3.5,-3.7,4.4,3.1,0.91,33.4,0
2022-02-12,2.5,-14.5,0.6,0.4,0.14,25.7,0
2022-02-13,-9.2,-19.4,0.0,0.0,0.0,13.6,0
2022-02-14,-8.5,-18.1,0.0,0.0,0.0,14.9,0
2022-02-15,-3.0,-13.8,0.0,0.0,0.0,17.8,0
2022-02-16,9.0,-3.6,0.6,0.6,0.0,37.1,0
2022-02-17,8.3,-0.7,31.6,21.6,7.0,31.1,0
2022-02-18,-1.3,-10.3,6.7,0.0,4.69,31.2,0
2022-02-19,-2.0,-12.1,2.0,0.0,1.4,43.0,0
2022-02-20,4.8,-12.7,0.0,0.0,0.0,36.3,0
2022-02-21,4.4,-1.7,0.0,0.0,0.0,25.8,0
2022-02-22,6.9,-0.5,15.1,15.1,0.0,27.8,0
2022-02-23,8.1,-10.4,0.1,0.1,0.0,29.6,0
2022-02-24,-5.4,-11.3,0.0,0.0,0.0,19.7,0
2022-02-25,-4.7,-11.3,10.6,0.0,7.42,34.8,0
2022-02-26,-0.8,-16.2,0.0,0.0,0.0,26.7,0
2022-02-27,1.5,-5.6,0.1,0.0,0.07,32.3,0
2022-02-28,-4.1,-12.2,0.2,0.0,0.14,17.0,0
2022-03-01,4.7,-3.7,2.2,0.6,1.19,20.2,0
2022-03-02,3.8,-5.1,0.2,0.0,0.14,23.2,0
2022-03-03,-1.1,-8.8,0.0,0.0,0.0,28.6,0
2022-03-04,3.1,-9.2,0.0,0.0,0.0,21.9,0
2022-03-05,2.6,-5.6,0.0,0.0,0.0,27.9,0
2022-03-06,17.4,1.3,5.8,5.8,0.0,42.1,0
2022-03-07,2.5,-0.3,9.0,1.7,5.11,19.8,0
2022-03-08,3.7,-3.6,1.1,0.0,0.77,24.0,0
2022-03-09,3.8,-4.1,0.0,0.0,0.0,14.4,0
2022-03-10,4.7,-3.4,0.0,0.0,0.0,15.7,0
2022-03-11,0.3,-3.3,3.8,0.0,2.73,19.2,0
2022-03-12,-1.5,-8.4,0.4,0.0,0.28,38.5,0
2022-03-13,-0.6,-8.7,0.5,0.0,0.35,30.1,0
2022-03-14,6.6,-4.8,0.0,0.0,0.0,13.3,0
2022-03-15,1.7,0.1,10.9,0.4,7.35,12.5,0
2022-03-16,3.4,-0.0,0.0,0.0,0.0,11.4,0
2022-03-17,14.3,-0.2,0.0,0.0,0.0,16.9,0
2022-03-18,13.4,3.3,0.2,0.2,0.0,18.9,0
2022-03-19,11.3,4.1,2.5,2.5,0.0,25.2,0
2022-03-20,11.2,2.0,1.3,1.3,0.0,26.0,0
2022-03-21,13.1,1.2,0.1,0.1,0.0,25.1,0
2022-03-22,4.7,-2.9,0.0,0.0,0.0,16.7,0
2022-03-23,3.7,1.9,18.5,18.0,0.35,42.5,0
2022-03-24,12.2,3.7,4.3,4.3,0.0,31.5,0
2022-03-25,6.4,2.6,0.0,0.0,0.0,22.3,0
2022-03-26,9.0,0.8,3.1,3.1,0.0,28.8,0
2022-03-27,0.1,-7.2,1.6,0.0,1.12,30.8,0
2022-03-28,-3.9,-9.3,0.2,0.0,0.14,30.8,0
2022-03-29,3.4,-6.7,0.0,0.0,0.0,15.0,0
2022-03-30,3.3,-5.3,1.8,1.1,0.49,31.3,0
2022-03-31,15.7,3.8,3.1,3.1,0.0,36.2,0
2022-04-01,4.7,-1.0,1.0,0.1,0.63,27.2,0
2022-04-02,4.7,-3.7,0.0,0.0,0.0,16.0,0
2022-04-03,6.2,0.1,1.9,0.8,0.84,20.6,0
2022-04-04,6.7,-2.7,0.3,0.3,0.0,14.3,0
2022-04-05,9.1,2.8,0.8,0.6,0.14,21.2,0
2022-04-06,9.3,4.3,6.2,6.2,0.0,32.0,0
2022-04-07,11.5,6.0,4.3,4.3,0.0,23.7,0
2022-04-08,9.1,1.1,1.5,1.5,0.0,23.0,0
2022-04-09,8.4,1.9,2.5,2.5,0.0,19.9,0
2022-04-10,8.9,0.6,0.0,0.0,0.0,24.0,0
2022-04-11,10.0,-1.2,1.8,1.8,0.0,18.4,0
2022-04-12,13.5,4.3,0.0,0.0,0.0,21.0,0
2022-04-13,20.9,6.4,0.9,0.9,0.0,31.3,0
2022-04-14,14.9,8.1,1.5,1.5,0.0,33.2,0
2022-04-15,14.0,4.0,2.1,2.1,0.0,46.1,0
2022-04-16,6.8,0.1,1.4,1.3,0.07,19.8,0
2022-04-17,8.2,-1.2,0.2,0.0,0.14,17.9,0
2022-04-18,5.7,-1.8,11.5,4.9,4.62,31.6,0
2022-04-19,6.9,1.7,3.0,2.7,0.21,35.9,0
2022-04-20,9.4,0.1,0.0,0.0,0.0,23.5,0
2022-04-21,17.1,4.3,4.5,4.5,0.0,30.3,0
2022-04-22,11.1,3.1,0.0,0.0,0.0,19.9,0
2022-04-23,8.8,4.1,1.0,1.0,0.0,28.5,0
2022-04-24,14.0,5.8,0.0,0.0,0.0,26.3,0
2022-04-25,20.5,9.0,12.5,12.5,0.0,21.7,0
2022-04-26,10.9,3.2,1.7,1.7,0.0,18.2,0
2022-04-27,4.6,-1.0,1.5,0.8,0.49,23.8,0
2022-04-28,10.0,-1.6,0.0,0.0,0.0,22.2,0
2022-04-29,11.5,-0.6,0.0,0.0,0.0,18.7,0
2022-04-30,11.8,1.2,0.0,0.0,0.0,16.9,0
2022-05-01,9.8,5.0,7.2,7.2,0.0,25.9,0
2022-05-02,14.1,8.0,1.3,1.3,0.0,14.8,0
2022-05-03,13.2,5.7,12.7,12.7,0.0,24.0,0
2022-05-04,17.0,8.8,18.3,18.3,0.0,23.7,0
2022-05-05,13.3,4.2,0.0,0.0,0.0,22.0,0
2022-05-06,13.3,7.6,0.0,0.0,0.0,24.5,0
2022-05-07,12.8,6.8,0.0,0.0,0.0,25.0,0
2022-05-08,13.5,4.4,0.0,0.0,0.0,17.3,0
2022-05-09,16.4,4.6,0.0,0.0,0.0,19.1,0
2022-05-10,18.4,7.2,0.0,0.0,0.0,18.1,0
2022-05-11,20.6,7.9,0.0,0.0,0.0,12.8,0
2022-05-12,21.4,9.2,0.0,0.0,0.0,13.1,0
2022-05-13,25.6,10.6,0.0,0.0,0.0,12.4,0
2022-05-14,23.8,11.9,0.0,0.0,0.0,14.7,0
2022-05-15,24.2,12.2,0.0,0.0,0.0,14.2,0
2022-05-16,17.4,10.8,3.8,3.8,0.0,25.1,0
2022-05-17,16.0,7.6,0.2,0.2,0.0,25.3,0
2022-05-18,13.8,6.2,0.0,0.0,0.0,13.2,0
2022-05-19,19.8,8.0,3.4,3.4,0.0,14.2,0
2022-05-20,23.6,10.5,0.1,0.1,0.0,25.8,0
2022-05-21,28.9,16.9,1.6,1.6,0.0,30.7,0
2022-05-22,20.3,9.8,1.0,1.0,0.0,27.6,0
2022-05-23,14.7,7.0,0.0,0.0,0.0,15.7,0
2022-05-24,17.3,6.7,0.0,0.0,0.0,16.2,0
2022-05-25,17.5,11.1,0.3,0.3,0.0,25.1,0
2022-05-26,24.6,12.6,0.0,0.0,0.0,29.9,0
2022-05-27,22.2,16.3,10.2,10.2,0.0,18.8,0
2022-05-28,22.0,13.5,2.1,2.1,0.0,17.2,0
2022-05-29,21.6,10.6,0.0,0.0,0.0,14.8,0
2022-05-30,27.2,14.7,0.0,0.0,0.0,25.7,0
2022-05-31,27.7,17.9,0.1,0.1,0.0,24.4,0
2022-06-01,23.4,15.6,21.8,21.8,0.0,20.8,0
2022-06-02,18.9,11.7,0.0,0.0,0.0,19.4,0
2022-06-03,21.7,10.1,0.1,0.1,0.0,25.0,0
2022-06-04,20.3,8.7,0.0,0.0,0.0,25.5,0
2022-06-05,21.1,8.1,0.0,0.0,0.0,22.5,0
2022-06-06,19.3,13.9,14.5,14.5,0.0,20.7,0
2022-06-07,21.6,14.0,33.2,33.2,0.0,23.2,0
2022-06-08,20.5,11.9,0.6,0.6,0.0,16.6,0
2022-06-09,22.0,13.8,6.0,6.0,0.0,18.7,0
2022-06-10,22.2,12.2,0.5,0.5,0.0,18.5,0
2022-06-11,21.7,11.8,0.0,0.0,0.0,20.5,0
2022-06-12,23.6,15.6,2.1,2.1,0.0,19.4,0
2022-06-13,20.3,10.9,0.0,0.0,0.0,17.9,0
2022-06-14,22.9,14.2,0.0,0.0,0.0,12.0,0
2022-06-15,23.0,15.7,0.0,0.0,0.0,20.8,0
2022-06-16,30.7,17.7,2.8,2.8,0.0,23.6,0
2022-06-17,25.8,16.1,0.0,0.0,0.0,34.7,0
2022-06-18,18.3,11.7,0.0,0.0,0.0,30.9,0
2022-06-19,21.9,9.4,0.0,0.0,0.0,21.7,0
2022-06-20,22.6,13.8,0.0,0.0,0.0,19.3,0
2022-06-21,27.0,16.3,2.0,2.0,0.0,22.0,0
2022-06-22,33.6,21.0,0.0,0.0,0.0,26.4,0
2022-06-23,27.1,16.1,0.0,0.0,0.0,17.9,0
2022-06-24,24.9,14.8,0.0,0.0,0.0,18.1,0
2022-06-25,27.7,16.3,0.0,0.0,0.0,12.4,0
2022-06-26,26.5,16.4,12.4,12.4,0.0,18.7,0
2022-06-27,22.0,15.8,0.2,0.2,0.0,29.3,0
2022-06-28,22.0,11.3,0.0,0.0,0.0,23.2,0
2022-06-29,20.6,15.1,16.3,16.3,0.0,12.6,0
2022-06-30,25.9,11.8,0.0,0.0,0.0,20.8,0
2022-07-01,27.5,20.1,0.8,0.8,0.0,19.2,0
2022-07-02,27.7,14.4,0.4,0.4,0.0,22.1,0
2022-07-03,23.7,13.5,0.0,0.0,0.0,20.9,0
2022-07-04,24.0,12.7,0.0,0.0,0.0,13.8,0
2022-07-05,26.6,18.7,12.4,12.4,0.0,19.0,0
2022-07-06,22.5,17.2,1.2,1.2,0.0,15.3,0
2022-07-07,23.9,15.1,0.0,0.0,0.0,11.4,0
2022-07-08,25.3,15.9,0.8,0.8,0.0,17.4,0
2022-07-09,20.9,13.7,0.0,0.0,0.0,20.1,0
2022-07-10,24.7,14.3,0.0,0.0,0.0,17.6,0
2022-07-11,28.6,14.1,0.2,0.2,0.0,28.8,0
2022-07-12,27.7,19.3,3.4,3.4,0.0,24.6,0
2022-07-13,23.1,15.2,0.9,0.9,0.0,13.8,0
2022-07-14,24.6,15.1,0.1,0.1,0.0,15.5,0
2022-07-15,24.8,14.2,0.0,0.0,0.0,14.9,0
2022-07-16,27.4,16.7,0.0,0.0,0.0,12.4,0
2022-07-17,27.8,17.1,0.0,0.0,0.0,14.6,0
2022-07-18,26.0,19.6,31.2,31.2,0.0,20.6,0
2022-07-19,32.4,18.9,0.4,0.4,0.0,17.8,0
2022-07-20,28.6,22.2,14.1,14.1,0.0,27.8,0
2022-07-21,30.0,20.9,0.4,0.4,0.0,30.6,0
2022-07-22,27.8,18.0,0.0,0.0,0.0,12.0,0
2022-07-23,31.3,20.5,0.0,0.0,0.0,22.4,0
2022-07-24,26.7,21.6,6.9,6.9,0.0,26.3,0
2022-07-25,23.9,17.3,0.0,0.0,0.0,24.2,0
2022-07-26,23.2,14.8,0.0,0.0,0.0,15.5,0
2022-07-27,25.3,15.8,0.1,0.1,0.0,14.3,0
2022-07-28,28.0,19.3,0.9,0.9,0.0,25.5,0
2022-07-29,26.9,15.8,0.0,0.0,0.0,22.0,0
2022-07-30,25.3,16.1,0.2,0.2,0.0,26.6,0
2022-07-31,26.3,15.5,0.0,0.0,0.0,19.6,0
2022-08-01,27.0,17.2,5.5,5.5,0.0,24.5,0
2022-08-02,26.3,17.4,0.0,0.0,0.0,18.4,0
2022-08-03,28.3,14.9,0.2,0.2,0.0,27.5,0
2022-08-04,27.2,21.7,3.4,3.4,0.0,26.1,0
2022-08-05,27.3,19.3,0.4,0.4,0.0,13.9,0
2022-08-06,29.3,20.7,0.0,0.0,0.0,20.2,0
2022-08-07,29.7,22.2,0.3,0.3,0.0,25.0,0
2022-08-08,28.4,23.1,2.1,2.1,0.0,24.9,0
2022-08-09,23.4,18.4,0.1,0.1,0.0,21.6,0
2022-08-10,24.9,16.1,0.0,0.0,0.0,14.6,0
2022-08-11,25.4,16.9,0.1,0.1,0.0,24.2,0
2022-08-12,25.5,14.5,0.0,0.0,0.0,16.2,0
2022-08-13,24.3,13.6,0.0,0.0,0.0,15.6,0
2022-08-14,25.3,15.4,0.0,0.0,0.0,16.2,0
2022-08-15,26.3,17.3,0.0,0.0,0.0,20.0,0
2022-08-16,27.6,17.3,0.0,0.0,0.0,15.6,0
2022-08-17,25.0,16.6,0.1,0.1,0.0,12.6,0
2022-08-18,27.2,17.0,2.3,2.3,0.0,16.0,0
2022-08-19,25.6,15.2,0.0,0.0,0.0,19.8,0
2022-08-20,28.2,16.9,0.0,0.0,0.0,13.1,0
2022-08-21,25.4,19.5,21.7,21.7,0.0,26.9,0
2022-08-22,22.2,19.3,18.5,18.5,0.0,16.3,0
2022-08-23,28.3,18.8,0.7,0.7,0.0,16.4,0
2022-08-24,26.8,16.5,2.5,2.5,0.0,12.9,0
2022-08-25,23.7,17.2,6.5,6.5,0.0,14.8,0
2022-08-26,26.5,16.8,0.6,0.6,0.0,23.8,0
2022-08-27,22.1,13.9,0.0,0.0,0.0,13.7,0
2022-08-28,26.0,16.9,0.0,0.0,0.0,13.7,0
2022-08-29,29.2,20.0,3.6,3.6,0.0,25.6,0
2022-08-30,24.9,19.9,9.0,9.0,0.0,20.1,0
2022-08-31,26.0,16.5,0.0,0.0,0.0,29.3,0
2022-09-01,21.6,13.2,0.0,0.0,0.0,20.0,0
2022-09-02,26.9,14.7,0.0,0.0,0.0,14.1,0
2022-09-03,28.4,19.6,0.0,0.0,0.0,20.0,0
2022-09-04,21.8,17.6,0.5,0.5,0.0,16.7,0
2022-09-05,20.8,15.9,0.8,0.8,0.0,16.6,0
2022-09-06,22.2,16.2,0.0,0.0,0.0,15.1,0
2022-09-07,23.7,17.4,0.5,0.5,0.0,11.2,0
2022-09-08,24.9,14.7,0.0,0.0,0.0,19.2,0
2022-09-09,25.2,13.8,0.0,0.0,0.0,13.3,0
2022-09-10,25.8,18.3,0.0,0.0,0.0,13.3,0
2022-09-11,22.3,19.6,1.1,1.1,0.0,14.6,0
2022-09-12,22.4,18.5,4.8,4.8,0.0,17.3,0
2022-09-13,21.0,12.5,3.3,3.3,0.0,14.3,0
2022-09-14,24.6,13.4,0.1,0.1,0.0,24.8,0
2022-09-15,18.2,8.9,0.0,0.0,0.0,15.2,0
2022-09-16,21.2,11.6,0.1,0.1,0.0,20.2,0
2022-09-17,22.9,17.1,0.0,0.0,0.0,15.4,0
2022-09-18,27.2,19.7,2.6,2.6,0.0,18.2,0
2022-09-19,26.7,17.5,0.9,0.9,0.0,22.7,0
2022-09-20,25.2,15.3,0.0,0.0,0.0,18.8,0
2022-09-21,25.9,15.4,1.6,1.6,0.0,22.9,0
2022-09-22,18.5,11.1,1.9,1.9,0.0,33.2,0
2022-09-23,15.6,6.7,0.0,0.0,0.0,19.8,0
2022-09-24,16.9,7.3,1.2,1.2,0.0,11.7,0
2022-09-25,18.0,13.7,16.5,16.5,0.0,14.4,0
2022-09-26,17.2,11.5,8.3,8.3,0.0,28.6,0
2022-09-27,16.9,11.6,9.3,9.3,0.0,23.2,0
2022-09-28,14.8,10.3,0.0,0.0,0.0,20.5,0
2022-09-29,15.8,8.4,0.0,0.0,0.0,10.9,0
2022-09-30,16.3,6.8,0.0,0.0,0.0,8.6,0
2022-10-01,18.8,9.7,0.0,0.0,0.0,20.2,0
2022-10-02,15.5,7.6,0.0,0.0,0.0,21.9,0
2022-10-03,14.8,4.7,0.0,0.0,0.0,13.5,0
2022-10-04,18.2,5.7,0.0,0.0,0.0,11.7,0
2022-10-05,19.2,8.4,0.0,0.0,0.0,11.9,0
2022-10-06,20.0,10.3,0.7,0.7,0.0,20.2,0
2022-10-07,15.5,7.2,1.5,1.5,0.0,25.7,0
2022-10-08,11.5,5.2,0.0,0.0,0.0,28.2,0
2022-10-09,15.4,7.4,0.0,0.0,0.0,21.5,0
2022-10-10,14.6,7.2,0.1,0.1,0.0,17.7,0
2022-10-11,19.8,4.4,0.0,0.0,0.0,24.7,0
2022-10-12,18.4,13.0,2.8,2.8,0.0,21.3,0
2022-10-13,15.6,9.9,21.3,21.3,0.0,28.9,0
2022-10-14,13.7,6.6,1.6,1.6,0.0,22.9,0
2022-10-15,13.8,8.1,3.5,3.5,0.0,31.9,0
2022-10-16,15.5,5.9,0.0,0.0,0.0,24.1,0
2022-10-17,10.3,5.3,4.2,4.2,0.0,25.3,0
2022-10-18,8.7,1.1,1.5,1.5,0.0,23.7,0
2022-10-19,10.6,3.1,1.5,1.5,0.0,22.9,0
2022-10-20,7.8,3.1,0.2,0.2,0.0,28.5,0
2022-10-21,14.5,1.4,0.0,0.0,0.0,27.1,0
2022-10-22,17.5,11.4,0.0,0.0,0.0,23.7,0
2022-10-23,17.7,8.9,0.0,0.0,0.0,15.3,0
2022-10-24,15.8,8.0,0.0,0.0,0.0,12.7,0
2022-10-25,15.7,9.4,0.0,0.0,0.0,13.0,0
2022-10-26,15.6,10.2,5.8,5.8,0.0,26.1,0
2022-10-27,10.1,4.2,0.0,0.0,0.0,26.7,0
2022-10-28,9.1,3.4,0.0,0.0,0.0,17.7,0
2022-10-29,10.5,0.2,0.0,0.0,0.0,7.4,0
2022-10-30,11.8,2.1,0.0,0.0,0.0,9.1,0
2022-10-31,12.9,5.2,2.3,2.3,0.0,9.8,0
2022-11-01,17.3,9.4,0.2,0.2,0.0,13.1,0
2022-11-02,13.3,5.3,0.0,0.0,0.0,10.9,0
2022-11-03,12.0,7.1,0.0,0.0,0.0,12.0,0
2022-11-04,16.8,7.5,0.0,0.0,0.0,23.4,0
2022-11-05,18.8,13.1,5.8,5.8,0.0,32.9,0
2022-11-06,16.7,12.6,1.8,1.8,0.0,28.3,0
2022-11-07,13.6,5.4,0.0,0.0,0.0,26.2,0
2022-11-08,8.7,3.2,0.0,0.0,0.0,14.8,0
2022-11-09,10.6,4.6,0.0,0.0,0.0,17.4,0
2022-11-10,16.6,9.7,0.0,0.0,0.0,23.1,0
2022-11-11,13.5,10.8,18.2,18.2,0.0,14.9,0
2022-11-12,13.6,4.1,2.1,2.1,0.0,24.0,0
2022-11-13,5.0,-0.1,0.4,0.4,0.0,21.0,0
2022-11-14,4.1,-2.3,0.0,0.0,0.0,15.1,0
2022-11-15,3.0,-1.8,3.6,0.9,1.89,27.3,0
2022-11-16,2.2,-3.1,9.4,1.8,5.32,17.1,0
2022-11-17,2.4,-4.1,0.2,0.0,0.14,26.7,0
2022-11-18,2.3,-2.2,0.0,0.0,0.0,25.7,0
2022-11-19,-0.1,-4.6,0.0,0.0,0.0,29.7,0
2022-11-20,-1.5,-5.8,0.7,0.0,0.49,35.6,0
2022-11-21,6.4,-5.9,0.0,0.0,0.0,36.1,0
2022-11-22,4.8,-4.4,0.0,0.0,0.0,14.0,0
2022-11-23,7.0,-1.2,0.0,0.0,0.0,10.0,0
2022-11-24,7.6,0.7,0.0,0.0,0.0,13.9,0
2022-11-25,7.6,3.6,1.5,1.5,0.0,28.1,0
2022-11-26,10.6,0.5,0.0,0.0,0.0,27.0,0
2022-11-27,6.1,3.1,11.4,11.4,0.0,23.7,0
2022-11-28,3.9,-0.8,0.0,0.0,0.0,20.0,0
2022-11-29,6.8,-1.9,0.0,0.0,0.0,25.6,0
2022-11-30,8.8,-0.7,16.1,16.1,0.0,37.7,0
2022-12-01,3.0,-1.8,0.0,0.0,0.0,32.8,0
2022-12-02,8.4,-3.7,0.3,0.3,0.0,23.2,0
2022-12-03,9.4,0.7,8.4,8.4,0.0,46.0,0
2022-12-04,2.7,-2.6,0.2,0.0,0.14,25.5,0
2022-12-05,5.6,0.2,0.0,0.0,0.0,26.1,0
2022-12-06,6.4,4.9,0.5,0.4,0.07,13.3,0
2022-12-07,7.5,5.2,1.1,1.1,0.0,12.3,0
2022-12-08,6.4,-1.8,0.0,0.0,0.0,16.2,0
2022-12-09,1.5,-2.2,0.0,0.0,0.0,19.5,0
2022-12-10,-0.2,-2.9,0.0,0.0,0.0,30.3,0
2022-12-11,1.7,-2.0,5.0,0.6,3.08,28.2,0
2022-12-12,0.5,-5.8,0.0,0.0,0.0,12.6,0
2022-12-13,1.2,-8.1,0.0,0.0,0.0,11.0,0
2022-12-14,-0.6,-5.5,0.0,0.0,0.0,24.9,0
2022-12-15,1.8,-0.1,13.1,5.9,5.04,40.1,0
2022-12-16,3.8,0.3,7.8,5.9,1.33,29.6,0
2022-12-17,2.1,-2.8,0.0,0.0,0.0,20.2,0
2022-12-18,1.7,-3.1,0.0,0.0,0.0,23.9,0
2022-12-19,1.4,-2.5,0.4,0.0,0.28,27.4,0
2022-12-20,1.2,-4.5,0.1,0.0,0.07,15.3,0
2022-12-21,1.3,-3.4,0.0,0.0,0.0,15.5,0
2022-12-22,4.4,-2.4,3.2,3.2,0.0,31.0,0
2022-12-23,4.4,-13.1,18.9,14.5,3.15,49.7,0
2022-12-24,-7.4,-13.5,0.2,0.0,0.14,47.4,0
2022-12-25,-3.6,-8.1,0.1,0.0,0.14,38.4,0
2022-12-26,-3.3,-7.8,0.1,0.0,0.07,28.9,0
2022-12-27,-1.0,-6.2,0.0,0.0,0.0,24.2,0
2022-12-28,5.3,-0.8,0.1,0.0,0.07,24.9,0
2022-12-29,10.6,1.4,0.0,0.0,0.0,26.9,0
2022-12-30,10.7,7.3,8.0,8.0,0.0,22.9,0
2022-12-31,8.2,3.2,21.8,21.8,0.0,19.7,0
2023-01-01,3.7,2.1,1.8,1.3,0.35,18.1,0
2023-01-02,5.4,-1.1,0.0,0.0,0.0,15.3,0
2023-01-03,4.5,-0.2,3.7,3.7,0.0,21.7,0
2023-01-04,3.9,1.7,27.0,27.0,0.0,32.1,0
2023-01-05,4.4,2.5,1.1,1.1,0.0,18.8,0
2023-01-06,5.3,-0.5,0.2,0.2,0.0,16.6,0
2023-01-07,2.1,-5.0,0.2,0.0,0.14,18.6,0
2023-01-08,-0.8,-6.3,0.0,0.0,0.0,12.2,0
2023-01-09,4.1,-4.8,0.0,0.0,0.0,22.4,0
2023-01-10,1.6,-1.3,0.0,0.0,0.0,15.7,0
2023-01-11,1.3,-3.6,0.2,0.0,0.14,27.1,0
2023-01-12,2.9,1.4,10.4,9.4,0.7,26.6,0
2023-01-13,1.4,-6.1,4.6,0.3,3.01,30.4,0
2023-01-14,-5.0,-13.1,0.0,0.0,0.0,21.5,0
2023-01-15,-1.9,-14.2,0.0,0.0,0.0,10.1,0
2023-01-16,0.6,-3.9,0.0,0.0,0.0,13.7,0
2023-01-17,4.4,0.1,2.9,2.8,0.07,21.2,0
2023-01-18,5.5,0.8,0.2,0.2,0.0,20.8,0
2023-01-19,2.8,0.1,5.4,3.4,1.4,40.0,0
2023-01-20,2.7,-0.6,0.0,0.0,0.0,20.7,0
2023-01-21,1.3,-1.4,0.0,0.0,0.0,13.7,0
2023-01-22,1.8,-1.0,3.1,0.0,2.17,14.8,0
2023-01-23,2.7,-2.5,0.0,0.0,0.0,22.3,0
2023-01-24,3.2,-2.3,0.1,0.0,0.07,28.3,0
2023-01-25,1.2,-1.9,16.2,0.5,10.99,37.6,0
2023-01-26,2.1,-3.7,4.5,2.4,1.47,30.2,0
2023-01-27,-0.3,-3.3,0.8,0.0,0.56,27.6,0
2023-01-28,2.0,-2.4,1.3,0.3,0.7,28.7,0
2023-01-29,0.8,-7.6,5.5,0.3,3.64,19.7,0
2023-01-30,-1.7,-13.0,0.3,0.0,0.21,15.5,0
2023-01-31,-5.6,-12.5,0.0,0.0,0.0,14.6,0
2023-02-01,-4.6,-14.9,0.0,0.0,0.0,23.1,0
2023-02-02,1.1,-8.8,0.5,0.0,0.35,31.0,0
2023-02-03,-9.4,-21.8,0.3,0.1,0.14,36.2,0
2023-02-04,-1.9,-24.9,1.1,0.0,0.77,31.7,0
2023-02-05,4.6,-1.8,0.0,0.0,0.0,23.9,0
2023-02-06,1.5,-3.8,0.0,0.0,0.0,20.1,0
2023-02-07,9.4,-2.1,0.6,0.6,0.0,33.7,0
2023-02-08,7.4,-0.6,0.1,0.1,0.0,16.8,0
2023-02-09,4.2,-1.7,22.4,22.4,0.0,22.6,0
2023-02-10,6.6,-1.7,0.3,0.3,0.0,30.2,0
2023-02-11,3.2,-4.9,0.0,0.0,0.0,24.2,0
2023-02-12,5.0,-1.6,0.0,0.0,0.0,13.1,0
2023-02-13,10.0,-2.9,0.0,0.0,0.0,24.9,0
2023-02-14,7.7,-1.7,0.0,0.0,0.0,17.0,0
2023-02-15,13.7,3.2,0.9,0.9,0.0,44.0,0
2023-02-16,5.8,-0.4,0.9,0.9,0.0,16.3,0
2023-02-17,0.8,-8.2,7.3,5.3,1.4,27.4,0
2023-02-18,6.2,-8.6,0.0,0.0,0.0,29.4,0
2023-02-19,8.2,-1.8,0.0,0.0,0.0,28.3,0
2023-02-20,5.7,-2.7,0.0,0.0,0.0,18.9,0
2023-02-21,7.2,-3.0,1.6,0.1,1.05,33.6,0
2023-02-22,-1.8,-5.4,13.2,0.0,9.31,31.9,0
2023-02-23,-3.0,-7.1,10.9,1.2,6.79,31.6,0
2023-02-24,-1.2,-17.9,0.0,0.0,0.0,22.4,0
2023-02-25,-3.3,-17.5,1.2,0.0,0.84,12.9,0
2023-02-26,2.7,-7.6,0.0,0.0,0.0,23.2,0
2023-02-27,0.4,-11.9,9.0,0.0,6.3,40.8,0
2023-02-28,3.6,-3.6,4.6,0.6,2.8,38.9,0
2023-03-01,2.0,-6.9,0.1,0.0,0.14,25.3,0
2023-03-02,4.3,-6.2,0.0,0.0,0.0,15.6,0
2023-03-03,1.2,-6.8,15.1,0.2,10.43,41.8,0
2023-03-04,6.3,-1.5,14.7,0.6,9.87,47.0,0
2023-03-05,6.0,-2.2,1.1,0.0,0.77,16.2,0
2023-03-06,1.5,-4.6,0.2,0.1,0.07,13.1,0
2023-03-07,0.2,-3.9,0.3,0.0,0.21,31.4,0
2023-03-08,3.0,-4.9,0.0,0.0,0.0,24.4,0
2023-03-09,3.7,-5.1,0.0,0.0,0.0,20.0,0
2023-03-10,-0.1,-5.0,7.6,0.0,5.32,30.8,0
2023-03-11,0.4,-5.6,0.6,0.0,0.42,18.7,0
2023-03-12,-0.1,-9.6,1.5,0.0,1.05,13.6,0
2023-03-13,1.6,-2.8,1.9,0.0,1.33,17.4,0
2023-03-14,-2.5,-5.2,0.0,0.0,0.0,34.1,0
2023-03-15,4.2,-6.4,0.0,0.0,0.0,26.6,0
2023-03-16,8.7,-2.6,0.5,0.5,0.0,24.1,0
2023-03-17,8.9,1.7,11.1,11.1,0.0,29.5,0
2023-03-18,1.9,-5.0,0.5,0.0,0.42,32.4,0
2023-03-19,1.8,-7.5,0.3,0.0,0.21,31.1,0
2023-03-20,7.7,-2.6,0.0,0.0,0.0,25.0,0
2023-03-21,9.8,1.8,0.4,0.0,0.28,20.4,0
2023-03-22,6.1,0.7,0.0,0.0,0.0,21.2,0
2023-03-23,8.9,-0.7,4.5,4.5,0.0,20.2,0
2023-03-24,6.4,-2.1,0.0,0.0,0.0,12.8,0
2023-03-25,8.8,-0.1,18.9,18.5,0.28,39.0,0
2023-03-26,11.2,1.0,0.0,0.0,0.0,33.9,0
2023-03-27,5.2,-0.8,5.6,0.8,3.36,15.0,0
2023-03-28,6.2,0.7,1.6,1.4,0.14,13.7,0
2023-03-29,8.6,-3.4,3.5,2.8,0.49,31.9,0
2023-03-30,3.9,-4.7,0.0,0.0,0.0,26.7,0
2023-03-31,6.0,-1.0,9.3,8.6,0.49,18.1,0
2023-04-01,15.7,-0.5,19.0,19.0,0.0,34.9,0
2023-04-02,2.0,-5.3,0.0,0.0,0.0,28.8,0
2023-04-03,15.2,1.6,0.9,0.9,0.0,24.7,0
2023-04-04,9.3,4.7,5.9,5.9,0.0,27.9,0
2023-04-05,13.5,4.5,14.5,14.5,0.0,34.3,0
2023-04-06,13.9,5.8,0.0,0.0,0.0,25.9,0
2023-04-07,8.0,-1.3,0.0,0.0,0.0,25.7,0
2023-04-08,5.6,-4.8,0.0,0.0,0.0,14.9,0
2023-04-09,8.5,-2.6,0.0,0.0,0.0,10.1,0
2023-04-10,15.7,0.3,0.0,0.0,0.0,23.3,0
2023-04-11,22.3,7.4,0.0,0.0,0.0,30.2,0
2023-04-12,25.7,8.7,0.4,0.4,0.0,26.3,0
2023-04-13,25.1,13.6,0.0,0.0,0.0,20.5,0
2023-04-14,22.7,10.1,0.0,0.0,0.0,12.3,0
2023-04-15,20.2,9.5,0.0,0.0,0.0,13.8,0
2023-04-16,19.1,8.0,8.0,8.0,0.0,26.1,0
2023-04-17,12.3,3.4,3.4,3.4,0.0,29.2,0
2023-04-18,6.2,2.5,0.4,0.4,0.0,26.6,0
2023-04-19,10.1,1.6,0.8,0.6,0.14,20.3,0
2023-04-20,7.7,3.7,1.3,1.2,0.07,24.3,0
2023-04-21,19.1,5.7,7.6,7.6,0.0,22.8,0
2023-04-22,11.8,7.4,18.8,18.8,0.0,17.2,0
2023-04-23,9.7,2.6,0.7,0.7,0.0,16.1,0
2023-04-24,9.1,0.1,2.3,2.1,0.14,15.3,0
2023-04-25,10.0,1.2,1.2,1.1,0.07,20.2,0
2023-04-26,9.1,0.5,0.7,0.7,0.0,13.0,0
2023-04-27,11.1,0.8,0.0,0.0,0.0,16.2,0
2023-04-28,10.6,5.2,9.6,9.6,0.0,24.1,0
2023-04-29,10.1,5.9,6.6,6.6,0.0,29.0,0
2023-04-30,11.8,6.0,7.1,7.1,0.0,20.5,0
2023-05-01,10.1,5.2,2.2,2.2,0.0,29.5,0
2023-05-02,6.9,4.1,5.5,5.5,0.0,18.8,0
2023-05-03,9.4,3.1,8.2,8.2,0.0,16.1,0
2023-05-04,11.6,5.7,2.1,2.1,0.0,12.4,0
2023-05-05,12.7,5.9,0.6,0.6,0.0,11.2,0
2023-05-06,16.7,4.3,0.0,0.0,0.0,11.5,0
2023-05-07,15.6,7.1,8.1,8.1,0.0,15.7,0
2023-05-08,18.3,8.5,0.0,0.0,0.0,23.2,0
2023-05-09,14.4,7.7,0.0,0.0,0.0,23.3,0
2023-05-10,17.8,4.5,0.0,0.0,0.0,18.4,0
2023-05-11,20.5,8.0,0.0,0.0,0.0,14.8,0
2023-05-12,23.0,12.1,0.0,0.0,0.0,16.5,0
2023-05-13,21.0,13.1,0.0,0.0,0.0,23.1,0
2023-05-14,15.8,9.1,0.0,0.0,0.0,21.4,0
2023-05-15,22.6,7.5,0.0,0.0,0.0,19.8,0
2023-05-16,25.6,9.1,0.0,0.0,0.0,28.2,0
2023-05-17,11.3,2.5,0.0,0.0,0.0,21.3,0
2023-05-18,13.6,1.9,0.0,0.0,0.0,13.7,0
2023-05-19,21.3,6.2,0.5,0.5,0.0,26.4,0
2023-05-20,18.8,11.4,19.5,19.5,0.0,25.6,0
2023-05-21,22.2,10.5,0.1,0.1,0.0,18.9,0
2023-05-22,15.3,9.7,0.0,0.0,0.0,16.3,0
2023-05-23,18.8,8.7,0.0,0.0,0.0,13.8,0
2023-05-24,16.6,9.3,0.8,0.8,0.0,24.9,0
2023-05-25,13.9,4.6,0.0,0.0,0.0,22.4,0
2023-05-26,17.6,7.0,0.0,0.0,0.0,17.7,0
2023-05-27,21.2,8.7,0.0,0.0,0.0,12.3,0
2023-05-28,24.2,9.8,0.0,0.0,0.0,16.2,0
2023-05-29,22.5,13.8,0.0,0.0,0.0,21.1,0
2023-05-30,24.2,14.1,0.0,0.0,0.0,12.7,0
2023-05-31,27.7,14.8,0.0,0.0,0.0,12.1,0
2023-06-01,28.5,16.8,0.0,0.0,0.0,11.4,0
2023-06-02,31.9,19.7,0.8,0.8,0.0,25.9,0
2023-06-03,22.8,15.1,0.0,0.0,0.0,19.1,0
2023-06-04,20.7,13.4,0.0,0.0,0.0,18.0,0
2023-06-05,24.3,12.8,0.0,0.0,0.0,13.9,0
2023-06-06,23.7,14.7,0.0,0.0,0.0,26.1,0
2023-06-07,22.5,11.7,0.1,0.1,0.0,24.7,0
2023-06-08,18.0,13.1,0.4,0.4,0.0,13.2,0
2023-06-09,21.9,11.2,9.0,9.0,0.0,18.3,0
2023-06-10,25.4,11.7,0.0,0.0,0.0,18.7,0
2023-06-11,21.3,15.5,7.9,7.9,0.0,15.9,0
2023-06-12,18.9,14.7,32.1,32.1,0.0,29.9,0
2023-06-13,18.5,11.7,0.7,0.7,0.0,22.7,0
2023-06-14,19.8,11.9,11.4,11.4,0.0,17.9,0
2023-06-15,20.5,11.1,0.4,0.4,0.0,16.6,0
2023-06-16,22.1,13.1,3.9,3.9,0.0,21.6,0
2023-06-17,24.1,13.1,0.0,0.0,0.0,24.0,0
2023-06-18,22.3,13.4,0.0,0.0,0.0,18.7,0
2023-06-19,22.1,14.7,0.0,0.0,0.0,22.9,0
2023-06-20,23.7,16.8,0.0,0.0,0.0,24.5,0
2023-06-21,24.0,16.3,0.0,0.0,0.0,20.0,0
2023-06-22,23.6,16.0,0.0,0.0,0.0,21.1,0
2023-06-23,22.0,17.6,9.0,9.0,0.0,13.1,0
2023-06-24,23.9,18.9,21.3,21.3,0.0,9.9,0
2023-06-25,25.6,17.5,0.0,0.0,0.0,19.0,0
2023-06-26,24.3,18.5,13.3,13.3,0.0,19.8,0
2023-06-27,24.3,17.9,5.9,5.9,0.0,22.5,0
2023-06-28,24.7,16.0,0.0,0.0,0.0,23.5,0
2023-06-29,24.3,13.0,0.0,0.0,0.0,14.6,0
2023-06-30,24.4,18.2,0.1,0.1,0.0,14.8,0
2023-07-01,26.9,18.9,1.6,1.6,0.0,12.0,0
2023-07-02,24.1,20.0,3.1,3.1,0.0,9.8,0
2023-07-03,25.4,20.0,2.9,2.9,0.0,12.6,0
2023-07-04,28.9,18.1,0.1,0.1,0.0,16.2,0
2023-07-05,29.4,19.0,0.4,0.4,0.0,13.0,0
2023-07-06,29.3,20.1,6.3,6.3,0.0,13.3,0
2023-07-07,27.7,18.5,0.0,0.0,0.0,14.8,0
2023-07-08,24.2,14.5,0.7,0.7,0.0,21.3,0
2023-07-09,24.9,16.0,0.5,0.5,0.0,11.6,0
2023-07-10,26.3,15.7,0.1,0.1,0.0,17.3,0
2023-07-11,29.6,19.8,6.9,6.9,0.0,22.7,0
2023-07-12,24.6,13.7,0.9,0.9,0.0,15.3,0
2023-07-13,26.4,18.3,7.7,7.7,0.0,26.9,0
2023-07-14,24.7,14.1,0.2,0.2,0.0,13.6,0
2023-07-15,26.4,19.0,5.0,5.0,0.0,15.5,0
2023-07-16,25.8,19.1,28.9,28.9,0.0,19.6,0
2023-07-17,26.1,18.1,1.0,1.0,0.0,18.6,0
2023-07-18,25.6,16.2,3.1,3.1,0.0,17.3,0
2023-07-19,24.0,14.6,0.3,0.3,0.0,9.9,0
2023-07-20,26.4,16.6,8.7,8.7,0.0,18.0,0
2023-07-21,25.7,17.6,0.0,0.0,0.0,22.0,0
2023-07-22,27.5,16.2,0.0,0.0,0.0,14.3,0
2023-07-23,25.2,15.2,1.8,1.8,0.0,16.3,0
2023-07-24,26.7,17.4,3.0,3.0,0.0,14.0,0
2023-07-25,25.0,16.7,0.7,0.7,0.0,11.9,0
2023-07-26,29.1,19.1,0.7,0.7,0.0,24.5,0
2023-07-27,29.6,21.3,18.5,18.5,0.0,20.7,0
2023-07-28,28.7,18.8,0.0,0.0,0.0,16.3,0
2023-07-29,23.6,18.0,21.8,21.8,0.0,22.1,0
2023-07-30,22.6,14.5,0.8,0.8,0.0,11.5,0
2023-07-31,23.6,15.3,0.5,0.5,0.0,18.2,0
2023-08-01,23.3,13.9,0.0,0.0,0.0,16.8,0
2023-08-02,24.9,14.3,0.1,0.1,0.0,17.7,0
2023-08-03,27.2,18.2,22.6,22.6,0.0,19.8,0
2023-08-04,25.3,17.4,6.6,6.6,0.0,18.8,0
2023-08-05,24.3,17.0,0.0,0.0,0.0,15.5,0
2023-08-06,23.4,14.5,0.5,0.5,0.0,27.5,0
2023-08-07,25.9,19.1,5.6,5.6,0.0,27.4,0
2023-08-08,25.6,18.3,0.4,0.4,0.0,30.3,0
2023-08-09,27.4,16.4,0.0,0.0,0.0,13.8,0
2023-08-10,25.6,18.3,8.5,8.5,0.0,16.3,0
2023-08-11,24.1,15.0,0.0,0.0,0.0,17.7,0
2023-08-12,27.1,19.2,11.8,11.8,0.0,20.9,0
2023-08-13,25.8,15.5,0.0,0.0,0.0,19.4,0
2023-08-14,22.6,15.4,0.0,0.0,0.0,12.0,0
2023-08-15,23.3,18.5,4.7,4.7,0.0,18.4,0
2023-08-16,25.8,17.4,0.2,0.2,0.0,19.5,0
2023-08-17,25.1,17.8,7.7,7.7,0.0,26.5,0
2023-08-18,19.3,14.7,3.4,3.4,0.0,31.5,0
2023-08-19,25.7,13.8,0.0,0.0,0.0,19.0,0
2023-08-20,28.6,16.4,0.0,0.0,0.0,16.8,0
2023-08-21,25.0,18.2,0.0,0.0,0.0,16.9,0
2023-08-22,23.1,15.3,0.0,0.0,0.0,14.4,0
2023-08-23,20.5,16.9,2.6,2.6,0.0,14.2,0
2023-08-24,22.9,18.0,13.1,13.1,0.0,15.4,0
2023-08-25,25.8,18.8,11.5,11.5,0.0,15.5,0
2023-08-26,23.3,16.5,1.4,1.4,0.0,18.5,0
2023-08-27,19.9,12.9,0.1,0.1,0.0,15.6,0
2023-08-28,21.4,12.6,0.0,0.0,0.0,10.9,0
2023-08-29,22.8,12.3,0.0,0.0,0.0,12.1,0
2023-08-30,21.2,13.5,3.6,3.6,0.0,24.4,0
2023-08-31,19.8,11.0,0.0,0.0,0.0,15.2,0
2023-09-01,22.8,12.2,0.0,0.0,0.0,11.1,0
2023-09-02,25.9,14.9,0.6,0.6,0.0,21.5,0
2023-09-03,29.0,17.7,0.2,0.2,0.0,18.9,0
2023-09-04,32.1,21.1,0.0,0.0,0.0,19.1,0
2023-09-05,29.1,19.2,0.0,0.0,0.0,19.1,0
2023-09-06,29.7,21.3,0.0,0.0,0.0,17.6,0
2023-09-07,27.0,18.1,3.1,3.1,0.0,20.4,0
2023-09-08,22.0,15.3,0.0,0.0,0.0,19.3,0
2023-09-09,19.7,15.2,0.0,0.0,0.0,13.0,0
2023-09-10,23.1,17.7,1.7,1.7,0.0,11.4,0
2023-09-11,22.5,15.9,0.3,0.3,0.0,11.4,0
2023-09-12,22.9,16.2,5.7,5.7,0.0,17.2,0
2023-09-13,20.4,12.3,0.1,0.1,0.0,17.8,0
2023-09-14,20.2,10.6,0.0,0.0,0.0,14.8,0
2023-09-15,20.0,9.7,0.0,0.0,0.0,11.7,0
2023-09-16,22.9,9.9,0.0,0.0,0.0,16.9,0
2023-09-17,21.9,12.8,0.5,0.5,0.0,15.3,0
2023-09-18,21.0,13.1,3.2,3.2,0.0,20.1,0
2023-09-19,20.9,10.5,0.0,0.0,0.0,16.6,0
2023-09-20,19.3,7.8,0.0,0.0,0.0,10.7,0
2023-09-21,21.4,13.3,0.0,0.0,0.0,12.0,0
2023-09-22,20.7,14.9,0.0,0.0,0.0,16.8,0
2023-09-23,20.4,14.1,0.0,0.0,0.0,17.8,0
2023-09-24,20.9,13.2,0.0,0.0,0.0,23.9,0
2023-09-25,21.5,15.0,0.0,0.0,0.0,25.2,0
2023-09-26,18.6,15.8,0.0,0.0,0.0,26.0,0
2023-09-27,18.5,14.6,0.0,0.0,0.0,25.6,0
2023-09-28,18.5,14.5,0.1,0.1,0.0,24.7,0
2023-09-29,20.6,12.7,0.0,0.0,0.0,14.8,0
2023-09-30,21.6,14.2,0.1,0.1,0.0,10.8,0
2023-10-01,25.2,14.9,0.0,0.0,0.0,11.7,0
2023-10-02,24.7,15.4,0.0,0.0,0.0,12.4,0
2023-10-03,26.6,16.2,0.0,0.0,0.0,13.1,0
2023-10-04,25.1,17.8,0.0,0.0,0.0,10.8,0
2023-10-05,25.1,17.7,13.7,13.7,0.0,23.5,0
2023-10-06,21.3,14.4,12.6,12.6,0.0,23.1,0
2023-10-07,15.5,9.9,0.3,0.3,0.0,22.7,0
2023-10-08,11.4,8.1,2.4,2.4,0.0,30.8,0
2023-10-09,11.3,8.5,0.5,0.5,0.0,34.5,0
2023-10-10,13.8,8.7,3.4,3.4,0.0,20.4,0
2023-10-11,15.2,8.4,1.1,1.1,0.0,23.4,0
2023-10-12,15.0,6.1,0.0,0.0,0.0,19.1,0
2023-10-13,15.0,6.3,0.0,0.0,0.0,12.1,0
2023-10-14,14.4,9.7,4.0,4.0,0.0,23.3,0
2023-10-15,10.5,7.1,0.6,0.6,0.0,23.9,0
2023-10-16,14.6,9.3,0.0,0.0,0.0,25.0,0
2023-10-17,14.4,8.5,0.0,0.0,0.0,13.0,0
2023-10-18,14.9,8.6,0.0,0.0,0.0,19.4,0
2023-10-19,16.7,10.3,1.5,1.5,0.0,18.4,0
2023-10-20,14.4,10.7,7.7,7.7,0.0,22.0,0
2023-10-21,13.6,8.2,0.2,0.2,0.0,24.5,0
2023-10-22,9.9,5.3,0.0,0.0,0.0,33.5,0
2023-10-23,12.5,1.3,0.0,0.0,0.0,14.2,0
2023-10-24,18.2,8.6,3.8,3.8,0.0,24.0,0
2023-10-25,19.1,14.6,2.6,2.6,0.0,23.3,0
2023-10-26,18.7,14.2,4.9,4.9,0.0,19.5,0
2023-10-27,22.0,16.3,3.2,3.2,0.0,24.9,0
2023-10-28,17.8,7.2,0.3,0.3,0.0,22.4,0
2023-10-29,8.0,6.7,2.6,2.6,0.0,19.4,0
2023-10-30,7.3,1.3,4.8,4.8,0.0,20.2,0
2023-10-31,6.8,-1.4,0.2,0.2,0.0,20.3,0
2023-11-01,5.3,-1.3,0.0,0.0,0.0,19.0,0
2023-11-02,9.2,0.5,0.0,0.0,0.0,25.0,0
2023-11-03,13.1,6.8,0.0,0.0,0.0,29.5,0
2023-11-04,12.1,7.5,3.1,3.1,0.0,22.6,0
2023-11-05,9.4,2.9,0.0,0.0,0.0,14.2,0
2023-11-06,12.8,8.0,3.2,3.2,0.0,31.2,0
2023-11-07,12.7,2.6,0.0,0.0,0.0,23.3,0
2023-11-08,4.3,-2.2,11.5,7.9,2.52,29.9,0
2023-11-09,11.3,4.5,6.9,6.9,0.0,30.7,0
2023-11-10,10.9,3.1,0.0,0.0,0.0,26.6,0
2023-11-11,5.7,-0.7,0.1,0.1,0.0,12.6,0
2023-11-12,5.5,-1.2,0.0,0.0,0.0,9.7,0
2023-11-13,12.8,2.9,0.1,0.1,0.0,22.7,0
2023-11-14,9.0,4.3,0.0,0.0,0.0,20.7,0
2023-11-15,11.8,3.1,0.0,0.0,0.0,19.1,0
2023-11-16,9.4,0.4,0.0,0.0,0.0,12.3,0
2023-11-17,14.1,1.8,2.9,2.9,0.0,28.2,0
2023-11-18,8.2,-0.6,0.0,0.0,0.0,18.9,0
2023-11-19,6.5,0.1,0.0,0.0,0.0,23.6,0
2023-11-20,1.3,-5.0,0.0,0.0,0.0,21.3,0
2023-11-21,6.8,1.5,11.0,11.0,0.0,27.5,0
2023-11-22,7.1,3.6,4.3,4.3,0.0,22.0,0
2023-11-23,8.1,1.5,0.0,0.0,0.0,29.1,0
2023-11-24,0.9,-3.8,0.0,0.0,0.0,21.6,0
2023-11-25,3.7,-2.7,0.0,0.0,0.0,14.6,0
2023-11-26,5.8,-1.4,9.4,9.4,0.0,18.9,0
2023-11-27,4.6,-2.0,0.2,0.1,0.07,32.0,0
2023-11-28,0.6,-4.4,0.0,0.0,0.0,31.1,0
2023-11-29,1.2,-4.1,0.4,0.0,0.28,27.6,0
2023-11-30,8.3,-1.6,0.0,0.0,0.0,26.6,0
2023-12-01,8.4,1.7,9.6,7.2,1.68,19.8,0
2023-12-02,4.8,3.1,3.2,3.2,0.0,12.7,0
2023-12-03,3.5,2.2,8.5,8.4,0.07,20.1,0
2023-12-04,4.5,1.2,0.5,0.5,0.0,18.8,0
2023-12-05,2.4,-3.2,0.8,0.0,0.56,10.7,0
2023-12-06,1.4,-4.5,0.6,0.2,0.28,15.8,0
2023-12-07,5.8,-1.9,1.8,0.1,1.19,18.4,0
2023-12-08,6.4,-0.8,0.0,0.0,0.0,18.0,0
2023-12-09,11.8,4.8,3.8,3.8,0.0,21.4,0
2023-12-10,9.8,3.4,3.9,3.9,0.0,18.6,0
2023-12-11,2.5,0.7,0.0,0.0,0.0,24.7,0
2023-12-12,6.2,-0.9,0.0,0.0,0.0,29.5,0
2023-12-13,2.2,-1.9,0.0,0.0,0.0,26.8,0
2023-12-14,6.2,-2.4,0.0,0.0,0.0,21.6,0
2023-12-15,10.8,2.8,0.0,0.0,0.0,21.3,0
2023-12-16,5.3,2.5,0.3,0.3,0.0,22.9,0
2023-12-17,7.3,5.4,10.4,10.4,0.0,18.4,0
2023-12-18,6.3,-0.2,3.1,2.4,0.49,34.4,0
2023-12-19,-0.3,-3.1,1.9,0.0,1.33,35.2,0
2023-12-20,5.0,-2.1,0.0,0.0,0.0,16.9,0
2023-12-21,1.2,-3.4,0.0,0.0,0.0,21.0,0
2023-12-22,0.8,-3.5,0.0,0.0,0.0,18.9,0
2023-12-23,3.6,-0.5,9.0,9.0,0.0,14.0,0
2023-12-24,5.3,1.2,0.2,0.2,0.0,11.7,0
2023-12-25,6.8,3.8,0.0,0.0,0.0,17.0,0
2023-12-26,7.1,3.8,0.0,0.0,0.0,15.3,0
2023-12-27,7.4,6.4,20.0,20.0,0.0,17.3,0
2023-12-28,7.5,6.1,3.8,3.8,0.0,15.8,0
2023-12-29,7.2,3.8,5.8,5.8,0.0,16.0,0
2023-12-30,3.5,-1.1,0.2,0.2,0.0,17.0,0
2023-12-31,1.9,-0.3,2.0,0.2,1.26,13.6,0
2024-01-01,0.6,-2.9,0.7,0.0,0.49,14.5,0
2024-01-02,3.2,-2.6,0.0,0.0,0.0,25.3,0
2024-01-03,3.5,-0.6,0.3,0.2,0.07,19.3,0
2024-01-04,0.9,-6.2,0.0,0.0,0.0,23.5,0
2024-01-05,0.4,-3.3,0.0,0.0,0.0,21.6,0
2024-01-06,2.0,-1.7,3.5,0.0,2.45,27.4,0
2024-01-07,1.3,-4.1,2.5,0.1,1.68,18.9,0
2024-01-08,3.9,-2.9,0.2,0.2,0.0,12.6,0
2024-01-09,5.0,1.1,28.2,15.8,8.68,32.2,0
2024-01-10,6.6,-0.4,4.5,4.5,0.0,35.7,0
2024-01-11,2.4,-0.6,3.9,0.8,2.17,13.5,0
2024-01-12,3.0,-3.2,8.6,1.3,5.11,40.4,0
2024-01-13,6.0,-2.8,7.6,6.7,0.63,35.8,0
2024-01-14,-2.9,-10.3,0.0,0.0,0.0,38.4,0
2024-01-15,-7.2,-13.5,0.0,0.0,0.0,25.7,0
2024-01-16,-5.6,-10.8,1.7,0.0,1.19,21.9,0
2024-01-17,-7.1,-13.9,0.0,0.0,0.0,29.2,0
2024-01-18,-2.6,-9.4,0.1,0.0,0.07,21.4,0
2024-01-19,-6.1,-12.6,0.0,0.0,0.0,19.8,0
2024-01-20,-7.0,-14.4,0.1,0.0,0.07,22.2,0
2024-01-21,-1.1,-9.6,0.2,0.0,0.14,18.5,0
2024-01-22,-0.1,-6.1,0.5,0.2,0.21,24.4,0
2024-01-23,1.3,-3.0,6.5,1.0,3.85,17.3,0
2024-01-24,2.5,0.9,8.9,8.9,0.0,18.0,0
2024-01-25,3.9,0.7,0.9,0.9,0.0,17.0,0
2024-01-26,7.0,1.5,26.9,26.9,0.0,21.9,0
2024-01-27,5.0,-0.1,0.0,0.0,0.0,10.7,0
2024-01-28,3.4,0.7,1.2,1.2,0.0,16.8,0
2024-01-29,4.4,-2.0,0.0,0.0,0.0,17.3,0
2024-01-30,2.8,-2.6,0.2,0.1,0.07,18.1,0
2024-01-31,5.2,-1.8,0.0,0.0,0.0,21.8,0
2024-02-01,5.2,1.7,0.3,0.3,0.0,20.6,0
2024-02-02,3.1,-3.0,0.0,0.0,0.0,22.0,0
2024-02-03,2.4,-5.2,0.0,0.0,0.0,11.6,0
2024-02-04,4.7,-4.6,0.0,0.0,0.0,13.3,0
2024-02-05,4.0,-2.3,0.0,0.0,0.0,14.3,0
2024-02-06,2.8,-3.6,0.0,0.0,0.0,13.0,0
2024-02-07,4.5,-1.4,0.0,0.0,0.0,9.5,0
2024-02-08,5.1,-2.0,0.0,0.0,0.0,15.9,0
2024-02-09,13.6,3.1,1.0,1.0,0.0,28.9,0
2024-02-10,10.3,1.1,0.0,0.0,0.0,19.9,0
2024-02-11,4.7,-1.7,0.0,0.0,0.0,13.0,0
2024-02-12,3.8,-2.3,0.3,0.0,0.21,12.2,0
2024-02-13,5.2,-3.7,0.9,0.1,0.56,28.0,0
2024-02-14,1.0,-6.6,0.0,0.0,0.0,19.8,0
2024-02-15,1.0,-6.5,5.4,0.2,3.64,32.6,0
2024-02-16,-0.7,-3.6,0.9,0.0,0.63,31.2,0
2024-02-17,-4.1,-7.3,0.1,0.0,0.07,24.2,0
2024-02-18,1.3,-5.8,0.9,0.0,0.7,35.5,0
2024-02-19,-1.5,-12.1,0.0,0.0,0.0,21.9,0
2024-02-20,3.6,-5.7,0.0,0.0,0.0,14.5,0
2024-02-21,8.5,-2.9,0.9,0.9,0.0,20.6,0
2024-02-22,9.2,-0.6,2.3,2.3,0.0,19.7,0
2024-02-23,10.7,-4.9,0.0,0.0,0.0,30.5,0
2024-02-24,-3.0,-12.7,0.0,0.0,0.0,24.2,0
2024-02-25,5.0,-6.9,0.8,0.0,0.56,27.7,0
2024-02-26,7.2,-1.3,0.0,0.0,0.0,17.1,0
2024-02-27,13.3,0.9,0.1,0.1,0.0,26.2,0
2024-02-28,15.2,-4.5,6.5,6.5,0.0,42.4,0
2024-02-29,-2.2,-5.8,0.0,0.0,0.0,29.6,0
2024-03-01,7.5,-5.5,0.0,0.0,0.0,20.8,0
2024-03-02,6.8,2.7,2.0,2.0,0.0,12.6,0
2024-03-03,7.9,3.1,0.0,0.0,0.0,19.8,0
2024-03-04,12.0,2.8,0.0,0.0,0.0,19.6,0
2024-03-05,15.1,6.7,3.0,3.0,0.0,19.2,0
2024-03-06,8.7,4.3,1.4,1.4,0.0,19.3,0
2024-03-07,8.8,0.1,0.2,0.2,0.0,17.3,0
2024-03-08,7.3,1.7,2.2,2.2,0.0,25.6,0
2024-03-09,9.7,4.8,13.5,13.5,0.0,31.2,0
2024-03-10,4.3,-0.7,0.3,0.0,0.21,33.3,0
2024-03-11,8.2,-1.3,0.0,0.0,0.0,27.3,0
2024-03-12,11.3,0.2,0.0,0.0,0.0,10.9,0
2024-03-13,19.5,5.5,0.5,0.5,0.0,17.7,0
2024-03-14,11.3,1.4,16.5,16.5,0.0,28.5,0
2024-03-15,11.9,2.6,1.2,1.2,0.0,19.5,0
2024-03-16,9.1,-2.8,3.9,3.9,0.0,29.2,0
2024-03-17,6.8,-0.7,0.2,0.2,0.0,24.1,0
2024-03-18,4.3,-2.3,0.5,0.0,0.35,22.6,0
2024-03-19,1.9,-1.5,1.2,0.0,0.84,29.3,0
2024-03-20,1.5,-4.5,0.5,0.0,0.35,36.1,0
2024-03-21,-0.2,-6.1,0.0,0.0,0.0,22.4,0
2024-03-22,-2.1,-7.2,6.4,0.0,4.48,22.8,0
2024-03-23,2.1,-5.1,1.5,0.0,1.05,20.8,0
2024-03-24,1.0,-9.7,0.0,0.0,0.0,17.1,0
2024-03-25,7.9,-0.7,0.0,0.0,0.0,25.7,0
2024-03-26,9.1,4.1,5.0,5.0,0.0,20.6,0
2024-03-27,10.9,3.8,2.5,2.5,0.0,25.0,0
2024-03-28,9.1,-3.4,0.0,0.0,0.0,16.9,0
2024-03-29,7.0,-2.1,0.0,0.0,0.0,22.1,0
2024-03-30,6.3,-2.7,0.3,0.3,0.0,15.6,0
2024-03-31,6.9,-0.2,0.0,0.0,0.0,17.7,0
2024-04-01,10.4,0.6,0.0,0.0,0.0,14.5,0
2024-04-02,5.8,4.3,3.8,3.8,0.0,39.2,0
2024-04-03,6.0,1.6,44.8,42.4,1.68,37.9,0
2024-04-04,3.9,0.3,7.6,7.2,0.28,27.9,0
2024-04-05,6.3,-0.4,1.6,0.7,0.63,25.8,0
2024-04-06,12.4,2.4,0.0,0.0,0.0,25.0,0
2024-04-07,12.5,1.8,0.0,0.0,0.0,20.2,0
2024-04-08,12.0,3.0,0.1,0.1,0.0,12.7,0
2024-04-09,15.0,3.3,0.0,0.0,0.0,17.6,0
2024-04-10,16.6,6.1,0.0,0.0,0.0,17.4,0
2024-04-11,12.4,7.7,17.2,17.2,0.0,23.9,0
2024-04-12,11.6,4.9,33.1,33.1,0.0,33.5,0
2024-04-13,12.3,3.5,5.5,5.5,0.0,34.9,0
2024-04-14,14.8,4.7,4.7,4.7,0.0,15.5,0
2024-04-15,16.8,4.3,0.1,0.1,0.0,24.6,0
2024-04-16,14.4,4.7,0.0,0.0,0.0,18.1,0
2024-04-17,8.6,4.6,10.5,10.5,0.0,35.9,0
2024-04-18,16.5,7.2,1.4,1.4,0.0,26.5,0
2024-04-19,16.0,6.6,1.9,1.9,0.0,27.2,0
2024-04-20,9.6,3.5,0.8,0.8,0.0,27.0,0
2024-04-21,9.7,0.8,0.1,0.1,0.0,26.5,0
2024-04-22,10.4,-0.6,0.0,0.0,0.0,21.7,0
2024-04-23,16.2,6.8,3.7,3.7,0.0,31.7,0
2024-04-24,9.5,1.6,2.9,2.9,0.0,24.1,0
2024-04-25,7.0,-0.7,0.0,0.0,0.0,15.9,0
2024-04-26,10.4,-1.9,0.0,0.0,0.0,24.4,0
2024-04-27,15.6,6.2,7.8,7.8,0.0,24.6,0
2024-04-28,20.6,12.1,2.9,2.9,0.0,21.0,0
2024-04-29,12.1,7.8,7.9,7.9,0.0,22.1,0
2024-04-30,14.4,8.3,9.6,9.6,0.0,12.4,0
2024-05-01,14.3,6.2,0.0,0.0,0.0,20.5,0
2024-05-02,16.9,10.2,0.0,0.0,0.0,24.2,0
2024-05-03,15.2,8.8,2.2,2.2,0.0,21.7,0
2024-05-04,16.8,11.3,0.0,0.0,0.0,20.1,0
2024-05-05,18.2,11.1,11.0,11.0,0.0,12.7,0
2024-05-06,18.9,8.4,0.0,0.0,0.0,20.0,0
2024-05-07,17.7,7.3,0.5,0.5,0.0,16.1,0
2024-05-08,20.5,9.4,1.5,1.5,0.0,34.2,0
2024-05-09,14.4,7.4,0.3,0.3,0.0,12.2,0
2024-05-10,15.5,7.8,0.2,0.2,0.0,11.6,0
2024-05-11,15.1,6.5,2.5,2.5,0.0,17.3,0
2024-05-12,16.5,8.0,0.9,0.9,0.0,19.5,0
2024-05-13,22.0,9.6,0.7,0.7,0.0,21.8,0
2024-05-14,19.9,12.3,4.1,4.1,0.0,12.5,0
2024-05-15,18.9,11.2,0.3,0.3,0.0,17.8,0
2024-05-16,19.6,10.7,0.0,0.0,0.0,11.3,0
2024-05-17,17.9,11.7,6.9,6.9,0.0,14.7,0
2024-05-18,19.9,12.5,0.1,0.1,0.0,11.8,0
2024-05-19,20.4,11.7,0.0,0.0,0.0,9.7,0
2024-05-20,23.8,11.6,0.5,0.5,0.0,10.4,0
2024-05-21,26.3,15.1,2.1,2.1,0.0,16.2,0
2024-05-22,24.9,14.6,6.8,6.8,0.0,25.8,0
2024-05-23,24.7,14.8,0.0,0.0,0.0,21.9,0
2024-05-24,23.3,14.1,0.0,0.0,0.0,16.6,0
2024-05-25,19.2,12.3,3.6,3.6,0.0,17.4,0
2024-05-26,20.9,11.9,0.0,0.0,0.0,29.0,0
2024-05-27,23.6,15.0,34.3,34.3,0.0,31.3,0
2024-05-28,20.2,13.9,1.4,1.4,0.0,20.7,0
2024-05-29,19.8,11.6,0.2,0.2,0.0,21.3,0
2024-05-30,19.0,8.8,0.0,0.0,0.0,23.3,0
2024-05-31,21.3,9.3,0.0,0.0,0.0,21.9,0
2024-06-01,21.7,8.2,0.0,0.0,0.0,11.0,0
2024-06-02,18.4,14.2,3.6,3.6,0.0,9.7,0
2024-06-03,21.5,15.3,1.2,1.2,0.0,10.9,0
2024-06-04,23.5,14.2,0.0,0.0,0.0,11.6,0
2024-06-05,23.3,16.0,2.8,2.8,0.0,16.3,0
2024-06-06,24.1,17.4,3.3,3.3,0.0,20.4,0
2024-06-07,20.3,14.8,4.8,4.8,0.0,20.9,0
2024-06-08,21.2,12.7,2.3,2.3,0.0,25.0,0
2024-06-09,18.5,11.6,6.4,6.4,0.0,22.0,0
2024-06-10,17.6,11.4,0.6,0.6,0.0,21.4,0
2024-06-11,16.4,10.7,0.0,0.0,0.0,13.6,0
2024-06-12,20.8,11.3,0.0,0.0,0.0,14.1,0
2024-06-13,27.7,16.0,8.9,8.9,0.0,28.5,0
2024-06-14,24.3,15.4,0.2,0.2,0.0,19.8,0
2024-06-15,21.7,12.9,0.0,0.0,0.0,18.4,0
2024-06-16,20.8,12.3,0.0,0.0,0.0,17.3,0
2024-06-17,28.8,14.5,0.2,0.2,0.0,22.4,0
2024-06-18,29.7,20.2,0.1,0.1,0.0,18.6,0
2024-06-19,30.4,21.5,0.0,0.0,0.0,17.3,0
2024-06-20,27.5,21.8,15.9,15.9,0.0,16.4,0
2024-06-21,24.7,20.4,3.2,3.2,0.0,15.8,0
2024-06-22,22.8,18.1,5.6,5.6,0.0,16.5,0
2024-06-23,27.8,18.1,3.6,3.6,0.0,36.7,0
2024-06-24,27.6,16.8,0.0,0.0,0.0,23.2,0
2024-06-25,24.8,15.4,4.1,4.1,0.0,29.1,0
2024-06-26,28.6,17.8,6.5,6.5,0.0,19.2,0
2024-06-27,22.4,14.3,0.0,0.0,0.0,20.5,0
2024-06-28,22.0,11.3,0.1,0.1,0.0,20.2,0
2024-06-29,27.4,17.4,10.9,10.9,0.0,26.4,0
2024-06-30,22.2,14.9,0.1,0.1,0.0,27.6,0
2024-07-01,24.1,11.5,0.0,0.0,0.0,15.2,0
2024-07-02,23.3,12.9,0.0,0.0,0.0,18.0,0
2024-07-03,27.6,19.4,5.1,5.1,0.0,27.2,0
2024-07-04,28.2,18.2,0.1,0.1,0.0,15.5,0
2024-07-05,27.5,18.3,3.1,3.1,0.0,13.7,0
2024-07-06,27.5,18.8,1.5,1.5,0.0,20.1,0
2024-07-07,25.7,16.2,0.2,0.2,0.0,13.4,0
2024-07-08,27.1,16.5,0.0,0.0,0.0,14.2,0
2024-07-09,28.6,20.4,0.5,0.5,0.0,14.8,0
2024-07-10,23.5,20.1,28.2,28.2,0.0,23.7,0
2024-07-11,26.5,19.2,10.9,10.9,0.0,22.4,0
2024-07-12,26.1,17.3,0.4,0.4,0.0,11.6,0
2024-07-13,26.5,17.9,0.2,0.2,0.0,15.7,0
2024-07-14,27.6,17.2,4.7,4.7,0.0,18.8,0
2024-07-15,25.9,20.1,6.4,6.4,0.0,17.6,0
2024-07-16,29.2,20.6,11.5,11.5,0.0,19.2,0
2024-07-17,27.0,19.6,1.7,1.7,0.0,18.1,0
2024-07-18,22.8,15.7,0.0,0.0,0.0,19.9,0
2024-07-19,23.1,12.9,0.0,0.0,0.0,19.8,0
2024-07-20,25.6,14.5,0.3,0.3,0.0,19.9,0
2024-07-21,26.0,17.2,0.9,0.9,0.0,15.1,0
2024-07-22,26.2,15.4,0.0,0.0,0.0,16.0,0
2024-07-23,26.5,17.9,0.4,0.4,0.0,13.3,0
2024-07-24,26.4,18.6,2.0,2.0,0.0,24.6,0
2024-07-25,24.3,15.7,0.0,0.0,0.0,19.7,0
2024-07-26,25.3,15.3,0.0,0.0,0.0,15.9,0
2024-07-27,26.4,15.0,0.0,0.0,0.0,13.0,0
2024-07-28,28.2,16.6,0.0,0.0,0.0,12.6,0
2024-07-29,28.3,18.2,0.0,0.0,0.0,12.7,0
2024-07-30,27.9,20.8,7.7,7.7,0.0,14.5,0
2024-07-31,31.1,20.8,1.1,1.1,0.0,17.4,0
2024-08-01,29.1,20.7,0.0,0.0,0.0,10.7,0
2024-08-02,26.6,21.3,13.2,13.2,0.0,9.4,0
2024-08-03,28.0,21.2,0.0,0.0,0.0,15.7,0
2024-08-04,31.1,19.7,0.0,0.0,0.0,17.2,0
2024-08-05,25.9,19.4,3.4,3.4,0.0,14.2,0
2024-08-06,21.0,17.9,5.7,5.7,0.0,15.5,0
2024-08-07,23.4,16.4,0.0,0.0,0.0,18.4,0
2024-08-08,24.2,18.4,6.2,6.2,0.0,20.5,0
2024-08-09,28.8,18.6,14.6,14.6,0.0,22.9,0
2024-08-10,23.9,16.2,0.3,0.3,0.0,27.8,0
2024-08-11,22.1,15.1,1.5,1.5,0.0,29.5,0
2024-08-12,24.8,15.0,0.3,0.3,0.0,16.7,0
2024-08-13,26.0,16.0,0.1,0.1,0.0,14.0,0
2024-08-14,27.6,16.6,0.0,0.0,0.0,14.1,0
2024-08-15,26.9,17.2,0.0,0.0,0.0,12.6,0
2024-08-16,26.9,19.0,4.5,4.5,0.0,18.9,0
2024-08-17,24.8,21.2,2.9,2.9,0.0,20.9,0
2024-08-18,25.4,19.8,6.9,6.9,0.0,24.6,0
2024-08-19,20.2,14.9,0.5,0.5,0.0,26.8,0
2024-08-20,19.3,12.5,0.0,0.0,0.0,25.8,0
2024-08-21,21.0,12.3,0.0,0.0,0.0,20.9,0
2024-08-22,24.9,13.4,0.1,0.1,0.0,16.4,0
2024-08-23,24.1,12.6,0.0,0.0,0.0,24.4,0
2024-08-24,24.7,13.2,0.1,0.1,0.0,15.3,0
2024-08-25,25.7,15.9,0.1,0.1,0.0,10.8,0
2024-08-26,26.3,16.7,0.0,0.0,0.0,11.5,0
2024-08-27,29.9,19.5,0.3,0.3,0.0,14.1,0
2024-08-28,24.6,18.7,1.5,1.5,0.0,18.4,0
2024-08-29,20.6,17.2,0.0,0.0,0.0,13.0,0
2024-08-30,24.5,15.9,0.0,0.0,0.0,12.1,0
2024-08-31,27.7,19.1,6.7,6.7,0.0,17.0,0
2024-09-01,26.1,16.6,0.3,0.3,0.0,23.7,0
2024-09-02,20.2,13.1,0.0,0.0,0.0,20.3,0
2024-09-03,22.0,10.2,0.0,0.0,0.0,19.7,0
2024-09-04,23.7,12.2,0.0,0.0,0.0,11.6,0
2024-09-05,24.7,16.9,0.0,0.0,0.0,17.1,0
2024-09-06,24.6,14.9,15.0,15.0,0.0,20.9,0
2024-09-07,16.3,10.5,6.7,6.7,0.0,27.8,0
2024-09-08,19.0,9.3,0.2,0.2,0.0,31.8,0
2024-09-09,19.4,13.6,9.6,9.6,0.0,15.9,0
2024-09-10,21.1,11.1,0.0,0.0,0.0,12.6,0
2024-09-11,22.5,12.0,0.0,0.0,0.0,10.2,0
2024-09-12,23.9,14.3,0.0,0.0,0.0,11.0,0
2024-09-13,25.2,15.5,0.0,0.0,0.0,10.2,0
2024-09-14,23.9,16.7,0.0,0.0,0.0,11.2,0
2024-09-15,24.4,17.2,0.0,0.0,0.0,11.5,0
2024-09-16,24.5,15.9,0.0,0.0,0.0,9.2,0
2024-09-17,23.2,16.5,0.0,0.0,0.0,11.2,0
2024-09-18,22.9,16.5,0.0,0.0,0.0,13.0,0
2024-09-19,23.8,15.6,0.0,0.0,0.0,11.5,0
2024-09-20,23.3,15.4,0.1,0.1,0.0,14.5,0
2024-09-21,23.6,16.1,3.2,3.2,0.0,14.2,0
2024-09-22,23.1,15.7,1.0,1.0,0.0,14.1,0
2024-09-23,21.8,17.8,19.4,19.4,0.0,19.3,0
2024-09-24,19.1,17.2,6.8,6.8,0.0,21.3,0
2024-09-25,21.9,17.3,12.9,12.9,0.0,22.7,0
2024-09-26,23.8,15.3,0.0,0.0,0.0,12.3,0
2024-09-27,21.3,14.7,0.0,0.0,0.0,18.5,0
2024-09-28,21.2,18.0,0.4,0.4,0.0,26.1,0
2024-09-29,22.5,17.4,0.4,0.4,0.0,16.8,0
2024-09-30,21.0,15.9,0.0,0.0,0.0,15.8,0
2024-10-01,22.0,14.3,15.3,15.3,0.0,30.4,0
2024-10-02,19.0,11.6,6.0,6.0,0.0,25.6,0
2024-10-03,22.5,10.3,0.0,0.0,0.0,18.1,0
2024-10-04,21.2,11.3,1.7,1.7,0.0,14.5,0
2024-10-05,18.4,9.0,0.0,0.0,0.0,13.5,0
2024-10-06,21.7,14.1,29.3,29.3,0.0,22.6,0
2024-10-07,16.6,9.2,0.1,0.1,0.0,23.5,0
2024-10-08,16.1,8.2,0.1,0.1,0.0,23.4,0
2024-10-09,13.9,6.1,0.1,0.1,0.0,27.3,0
2024-10-10,14.1,4.9,0.0,0.0,0.0,16.8,0
2024-10-11,21.0,5.0,0.0,0.0,0.0,30.5,0
2024-10-12,18.4,8.4,0.0,0.0,0.0,26.4,0
2024-10-13,13.1,7.8,1.7,1.7,0.0,23.4,0
2024-10-14,10.1,5.6,1.3,1.3,0.0,26.4,0
2024-10-15,10.5,3.2,0.3,0.3,0.0,24.2,0
2024-10-16,10.5,4.5,0.0,0.0,0.0,20.1,0
2024-10-17,13.3,2.2,0.0,0.0,0.0,13.4,0
2024-10-18,16.3,2.7,0.0,0.0,0.0,11.8,0
2024-10-19,17.1,4.2,0.0,0.0,0.0,15.6,0
2024-10-20,20.6,8.3,0.0,0.0,0.0,18.8,0
2024-10-21,23.1,13.8,0.0,0.0,0.0,14.9,0
2024-10-22,20.8,10.6,0.0,0.0,0.0,16.8,0
2024-10-23,21.6,10.5,0.2,0.2,0.0,26.5,0
2024-10-24,11.2,5.0,0.0,0.0,0.0,18.1,0
2024-10-25,13.3,4.8,1.9,1.9,0.0,18.9,0
2024-10-26,11.8,5.2,0.5,0.5,0.0,25.4,0
2024-10-27,12.5,2.2,0.0,0.0,0.0,16.7,0
2024-10-28,10.4,2.8,0.1,0.1,0.0,23.5,0
2024-10-29,16.4,7.1,9.3,9.3,0.0,17.7,0
2024-10-30,21.2,14.9,0.0,0.0,0.0,27.2,0
2024-10-31,21.5,15.8,0.4,0.4,0.0,32.5,0
2024-11-01,18.0,6.9,0.0,0.0,0.0,29.5,0
2024-11-02,9.5,2.9,0.0,0.0,0.0,16.3,0
2024-11-03,9.8,2.7,0.0,0.0,0.0,24.9,0
2024-11-04,15.6,9.8,0.4,0.4,0.0,24.2,0
2024-11-05,20.6,14.8,0.3,0.3,0.0,28.4,0
2024-11-06,20.4,13.9,1.9,1.9,0.0,28.5,0
2024-11-07,13.9,9.2,0.0,0.0,0.0,18.9,0
2024-11-08,12.7,5.0,0.0,0.0,0.0,28.5,0
2024-11-09,7.7,0.4,0.0,0.0,0.0,10.5,0
2024-11-10,12.8,5.7,6.4,6.4,0.0,23.7,0
2024-11-11,13.6,7.6,0.4,0.4,0.0,27.9,0
2024-11-12,7.0,1.9,0.0,0.0,0.0,25.5,0
2024-11-13,7.1,1.5,0.0,0.0,0.0,23.2,0
2024-11-14,9.2,6.6,1.9,1.9,0.0,23.0,0
2024-11-15,9.1,6.5,2.2,2.2,0.0,13.0,0
2024-11-16,10.8,5.0,0.0,0.0,0.0,18.4,0
2024-11-17,10.3,2.3,0.1,0.1,0.0,16.2,0
2024-11-18,12.7,6.0,0.5,0.5,0.0,13.6,0
2024-11-19,9.1,5.1,0.8,0.8,0.0,22.6,0
2024-11-20,10.2,5.8,14.1,14.1,0.0,25.6,0
2024-11-21,5.6,2.7,4.3,4.3,0.0,23.3,0
2024-11-22,6.9,4.0,1.7,1.7,0.0,20.2,0
2024-11-23,8.2,3.0,0.0,0.0,0.0,18.8,0
2024-11-24,6.6,1.9,0.0,0.0,0.0,18.4,0
2024-11-25,6.9,-0.1,1.2,1.2,0.0,18.7,0
2024-11-26,7.7,3.6,2.8,2.8,0.0,25.6,0
2024-11-27,4.3,0.5,0.0,0.0,0.0,21.9,0
2024-11-28,5.4,1.0,1.6,0.2,0.98,17.3,0
2024-11-29,1.6,-1.1,0.1,0.0,0.14,22.1,0
2024-11-30,0.6,-1.9,0.3,0.0,0.21,25.9,0
2024-12-01,1.9,-2.7,0.1,0.0,0.07,22.1,0
2024-12-02,3.3,-3.4,0.0,0.0,0.0,11.8,0
2024-12-03,1.9,-2.7,0.1,0.0,0.07,13.0,0
2024-12-04,1.7,-1.1,3.1,0.2,2.03,32.5,0
2024-12-05,1.4,-4.0,1.6,0.1,1.05,29.9,0
2024-12-06,-1.9,-6.7,0.0,0.0,0.0,22.0,0
2024-12-07,2.4,-2.6,2.5,0.5,1.4,25.0,0
2024-12-08,6.3,2.3,0.1,0.1,0.0,23.3,0
2024-12-09,4.2,0.8,10.7,10.7,0.0,25.9,0
2024-12-10,6.7,2.9,5.0,5.0,0.0,9.7,0
2024-12-11,4.7,-0.3,1.9,1.9,0.0,20.2,0
2024-12-12,-0.6,-6.5,0.0,0.0,0.0,34.1,0
2024-12-13,-3.3,-7.8,0.0,0.0,0.0,16.8,0
2024-12-14,0.2,-8.0,0.0,0.0,0.0,22.1,0
2024-12-15,2.7,-0.7,1.1,1.1,0.0,21.8,0
2024-12-16,7.7,3.2,15.5,15.5,0.0,18.6,0
2024-12-17,9.1,2.8,0.8,0.8,0.0,25.6,0
2024-12-18,3.4,1.0,1.0,0.9,0.07,16.1,0
2024-12-19,0.7,-2.2,0.0,0.0,0.0,17.9,0
2024-12-20,-2.2,-4.0,3.1,0.1,2.1,17.1,0
2024-12-21,-4.3,-12.4,0.3,0.0,0.21,19.1,0
2024-12-22,-7.1,-16.8,0.0,0.0,0.0,9.9,0
2024-12-23,1.1,-7.0,6.1,0.3,4.06,20.2,0
2024-12-24,1.5,-2.1,2.9,0.3,1.82,11.6,0
2024-12-25,-0.6,-3.9,0.0,0.0,0.0,10.9,0
2024-12-26,0.4,-4.0,0.0,0.0,0.0,12.2,0
2024-12-27,2.6,0.2,0.0,0.0,0.0,20.2,0
2024-12-28,9.6,2.6,2.4,2.4,0.0,17.3,0
2024-12-29,10.2,2.5,21.5,21.5,0.0,23.8,0
2024-12-30,10.0,2.6,3.5,3.5,0.0,33.0,0
2024-12-31,4.0,-0.9,3.1,3.1,0.0,23.3,0
2025-01-01,3.9,0.4,2.0,2.0,0.0,23.0,0
2025-01-02,0.7,-2.5,0.0,0.0,0.0,25.0,0
2025-01-03,-0.2,-5.6,0.1,0.0,0.07,24.0,0
2025-01-04,-2.1,-5.3,0.8,0.0,0.56,31.9,0
2025-01-05,-1.9,-4.5,0.4,0.0,0.28,23.8,0
2025-01-06,-3.6,-9.9,0.0,0.0,0.0,17.9,0
2025-01-07,-4.9,-9.5,0.2,0.0,0.14,20.2,0
2025-01-08,-7.1,-12.9,0.1,0.0,0.07,20.8,0
2025-01-09,-7.0,-10.1,0.0,0.0,0.0,17.7,0
2025-01-10,-2.2,-11.7,1.9,0.0,1.33,13.8,0
2025-01-11,-1.9,-4.9,3.0,0.0,2.1,12.1,0
2025-01-12,0.5,-2.3,0.9,0.0,0.63,19.4,0
2025-01-13,1.3,-4.9,2.1,0.3,1.26,24.7,0
2025-01-14,-5.6,-8.2,0.0,0.0,0.0,27.1,0
2025-01-15,-3.3,-9.0,0.1,0.0,0.07,20.2,0
2025-01-16,-4.0,-7.7,1.5,0.0,1.05,19.3,0
2025-01-17,2.2,-3.4,0.1,0.0,0.07,23.3,0
2025-01-18,2.7,-3.9,3.9,2.9,0.7,22.6,0
2025-01-19,-4.2,-8.6,0.5,0.0,0.42,12.1,0
2025-01-20,-8.9,-15.3,0.0,0.0,0.0,24.1,0
2025-01-21,-11.1,-15.3,0.0,0.0,0.0,22.8,0
2025-01-22,-7.7,-18.3,0.7,0.0,0.49,24.6,0
2025-01-23,-4.4,-7.6,1.1,0.0,0.77,21.8,0
2025-01-24,-5.6,-12.4,0.2,0.0,0.14,14.5,0
2025-01-25,-1.6,-9.6,0.0,0.0,0.0,26.2,0
2025-01-26,-0.4,-3.5,0.6,0.0,0.42,27.3,0
2025-01-27,-0.1,-5.4,0.7,0.0,0.49,31.5,0
2025-01-28,0.7,-11.4,3.4,0.0,2.38,24.6,0
2025-01-29,2.1,-9.2,1.7,0.5,0.84,28.9,0
2025-01-30,-0.2,-12.3,0.0,0.0,0.0,13.3,0
2025-01-31,1.9,-1.9,0.8,0.0,0.56,20.5,0
2025-02-01,-3.9,-14.5,0.0,0.0,0.0,21.9,0
2025-02-02,-2.2,-13.0,1.2,0.1,0.77,21.1,0
2025-02-03,1.5,-4.9,4.2,2.1,1.47,13.1,0
2025-02-04,-0.3,-9.3,0.4,0.0,0.28,22.2,0
2025-02-05,-5.9,-10.7,0.0,0.0,0.0,12.8,0
2025-02-06,0.7,-5.1,2.6,0.1,1.75,28.9,0
2025-02-07,-0.1,-7.8,0.6,0.0,0.42,29.6,0
2025-02-08,-2.1,-10.3,5.1,0.1,3.5,17.9,0
2025-02-09,-0.6,-5.0,5.2,0.0,3.64,19.4,0
2025-02-10,-4.8,-7.8,0.0,0.0,0.0,16.4,0
2025-02-11,-3.8,-9.9,0.2,0.0,0.14,13.3,0
2025-02-12,-2.2,-10.3,7.0,0.1,4.83,31.7,0
2025-02-13,1.9,-5.9,12.0,2.9,6.37,25.3,0
2025-02-14,-5.6,-8.0,0.0,0.0,0.0,22.4,0
2025-02-15,-0.2,-9.0,8.4,0.0,5.95,22.0,0
2025-02-16,-3.1,-7.5,19.8,0.0,13.86,24.6,0
2025-02-17,-7.5,-11.4,0.3,0.0,0.21,30.2,0
2025-02-18,-8.5,-12.4,2.0,0.1,1.33,26.6,0
2025-02-19,-8.5,-15.1,0.8,0.1,0.49,23.7,0
2025-02-20,-8.9,-12.4,0.6,0.0,0.42,17.2,0
2025-02-21,-6.6,-12.3,0.0,0.0,0.0,16.3,0
2025-02-22,-3.1,-11.0,0.1,0.0,0.07,20.3,0
2025-02-23,-0.2,-3.7,0.2,0.0,0.14,16.5,0
2025-02-24,4.1,-2.6,0.0,0.0,0.0,34.5,0
2025-02-25,4.1,1.7,0.3,0.3,0.0,15.9,0
2025-02-26,2.3,-4.2,0.0,0.0,0.0,15.2,0
2025-02-27,3.1,-0.6,5.4,1.6,2.66,18.4,0
2025-02-28,3.5,-7.9,1.3,0.2,0.77,23.0,0
2025-03-01,3.7,-11.7,0.1,0.0,0.07,28.3,0
2025-03-02,-5.9,-19.9,0.1,0.0,0.07,15.1,0
2025-03-03,1.0,-10.2,0.0,0.0,0.0,17.7,0
2025-03-04,4.1,-2.0,0.8,0.8,0.0,13.8,0
2025-03-05,6.7,1.9,15.1,15.1,0.0,21.8,0
2025-03-06,4.0,-4.9,1.5,1.0,0.35,34.9,0
2025-03-07,0.2,-3.8,0.1,0.0,0.07,25.7,0
2025-03-08,-1.4,-7.4,3.5,0.0,2.45,23.1,0
2025-03-09,4.6,-3.9,0.0,0.0,0.0,20.7,0
2025-03-10,7.7,0.4,0.0,0.0,0.0,22.3,0
2025-03-11,9.9,-1.8,0.0,0.0,0.0,19.0,0
2025-03-12,0.5,-4.6,0.0,0.0,0.0,19.2,0
2025-03-13,6.3,-1.5,0.0,0.0,0.0,14.7,0
2025-03-14,7.6,-1.2,0.0,0.0,0.0,17.3,0
2025-03-15,13.4,6.1,1.4,1.4,0.0,24.2,0
2025-03-16,13.8,3.6,24.2,24.2,0.0,35.5,0
2025-03-17,5.0,-2.3,0.0,0.0,0.0,18.7,0
2025-03-18,11.8,-0.1,0.0,0.0,0.0,15.8,0
2025-03-19,16.7,4.7,0.0,0.0,0.0,14.9,0
2025-03-20,11.3,0.8,2.3,2.3,0.0,27.5,0
2025-03-21,6.9,-2.0,0.0,0.0,0.0,20.6,0
2025-03-22,6.6,-4.0,0.1,0.1,0.0,27.4,0
2025-03-23,0.0,-4.2,0.0,0.0,0.0,23.1,0
2025-03-24,6.5,0.5,4.5,2.4,1.47,25.8,0
2025-03-25,3.6,-0.6,0.4,0.1,0.21,20.9,0
2025-03-26,2.5,-2.1,0.5,0.0,0.35,18.0,0
2025-03-27,9.5,-3.0,0.0,0.0,0.0,18.6,0
2025-03-28,4.0,-0.6,7.9,7.9,0.0,19.5,0
2025-03-29,2.5,0.3,7.5,7.5,0.0,20.7,0
2025-03-30,7.1,0.0,9.1,9.1,0.0,18.9,0
2025-03-31,11.4,0.1,0.9,0.9,0.0,24.5,0
2025-04-01,3.5,-2.4,0.0,0.0,0.0,16.3,0
2025-04-02,3.9,-0.6,13.7,8.8,3.43,32.1,0
2025-04-03,19.5,3.8,10.4,10.4,0.0,29.1,0
2025-04-04,9.1,1.1,0.0,0.0,0.0,10.1,0
2025-04-05,12.3,3.7,4.8,4.8,0.0,24.6,0
2025-04-06,6.0,0.9,0.0,0.0,0.0,17.9,0
2025-04-07,6.4,-2.1,0.1,0.1,0.0,28.4,0
2025-04-08,-1.4,-5.4,0.0,0.0,0.0,32.2,0
2025-04-09,5.3,-3.8,0.0,0.0,0.0,13.7,0
2025-04-10,3.7,-0.3,3.3,1.1,1.54,23.8,0
2025-04-11,5.6,1.5,0.4,0.4,0.0,15.3,0
2025-04-12,8.9,1.8,0.6,0.6,0.0,10.4,0
2025-04-13,12.2,1.6,0.0,0.0,0.0,11.7,0
2025-04-14,14.6,4.6,0.4,0.4,0.0,16.6,0
2025-04-15,11.2,2.4,0.6,0.6,0.0,28.1,0
2025-04-16,5.8,0.9,0.0,0.0,0.0,27.8,0
2025-04-17,9.6,-0.3,0.0,0.0,0.0,11.6,0
2025-04-18,17.4,3.3,1.8,1.8,0.0,19.4,0
2025-04-19,20.3,6.8,20.4,20.4,0.0,20.7,0
2025-04-20,9.1,1.6,0.0,0.0,0.0,16.7,0
2025-04-21,15.6,4.5,1.9,1.9,0.0,24.4,0
2025-04-22,13.9,6.3,0.0,0.0,0.0,24.1,0
2025-04-23,13.8,3.8,0.0,0.0,0.0,9.3,0
2025-04-24,20.9,7.0,0.8,0.8,0.0,12.7,0
2025-04-25,13.6,10.6,0.1,0.1,0.0,16.9,0
2025-04-26,11.9,5.4,2.1,2.1,0.0,32.3,0
2025-04-27,16.9,5.0,0.0,0.0,0.0,20.6,0
2025-04-28,17.7,4.6,0.0,0.0,0.0,11.9,0
2025-04-29,24.2,7.6,0.3,0.3,0.0,28.4,0
2025-04-30,10.2,1.4,0.0,0.0,0.0,26.0,0
2025-05-01,9.4,5.4,10.1,10.1,0.0,19.7,0
2025-05-02,20.0,7.1,1.7,1.7,0.0,21.9,0
2025-05-03,11.8,6.8,1.3,1.3,0.0,12.2,0
2025-05-04,14.5,6.4,1.5,1.5,0.0,16.0,0
2025-05-05,15.4,10.2,31.6,31.6,0.0,23.8,0
2025-05-06,17.4,9.0,4.1,4.1,0.0,23.1,0
2025-05-07,21.4,10.5,0.3,0.3,0.0,19.6,0
2025-05-08,10.9,6.9,0.1,0.1,0.0,17.8,0
2025-05-09,14.0,4.7,0.0,0.0,0.0,12.2,0
2025-05-10,20.1,5.7,0.0,0.0,0.0,19.7,0
2025-05-11,12.9,6.0,0.0,0.0,0.0,18.9,0
2025-05-12,22.8,6.8,0.0,0.0,0.0,11.2,0
2025-05-13,21.0,11.8,5.3,5.3,0.0,17.7,0
2025-05-14,16.7,11.4,2.0,2.0,0.0,20.8,0
2025-05-15,20.7,12.1,0.0,0.0,0.0,13.0,0
2025-05-16,28.4,11.9,0.8,0.8,0.0,14.0,0
2025-05-17,18.7,13.7,23.7,23.7,0.0,24.5,0
2025-05-18,16.1,11.0,0.0,0.0,0.0,22.5,0
2025-05-19,15.3,7.5,0.5,0.5,0.0,17.2,0
2025-05-20,13.4,5.4,0.0,0.0,0.0,15.4,0
2025-05-21,10.7,8.4,14.0,14.0,0.0,29.4,0
2025-05-22,10.8,7.6,40.6,40.6,0.0,26.1,0
2025-05-23,11.6,8.6,1.0,1.0,0.0,20.8,0
2025-05-24,14.9,8.7,0.9,0.9,0.0,21.3,0
2025-05-25,16.4,7.7,7.1,7.1,0.0,15.9,0
2025-05-26,18.5,8.8,0.1,0.1,0.0,12.0,0
2025-05-27,20.0,10.5,0.0,0.0,0.0,10.6,0
2025-05-28,15.6,10.9,6.3,6.3,0.0,18.3,0
2025-05-29,19.0,11.1,6.8,6.8,0.0,13.3,0
2025-05-30,23.3,12.6,0.4,0.4,0.0,14.9,0
2025-05-31,14.3,9.7,0.1,0.1,0.0,28.5,0
2025-06-01,16.0,7.2,0.1,0.1,0.0,23.6,0
2025-06-02,21.9,7.6,0.0,0.0,0.0,13.4,0
2025-06-03,23.9,12.7,0.0,0.0,0.0,20.4,0
2025-06-04,28.6,17.7,0.4,0.4,0.0,22.3,0
2025-06-05,22.0,15.1,18.3,18.3,0.0,12.8,0
2025-06-06,21.9,15.1,0.2,0.2,0.0,12.8,0
2025-06-07,23.9,15.5,1.0,1.0,0.0,18.2,0
2025-06-08,19.0,14.3,0.1,0.1,0.0,15.7,0
2025-06-09,19.6,13.1,3.3,3.3,0.0,16.4,0
2025-06-10,21.6,14.2,0.3,0.3,0.0,20.1,0
2025-06-11,24.6,14.2,0.1,0.1,0.0,22.1,0
2025-06-12,23.7,15.8,0.0,0.0,0.0,15.7,0
2025-06-13,18.0,12.9,0.0,0.0,0.0,16.0,0
2025-06-14,20.3,14.0,0.0,0.0,0.0,15.8,0
2025-06-15,22.7,15.8,0.0,0.0,0.0,14.9,0
2025-06-16,24.9,16.5,0.0,0.0,0.0,11.9,0
2025-06-17,24.4,14.7,0.7,0.7,0.0,11.6,0
2025-06-18,27.9,19.5,6.2,6.2,0.0,19.5,0
2025-06-19,25.1,17.7,5.2,5.2,0.0,34.7,0
2025-06-20,26.3,15.1,0.6,0.6,0.0,17.8,0
2025-06-21,26.9,16.2,5.2,5.2,0.0,22.3,0
2025-06-22,33.0,23.5,1.3,1.3,0.0,26.5,0
2025-06-23,35.8,23.7,0.0,0.0,0.0,18.0,0
2025-06-24,36.1,27.1,0.8,0.8,0.0,20.9,0
2025-06-25,29.4,23.1,0.0,0.0,0.0,11.9,0
2025-06-26,25.7,17.5,0.0,0.0,0.0,18.9,0
2025-06-27,23.6,16.3,13.3,13.3,0.0,19.7,0
2025-06-28,28.1,19.9,2.7,2.7,0.0,22.1,0
2025-06-29,25.6,15.3,0.0,0.0,0.0,11.4,0
2025-06-30,27.8,19.2,2.4,2.4,0.0,12.3,0
2025-07-01,28.8,21.3,0.0,0.0,0.0,15.4,0
2025-07-02,28.2,18.3,0.6,0.6,0.0,12.8,0
2025-07-03,25.9,18.9,3.8,3.8,0.0,22.2,0
2025-07-04,25.0,15.6,0.0,0.0,0.0,16.2,0
2025-07-05,30.4,18.6,0.2,0.2,0.0,16.5,0
2025-07-06,32.4,23.8,0.0,0.0,0.0,23.4,0
2025-07-07,31.6,20.9,0.0,0.0,0.0,16.8,0
2025-07-08,25.5,19.5,0.0,0.0,0.0,11.9,0
2025-07-09,25.7,19.4,3.9,3.9,0.0,12.7,0
2025-07-10,26.9,19.8,0.1,0.1,0.0,9.4,0
2025-07-11,28.2,20.5,0.0,0.0,0.0,12.3,0
2025-07-12,31.9,22.1,1.1,1.1,0.0,16.9,0
2025-07-13,31.0,23.8,1.3,1.3,0.0,15.9,0
2025-07-14,28.9,22.7,0.0,0.0,0.0,14.6,0
2025-07-15,30.4,21.2,0.0,0.0,0.0,13.1,0
2025-07-16,31.1,23.0,1.0,1.0,0.0,14.8,0
2025-07-17,28.8,18.0,0.3,0.3,0.0,29.0,0
2025-07-18,23.1,15.0,0.0,0.0,0.0,16.5,0
2025-07-19,26.4,17.6,0.0,0.0,0.0,11.4,0
2025-07-20,26.5,20.1,2.5,2.5,0.0,18.7,0
2025-07-21,23.7,16.7,0.0,0.0,0.0,15.9,0
2025-07-22,23.8,16.1,0.0,0.0,0.0,13.5,0
2025-07-23,27.7,17.8,0.0,0.0,0.0,10.8,0
2025-07-24,32.6,21.5,3.0,3.0,0.0,20.5,0
2025-07-25,29.9,23.3,2.0,2.0,0.0,11.8,0
2025-07-26,28.3,20.3,1.8,1.8,0.0,10.2,0
2025-07-27,33.0,22.0,7.7,7.7,0.0,16.9,0
2025-07-28,31.5,20.5,0.0,0.0,0.0,18.6,0
2025-07-29,30.1,22.3,0.0,0.0,0.0,13.1,0
2025-07-30,29.6,22.2,1.5,1.5,0.0,18.0,0
2025-07-31,23.4,18.1,4.7,4.7,0.0,13.6,0
2025-08-01,23.9,16.7,0.0,0.0,0.0,14.9,0
2025-08-02,25.6,16.4,0.0,0.0,0.0,16.2,0
2025-08-03,28.4,17.9,0.0,0.0,0.0,14.8,0
2025-08-04,27.7,19.1,0.0,0.0,0.0,14.7,0
2025-08-05,26.2,21.6,0.0,0.0,0.0,15.8,0
2025-08-06,26.4,20.8,0.0,0.0,0.0,16.3,0
2025-08-07,28.0,21.2,0.0,0.0,0.0,11.9,0
2025-08-08,28.9,22.0,0.0,0.0,0.0,15.7,0
2025-08-09,29.8,22.0,0.0,0.0,0.0,16.1,0
2025-08-10,31.0,23.1,0.0,0.0,0.0,17.0,0
2025-08-11,31.7,22.5,0.0,0.0,0.0,16.5,0
2025-08-12,29.8,22.8,3.4,3.4,0.0,20.5,0
2025-08-13,27.7,21.6,0.7,0.7,0.0,13.8,0
2025-08-14,25.9,19.1,0.0,0.0,0.0,14.0,0
2025-08-15,26.9,20.5,0.0,0.0,0.0,12.5,0
2025-08-16,29.0,19.1,0.0,0.0,0.0,12.5,0
2025-08-17,25.8,20.0,6.5,6.5,0.0,17.6,0
2025-08-18,20.2,14.4,0.0,0.0,0.0,15.6,0
2025-08-19,20.9,18.6,39.0,39.0,0.0,24.5,0
2025-08-20,21.7,18.2,7.5,7.5,0.0,23.3,0
2025-08-21,21.7,16.0,0.0,0.0,0.0,11.9,0
2025-08-22,25.1,16.2,0.0,0.0,0.0,11.5,0
2025-08-23,25.5,18.4,0.7,0.7,0.0,14.9,0
2025-08-24,23.6,17.1,0.7,0.7,0.0,15.9,0
2025-08-25,21.3,14.8,0.0,0.0,0.0,21.3,0
2025-08-26,19.9,12.8,4.5,4.5,0.0,18.8,0
2025-08-27,22.4,12.5,0.0,0.0,0.0,17.1,0
2025-08-28,18.3,13.3,8.6,8.6,0.0,15.0,0
2025-08-29,17.9,10.6,0.0,0.0,0.0,15.9,0
2025-08-30,21.5,11.1,0.0,0.0,0.0,13.4,0
2025-08-31,22.1,11.8,0.0,0.0,0.0,11.2,0
2025-09-01,23.5,14.0,0.0,0.0,0.0,10.1,0
2025-09-02,23.8,16.7,0.0,0.0,0.0,10.9,0
2025-09-03,25.3,16.4,0.0,0.0,0.0,17.9,0
2025-09-04,20.2,12.4,13.6,13.6,0.0,20.1,0
2025-09-05,21.2,12.0,2.6,2.6,0.0,29.7,0
2025-09-06,19.3,12.4,0.0,0.0,0.0,15.4,0
2025-09-07,17.8,11.3,0.4,0.4,0.0,19.4,0
2025-09-08,19.6,9.7,0.0,0.0,0.0,9.9,0
2025-09-09,20.2,12.2,0.0,0.0,0.0,9.7,0
2025-09-10,22.6,14.5,0.0,0.0,0.0,9.6,0
2025-09-11,24.5,14.7,0.0,0.0,0.0,11.7,0
2025-09-12,21.8,14.8,0.0,0.0,0.0,11.3,0
2025-09-13,22.4,15.3,0.3,0.3,0.0,13.0,0
2025-09-14,24.1,16.0,0.6,0.6,0.0,7.5,0
2025-09-15,22.3,16.0,0.0,0.0,0.0,10.2,0
2025-09-16,23.2,15.0,0.0,0.0,0.0,11.5,0
2025-09-17,23.6,14.7,0.0,0.0,0.0,7.4,0
2025-09-18,26.6,15.1,0.1,0.1,0.0,17.5,0
2025-09-19,20.7,13.8,0.0,0.0,0.0,13.3,0
2025-09-20,17.2,12.4,0.0,0.0,0.0,17.0,0
2025-09-21,22.6,14.9,2.8,2.8,0.0,17.8,0
2025-09-22,23.9,18.5,3.0,3.0,0.0,16.8,0
2025-09-23,23.7,18.7,5.7,5.7,0.0,9.7,0
2025-09-24,21.0,18.2,4.9,4.9,0.0,15.6,0
2025-09-25,21.5,17.5,2.6,2.6,0.0,15.9,0
2025-09-26,22.4,15.3,0.0,0.0,0.0,11.3,0
2025-09-27,22.3,16.2,0.0,0.0,0.0,15.7,0
2025-09-28,23.0,15.7,0.0,0.0,0.0,13.2,0
2025-09-29,22.4,12.1,0.0,0.0,0.0,7.6,0
2025-09-30,20.6,14.0,0.0,0.0,0.0,13.7,0
2025-10-01,16.9,9.9,0.0,0.0,0.0,15.2,0
2025-10-02,17.6,9.8,0.0,0.0,0.0,11.9,0
2025-10-03,21.6,8.5,0.0,0.0,0.0,6.5,0
2025-10-04,23.6,13.8,0.0,0.0,0.0,13.1,0
2025-10-05,25.6,15.4,0.0,0.0,0.0,15.9,0
2025-10-06,25.0,16.1,0.0,0.0,0.0,17.6,0
2025-10-07,22.6,14.8,15.5,15.5,0.0,18.2,0
2025-10-08,14.8,8.8,0.0,0.0,0.0,18.8,0
2025-10-09,12.1,4.6,0.0,0.0,0.0,10.9,0
2025-10-10,16.7,6.9,1.3,1.3,0.0,17.5,0
2025-10-11,16.4,12.3,3.9,3.9,0.0,16.4,0
2025-10-12,17.4,11.1,0.7,0.7,0.0,20.0,0
2025-10-13,17.2,12.2,0.0,0.0,0.0,15.7,0
2025-10-14,20.9,9.5,0.0,0.0,0.0,17.8,0
2025-10-15,14.2,8.5,0.0,0.0,0.0,14.9,0
2025-10-16,14.9,4.6,0.0,0.0,0.0,15.0,0
2025-10-17,12.5,4.6,3.2,3.2,0.0,11.7,0
2025-10-18,20.3,12.4,1.5,1.5,0.0,14.8,0
2025-10-19,21.1,14.5,11.1,11.1,0.0,29.4,0
2025-10-20,15.4,8.3,9.7,9.7,0.0,25.2,0
2025-10-21,15.6,5.8,1.1,1.1,0.0,21.1,0
2025-10-22,11.7,7.1,2.4,2.4,0.0,15.1,0
2025-10-23,11.9,7.2,3.2,3.2,0.0,16.3,0
2025-10-24,11.1,6.1,0.0,0.0,0.0,15.2,0
2025-10-25,11.4,3.4,0.0,0.0,0.0,12.2,0
2025-10-26,8.4,0.6,0.0,0.0,0.0,10.5,0
2025-10-27,9.5,2.7,0.0,0.0,0.0,14.5,0
2025-10-28,11.0,5.7,0.4,0.4,0.0,19.2,0
2025-10-29,10.9,3.9,0.0,0.0,0.0,13.7,0
2025-10-30,8.8,5.9,15.0,15.0,0.0,23.8,0
2025-10-31,8.3,5.2,7.1,7.1,0.0,27.2,0
2025-11-01,9.3,3.4,0.0,0.0,0.0,16.7,0
2025-11-02,9.8,0.3,0.0,0.0,0.0,10.9,0
2025-11-03,10.3,6.9,1.7,1.7,0.0,25.4,0
2025-11-04,13.4,5.1,0.0,0.0,0.0,20.4,0
2025-11-05,13.0,6.0,2.0,2.0,0.0,26.9,0
2025-11-06,7.1,2.5,0.0,0.0,0.0,19.7,0
2025-11-07,11.4,2.5,4.2,4.2,0.0,20.3,0
2025-11-08,9.3,1.5,0.0,0.0,0.0,20.7,0
2025-11-09,1.5,-1.8,9.5,0.0,6.65,20.9,0
2025-11-10,-1.9,-4.5,1.4,0.0,0.98,18.7,0
2025-11-11,2.6,-3.9,0.8,0.0,0.56,17.7,0
2025-11-12,7.6,1.5,0.2,0.1,0.07,20.0,0
2025-11-13,7.4,3.1,0.1,0.1,0.0,23.8,0
2025-11-14,8.8,2.0,0.0,0.0,0.0,11.0,0
2025-11-15,11.0,2.7,3.2,3.2,0.0,24.3,0
2025-11-16,8.3,0.1,0.0,0.0,0.0,32.0,0
2025-11-17,4.1,-0.1,0.0,0.0,0.0,23.9,0
2025-11-18,5.7,0.3,0.0,0.0,0.0,10.4,0
2025-11-19,5.5,-1.1,0.0,0.0,0.0,8.6,0
2025-11-20,5.7,-0.5,0.0,0.0,0.0,8.8,0
2025-11-21,9.6,3.1,0.6,0.6,0.0,18.4,0
2025-11-22,5.5,1.1,0.0,0.0,0.0,10.6,0
2025-11-23,8.4,2.2,2.1,1.8,0.21,21.5,0
2025-11-24,6.9,0.5,0.0,0.0,0.0,16.6,0
2025-11-25,8.6,4.9,4.7,4.7,0.0,12.9,0
2025-11-26,10.9,2.0,0.3,0.3,0.0,26.1,0
2025-11-27,3.0,0.3,0.3,0.0,0.21,30.7,0
2025-11-28,1.7,-1.7,0.1,0.0,0.07,24.1,0
2025-11-29,1.2,-3.5,0.0,0.0,0.0,18.3,0
2025-11-30,3.7,0.5,8.3,2.3,4.2,27.5,0
2025-12-01,-0.0,-5.3,0.1,0.0,0.07,22.5,0
2025-12-02,0.7,-4.0,1.9,0.0,1.33,13.3,0
2025-12-03,1.9,-6.2,0.5,0.0,0.35,25.6,0
2025-12-04,-1.1,-10.8,0.5,0.0,0.35,24.3,0
2025-12-05,-0.4,-12.9,0.0,0.0,0.0,17.9,0
2025-12-06,1.4,-0.6,0.0,0.0,0.0,22.8,0
2025-12-07,0.1,-5.9,1.0,0.0,0.7,16.5,0
2025-12-08,-4.5,-13.7,0.0,0.0,0.0,15.7,0
2025-12-09,0.8,-10.6,1.6,0.0,1.12,27.0,0
2025-12-10,1.7,-3.7,12.7,1.7,7.7,28.0,0
2025-12-11,-4.2,-9.8,0.1,0.0,0.07,25.5,0
2025-12-12,-1.1,-10.2,0.0,0.0,0.0,18.9,0
2025-12-13,-1.4,-7.5,1.0,0.0,0.7,23.2,0
2025-12-14,-7.6,-11.8,0.0,0.0,0.0,18.0,0
2025-12-15,-5.1,-11.2,1.3,0.0,0.91,21.2,0
2025-12-16,0.3,-9.0,0.4,0.0,0.28,23.7,0
2025-12-17,4.6,-0.4,0.0,0.0,0.0,25.4,0
2025-12-18,8.2,-0.2,0.4,0.4,0.0,26.0,0
2025-12-19,9.1,-3.8,10.1,9.4,0.49,34.9,0
2025-12-20,3.6,-4.0,0.7,0.6,0.07,26.5,0
2025-12-21,2.8,-4.6,0.0,0.0,0.0,30.3,0
2025-12-22,2.4,-6.9,0.3,0.2,0.07,15.0,0
2025-12-23,3.1,0.7,9.6,2.7,4.83,18.5,0
2025-12-24,2.5,-1.7,0.0,0.0,0.0,24.6,0
2025-12-25,2.2,-6.4,0.0,0.0,0.0,18.1,0
2025-12-26,-1.6,-7.4,11.3,0.6,7.49,33.3,0
2025-12-27,-3.2,-8.8,0.0,0.0,0.0,14.3,0
2025-12-28,2.5,-3.3,26.8,26.8,0.0,20.9,0
2025-12-29,8.7,-7.9,7.1,6.4,0.49,36.4,0
2025-12-30,-3.6,-9.8,0.6,0.0,0.49,32.4,0
2025-12-31,-3.1,-7.4,1.2,0.0,0.84,24.9,0
2026-01-01,-7.1,-13.4,0.2,0.0,0.14,21.7,0
2026-01-02,-4.7,-9.0,0.2,0.0,0.14,21.7,0
2026-01-03,-2.8,-7.1,0.3,0.0,0.21,18.4,0
2026-01-04,-1.5,-5.8,0.6,0.0,0.42,17.8,0
2026-01-05,0.2,-5.7,2.7,0.1,1.82,18.0,0
2026-01-06,1.6,-5.3,14.3,9.7,3.22,22.2,0
2026-01-07,2.7,0.5,3.7,1.8,1.33,14.0,0
2026-01-08,4.4,1.5,0.0,0.0,0.0,13.7,0
2026-01-09,13.4,2.0,0.9,0.9,0.0,37.6,0
2026-01-10,3.0,-0.5,3.2,3.2,0.0,24.3,0
2026-01-11,2.3,-4.3,0.0,0.0,0.0,27.9,0
2026-01-12,0.8,-1.8,0.9,0.0,0.63,25.4,0
2026-01-13,4.8,-1.0,0.6,0.5,0.07,27.7,0
2026-01-14,5.3,-4.6,2.3,0.9,0.98,23.4,0
2026-01-15,-5.9,-13.7,17.8,0.0,12.46,23.9,0
2026-01-16,-1.2,-13.6,2.1,0.0,1.47,24.4,0
2026-01-17,1.9,-6.1,1.2,0.1,0.77,25.8,0
2026-01-18,-7.4,-10.9,0.0,0.0,0.0,21.8,0
2026-01-19,-5.6,-8.7,1.6,0.0,1.12,28.3,0
2026-01-20,-8.7,-13.8,0.1,0.0,0.07,27.4,0
2026-01-21,-0.4,-11.8,2.7,0.0,1.89,22.8,0
2026-01-22,-0.7,-8.9,0.8,0.0,0.56,25.9,0
2026-01-23,-8.1,-17.5,0.6,0.0,0.42,26.6,0
2026-01-24,-13.4,-24.6,0.0,0.0,0.0,11.0,0
2026-01-25,-7.1,-14.9,17.1,0.0,11.97,29.5,0
2026-01-26,-9.7,-15.2,0.7,0.0,0.56,21.2,0
2026-01-27,-9.8,-14.2,0.4,0.0,0.28,24.7,0
2026-01-28,-9.1,-11.7,0.0,0.0,0.0,22.6,0
2026-01-29,-11.6,-18.6,0.0,0.0,0.0,17.1,0
2026-01-30,-11.4,-24.8,0.0,0.0,0.0,13.8,0
2026-01-31,-10.7,-18.0,0.0,0.0,0.0,15.2,0
2026-02-01,-7.8,-17.9,0.0,0.0,0.0,15.5,0
2026-02-02,-5.4,-17.0,0.2,0.0,0.14,13.4,0
2026-02-03,-3.0,-8.6,0.5,0.0,0.35,19.1,0
2026-02-04,-6.5,-14.0,0.0,0.0,0.0,13.4,0
2026-02-05,-5.6,-14.4,0.0,0.0,0.0,15.8,0
2026-02-06,-2.4,-10.3,2.8,0.0,1.96,33.7,0
2026-02-07,-13.0,-20.2,0.4,0.0,0.42,35.4,0
2026-02-08,-16.1,-22.4,0.0,0.0,0.0,13.7,0
2026-02-09,-6.7,-22.3,0.0,0.0,0.0,9.4,0
2026-02-10,0.7,-6.2,1.0,0.1,0.63,16.5,0
2026-02-11,1.4,-3.2,0.2,0.0,0.14,23.5,0
2026-02-12,-3.6,-9.7,0.5,0.0,0.35,15.3,0
2026-02-13,-1.6,-14.4,1.1,0.0,0.77,14.1,0
2026-02-14,1.5,-5.6,0.0,0.0,0.0,13.0,0
2026-02-15,-0.7,-6.2,0.0,0.0,0.0,18.2,0
2026-02-16,2.1,-6.2,0.4,0.3,0.07,10.9,0
2026-02-17,3.8,-1.0,0.0,0.0,0.0,11.9,0
2026-02-18,1.3,-1.9,16.6,2.9,9.59,30.4,0
2026-02-19,2.0,-2.1,0.1,0.1,0.0,24.2,0
2026-02-20,2.8,1.1,8.2,8.0,0.14,28.7,0
2026-02-21,1.6,0.3,1.7,0.6,0.77,15.5,0
2026-02-22,0.2,-1.5,3.6,0.2,2.38,15.4,0
2026-02-23,-1.0,-9.9,0.3,0.0,0.21,28.3,0
2026-02-24,-2.6,-15.7,0.1,0.0,0.07,27.3,0
2026-02-25,1.5,-3.8,4.4,0.1,3.01,23.0,0
2026-02-26,-3.3,-10.0,0.0,0.0,0.0,16.8,0
2026-02-27,3.7,-8.3,0.3,0.3,0.0,20.0,0
2026-02-28,5.1,-5.9,1.2,1.0,0.14,28.1,0
2026-03-01,-6.1,-14.4,0.6,0.0,0.42,15.8,0
2026-03-02,-4.9,-20.6,0.0,0.0,0.0,9.6,0
2026-03-03,0.2,-8.7,0.0,0.0,0.0,9.8,0
2026-03-04,3.5,-5.8,0.0,0.0,0.0,11.1,0
2026-03-05,2.7,-3.1,4.7,4.7,0.0,22.6,0
2026-03-06,2.7,-0.2,1.5,1.5,0.0,21.9,0
2026-03-07,15.1,1.8,27.6,27.6,0.0,29.1,0
2026-03-08,12.4,2.1,0.2,0.2,0.0,21.5,0
2026-03-09,14.8,5.2,0.0,0.0,0.0,23.9,0
2026-03-10,16.8,6.8,0.5,0.5,0.0,18.6,0
2026-03-11,7.6,2.1,11.5,11.5,0.0,25.3,0
2026-03-12,1.5,-2.5,0.0,0.0,0.0,26.0,0
2026-03-13,2.4,-3.9,4.3,1.1,2.24,28.8,0
2026-03-14,1.4,-3.8,0.6,0.0,0.42,30.4,0
2026-03-15,8.5,-3.9,2.7,0.0,1.89,35.0,0
2026-03-16,11.1,-1.9,8.5,3.9,3.22,31.9,0
2026-03-17,-3.4,-10.2,0.5,0.0,0.35,32.3,0
2026-03-18,-0.4,-8.3,0.5,0.0,0.35,21.4,0
2026-03-19,8.6,-0.9,0.2,0.0,0.14,18.3,0
2026-03-20,6.5,-1.3,8.4,8.0,0.28,16.4,0
2026-03-21,4.6,-0.2,0.2,0.1,0.07,16.5,0
2026-03-22,7.1,0.7,3.4,3.4,0.0,15.5,0
2026-03-23,3.1,-3.0,1.4,0.0,0.98,20.6,0
2026-03-24,4.3,-4.9,0.0,0.0,0.0,15.0,0
2026-03-25,4.7,-1.6,0.6,0.5,0.07,11.6,0
2026-03-26,9.4,2.4,10.0,10.0,0.0,21.3,0
2026-03-27,1.4,-7.3,0.0,0.0,0.0,23.9,0
2026-03-28,1.4,-4.9,0.0,0.0,0.0,20.9,0
2026-03-29,8.5,-0.3,0.0,0.0,0.0,14.5,0
2026-03-30,16.9,2.7,0.9,0.9,0.0,17.1,0
2026-03-31,16.5,7.9,12.1,12.1,0.0,21.6,0
2026-04-01,12.2,1.2,0.0,0.0,0.0,22.5,0
2026-04-02,4.6,0.5,4.0,4.0,0.0,25.8,0
2026-04-03,22.3,4.6,17.2,17.2,0.0,27.4,0
2026-04-04,5.6,2.6,14.3,14.3,0.0,25.9,0
2026-04-05,9.4,1.5,3.9,3.9,0.0,26.8,0
2026-04-06,4.9,-0.2,1.7,0.3,0.98,18.0,0
2026-04-07,0.9,-4.7,1.5,0.0,1.05,28.9,0
2026-04-08,3.9,-5.1,0.0,0.0,0.0,13.8,0
2026-04-09,15.7,1.4,2.4,2.4,0.0,21.8,0
2026-04-10,7.8,3.1,5.8,5.8,0.0,15.2,0
2026-04-11,9.1,0.2,0.0,0.0,0.0,15.0,0
2026-04-12,9.0,1.4,2.2,1.8,0.28,12.9,0
2026-04-13,21.2,11.0,2.5,2.5,0.0,31.7,0
2026-04-14,21.6,8.2,3.7,3.7,0.0,25.9,0
2026-04-15,18.3,6.0,4.0,4.0,0.0,15.9,0
2026-04-16,19.5,9.6,6.2,6.2,0.0,16.2,0
2026-04-17,16.5,6.6,0.0,0.0,0.0,15.6,0
2026-04-18,19.4,6.0,5.4,5.4,0.0,23.4,0
2026-04-19,7.6,0.6,1.6,1.0,0.42,18.8,0
2026-04-20,4.3,-1.6,0.0,0.0,0.0,16.2,0
2026-04-21,9.9,-1.4,0.4,0.4,0.0,14.5,0
2026-04-22,15.7,3.7,0.0,0.0,0.0,13.4,0
2026-04-23,15.0,6.1,0.0,0.0,0.0,14.2,0
2026-04-24,9.6,5.6,0.0,0.0,0.0,19.8,0
2026-04-25,9.1,4.3,13.9,13.9,0.0,24.2,0
2026-04-26,12.0,3.2,0.0,0.0,0.0,8.8,0
2026-04-27,15.2,3.0,0.0,0.0,0.0,20.5,0
2026-04-28,13.9,10.5,7.6,7.6,0.0,22.5,0
2026-04-29,12.8,5.7,1.2,1.2,0.0,16.4,0
2026-04-30,11.1,4.4,0.3,0.3,0.0,17.0,0
2026-05-01,8.3,1.6,1.0,1.0,0.0,11.9,0
2026-05-02,7.6,1.2,1.5,1.4,0.07,15.1,0
2026-05-03,12.9,0.2,0.9,0.9,0.0,21.3,0
2026-05-04,18.9,8.6,0.1,0.1,0.0,22.2,0
2026-05-05,17.4,8.2,0.9,0.9,0.0,24.4,0
2026-05-06,9.3,4.8,3.0,3.0,0.0,15.3,0
2026-05-07,9.6,3.6,1.9,1.9,0.0,11.4,0
2026-05-08,10.9,3.3,1.3,0.7,0.42,15.2,0
2026-05-09,15.2,5.0,4.5,4.5,0.0,23.1,0
2026-05-10,13.2,5.0,0.0,0.0,0.0,21.3,0
2026-05-11,12.0,4.7,0.0,0.0,0.0,16.0,0
2026-05-12,12.4,2.9,1.1,1.1,0.0,12.5,0
2026-05-13,17.0,6.1,7.4,7.4,0.0,22.7,0
2026-05-14,11.8,6.9,0.4,0.4,0.0,22.0,0
2026-05-15,19.2,7.8,0.0,0.0,0.0,15.5,0
2026-05-16,19.0,10.2,0.1,0.1,0.0,20.4,0
2026-05-17,24.1,13.0,4.3,4.3,0.0,12.9,0
2026-05-18,28.0,13.2,0.6,0.6,0.0,22.5,0
2026-05-19,26.3,17.5,5.8,5.8,0.0,23.4,0
2026-05-20,23.1,10.6,0.0,0.0,0.0,22.5,0
2026-05-21,13.4,8.1,0.0,0.0,0.0,18.2,0
2026-05-22,15.8,8.8,0.0,0.0,0.0,21.1,0
2026-05-23,12.1,7.7,35.8,35.8,0.0,32.7,0
2026-05-24,14.4,7.7,4.3,4.3,0.0,26.0,0
2026-05-25,18.6,12.1,0.1,0.1,0.0,13.0,0
2026-05-26,25.0,14.3,0.0,0.0,0.0,20.2,0
2026-05-27,25.1,16.1,0.0,0.0,0.0,23.1,0
2026-05-28,21.0,13.2,0.0,0.0,0.0,21.0,0
2026-05-29,26.7,10.8,0.0,0.0,0.0,29.4,0
2026-05-30,20.2,10.1,0.0,0.0,0.0,21.4,0
2026-05-31,25.5,11.2,0.0,0.0,0.0,16.8,0
2026-06-01,19.2,13.1,0.0,0.0,0.0,16.1,0
2026-06-02,25.1,12.0,0.0,0.0,0.0,15.2,0
2026-06-03,26.7,15.1,0.0,0.0,0.0,15.7,0
2026-06-04,26.8,15.8,0.0,0.0,0.0,17.7,0
2026-06-05,27.6,17.5,0.9,0.9,0.0,24.7,0
2026-06-06,25.3,16.8,10.5,10.5,0.0,32.8,0
2026-06-07,23.3,15.5,0.0,0.0,0.0,15.8,0
2026-06-08,22.0,14.6,0.0,0.0,0.0,13.9,0
2026-06-09,23.8,15.3,4.2,4.2,0.0,11.1,0
2026-06-10,31.7,19.3,0.9,0.9,0.0,20.2,0
2026-06-11,30.2,20.8,2.2,2.2,0.0,19.1,0
2026-06-12,27.1,21.1,0.0,0.0,0.0,20.7,0
2026-06-13,27.5,18.2,0.3,0.3,0.0,22.3,0
2026-06-14,24.2,14.7,12.3,12.3,0.0,19.4,0
2026-06-15,20.3,9.6,0.0,0.0,0.0,19.7,0
2026-06-16,22.0,13.7,2.5,2.5,0.0,16.2,0
2026-06-17,20.5,14.7,9.7,9.7,0.0,17.6,0
2026-06-18,22.4,14.2,31.3,31.3,0.0,31.0,0
2026-06-19,22.0,15.0,1.3,1.3,0.0,23.7,0
2026-06-20,23.1,13.9,0.0,0.0,0.0,16.5,0
2026-06-21,21.8,12.4,0.2,0.2,0.0,14.5,0
2026-06-22,19.6,14.7,3.9,3.9,0.0,10.5,0
2026-06-23,24.5,13.4,0.6,0.6,0.0,17.1,0
2026-06-24,24.6,14.9,0.0,0.0,0.0,14.7,0
2026-06-25,19.9,15.7,0.2,0.2,0.0,14.5,0
2026-06-26,21.3,15.7,2.2,2.2,0.0,12.4,0
2026-06-27,24.1,15.9,0.0,0.0,0.0,10.5,0
2026-06-28,26.3,17.8,0.0,0.0,0.0,12.5,0
2026-06-29,27.9,18.9,0.0,0.0,0.0,11.7,0
2026-06-30,32.3,19.4,4.9,4.9,0.0,19.2,0
2026-07-01,36.1,24.0,0.7,0.7,0.0,20.3,0
2026-07-02,35.3,25.2,1.1,1.1,0.0,18.6,0
2026-07-03,30.7,25.3,9.6,9.6,0.0,14.5,0
2026-07-04,25.5,21.6,16.4,16.4,0.0,16.6,0
2026-07-05,24.5,20.5,0.0,0.0,0.0,12.7,0
2026-07-06,24.3,19.3,0.0,0.0,0.0,14.8,0
2026-07-07,24.0,19.5,0.0,0.0,0.0,13.1,0
2026-07-08,27.4,18.5,0.3,0.3,0.0,10.1,0
2026-07-09,28.1,20.9,6.8,6.8,0.0,8.3,0
2026-07-10,25.0,19.6,1.9,1.9,0.0,10.8,0
2026-07-11,25.5,19.6,1.4,1.4,0.0,12.0,0
2026-07-12,25.6,18.3,0.0,0.0,0.0,10.7,0
2026-07-13,30.3,16.9,0.0,0.0,0.0,15.0,0
2026-07-14,37.1,23.9,0.0,0.0,0.0,20.2,0
2026-07-15,30.9,24.5,0.7,0.7,0.0,17.9,0
2026-07-16,31.2,19.3,0.0,0.0,0.0,19.9,0
2026-07-17,25.4,18.8,0.4,0.4,0.0,13.2,0
2026-07-18,27.9,21.0,7.8,7.8,0.0,25.1,0
2026-07-19,24.2,16.4,0.0,0.0,0.0,19.9,0
2026-07-20,25.6,15.0,0.2,0.2,0.0,20.2,0
2026-07-21,23.3,19.7,35.8,35.8,0.0,21.9,0
2026-07-22,22.6,15.5,0.0,0.0,0.0,22.6,0
2026-07-23,24.4,13.2,0.0,0.0,0.0,15.7,0
2026-07-24,25.2,13.9,0.0,0.0,0.0,10.4,0
2026-07-25,25.7,18.0,0.0,0.0,0.0,9.1,0
2026-07-26,25.9,18.3,0.6,0.6,0.0,11.3,0
2026-07-27,26.8,18.6,1.7,1.7,0.0,16.3,0
2026-07-28,26.3,19.1,10.0,10.0,0.0,20.7,0
2026-07-29,27.8,18.6,0.0,0.0,0.0,21.1,0
2026-07-30,29.2,17.6,0.0,0.0,0.0,17.9,0
2026-07-31,27.6,17.4,0.0,0.0,0.0,11.3,0
2026-08-01,28.2,22.0,0.0,0.0,0.0,12.8,0
2026-08-02,23.9,18.2,13.0,13.0,0.0,21.7,0
2026-08-03,25.7,16.8,7.0,7.0,0.0,21.1,0
2026-08-04,25.2,13.6,0.0,0.0,0.0,10.0,0
2026-08-05,26.6,16.2,0.0,0.0,0.0,8.0,0
2026-08-06,26.7,18.6,1.5,1.5,0.0,9.9,0
2026-08-07,25.4,20.8,0.6,0.6,0.0,8.5,0
2026-08-08,27.2,20.4,1.2,1.2,0.0,15.2,0
2026-08-09,25.9,17.6,0.0,0.0,0.0,14.8,0
2026-08-10,27.9,19.7,4.1,4.1,0.0,15.5,0
2026-08-11,28.5,18.5,0.2,0.2,0.0,13.5,0
2026-08-12,24.5,18.0,16.8,16.8,0.0,9.7,0
2026-08-13,27.8,17.7,0.1,0.1,0.0,10.1,0
2026-08-14,27.1,17.1,1.0,1.0,0.0,9.2,0
2026-08-15,23.1,20.1,0.8,0.8,0.0,16.9,0
2026-08-16,24.7,18.8,0.6,0.6,0.0,14.8,0
2026-08-17,27.0,20.1,0.0,0.0,0.0,16.5,0
2026-08-18,25.2,16.3,0.0,0.0,0.0,16.5,0
2026-08-19,22.5,18.4,2.2,2.2,0.0,13.7,1
2026-08-20,25.5,15.8,0.0,0.0,0.0,14.9,1
